"Date","Price","Open","High","Low","Vol.","Change %"
"06/15/2026","30,775.75","30,775.75","30,911.25","30,342.25","6.65K","1.40%"
"06/14/2026","30,349.50","30,349.50","30,390.00","30,262.00","15.18K","2.32%"
"06/12/2026","29,662.00","29,456.75","29,760.00","29,230.00","499.15K","0.67%"
"06/11/2026","29,464.75","28,455.00","29,544.25","28,265.75","738.25K","3.19%"
"06/10/2026","28,554.00","29,094.75","29,250.00","28,409.00","772.66K","-1.93%"
"06/09/2026","29,117.00","29,435.00","29,848.25","28,227.75","1.08M","-1.15%"
"06/08/2026","29,454.75","28,844.50","29,743.00","28,822.25","846.02K","1.48%"
"06/05/2026","29,026.50","30,414.00","30,422.00","28,781.25","1.04M","-4.79%"
"06/04/2026","30,488.25","30,453.00","30,603.25","30,151.00","684.30K","-0.47%"
"06/03/2026","30,633.25","30,741.75","30,807.75","30,478.25","638.77K","-0.26%"
"06/02/2026","30,712.75","30,544.75","30,763.25","30,317.75","525.21K","0.48%"
"06/01/2026","30,566.25","30,415.50","30,693.00","30,291.50","568.79K","0.53%"
"05/29/2026","30,405.25","30,328.00","30,536.00","30,216.50","578.99K","0.32%"
"05/28/2026","30,307.00","30,120.00","30,344.50","29,763.00","564.55K","0.86%"
"05/27/2026","30,047.25","30,050.00","30,379.00","29,877.50","637.38K","-0.09%"
"05/26/2026","30,073.50","29,676.25","30,118.75","29,676.25","668.52K","1.74%"
"05/22/2026","29,558.75","29,444.00","29,749.00","29,436.00","495.13K","0.38%"
"05/21/2026","29,447.25","29,253.00","29,554.00","29,113.00","612.22K","0.19%"
"05/20/2026","29,390.50","28,929.75","29,397.50","28,797.25","606.38K","1.61%"
"05/19/2026","28,924.25","29,100.00","29,188.50","28,663.00","717.47K","-0.59%"
"05/18/2026","29,096.00","29,135.00","29,419.75","28,814.75","854.44K","-0.46%"
"05/15/2026","29,231.75","29,690.00","29,734.00","29,089.75","750.78K","-1.54%"
"05/14/2026","29,687.75","29,537.00","29,782.00","29,448.25","611.77K","0.71%"
"05/13/2026","29,479.25","29,143.75","29,565.50","29,055.50","570.74K","1.06%"
"05/12/2026","29,170.00","29,399.00","29,455.75","28,742.00","719.82K","-0.86%"
"05/11/2026","29,424.00","29,294.00","29,480.00","29,225.75","558.72K","0.31%"
"05/08/2026","29,332.50","28,582.00","29,386.75","28,541.00","543.82K","2.27%"
"05/07/2026","28,682.25","28,662.75","28,944.75","28,552.00","657.05K","-0.12%"
"05/06/2026","28,716.75","28,250.00","28,800.00","28,243.00","637.91K","2.06%"
"05/05/2026","28,136.00","27,760.00","28,247.00","27,731.75","458.06K","1.30%"
"05/04/2026","27,776.00","27,890.00","27,965.75","27,613.00","576.73K","-0.21%"
"05/01/2026","27,835.75","27,631.75","27,917.00","27,536.25","509.82K","0.87%"
"04/30/2026","27,596.00","27,207.00","27,622.75","27,163.25","701.35K","0.99%"
"04/29/2026","27,325.25","27,197.25","27,414.00","27,094.00","516.85K","0.58%"
"04/28/2026","27,168.75","27,423.00","27,512.00","27,009.50","603.74K","-0.99%"
"04/27/2026","27,440.50","27,403.25","27,542.50","27,298.50","444.51K","0.02%"
"04/24/2026","27,435.00","26,992.00","27,462.50","26,992.00","545.53K","1.86%"
"04/23/2026","26,934.00","27,075.00","27,155.75","26,681.75","644.10K","-0.55%"
"04/22/2026","27,083.00","26,729.50","27,136.00","26,727.75","512.03K","1.68%"
"04/21/2026","26,634.75","26,776.75","26,901.75","26,551.75","610.70K","-0.43%"
"04/20/2026","26,748.75","26,599.75","26,827.75","26,535.00","502.90K","-0.29%"
"04/17/2026","26,825.50","26,460.00","26,884.75","26,440.00","599.14K","1.28%"
"04/16/2026","26,487.25","26,350.00","26,564.00","26,275.50","590.12K","0.46%"
"04/15/2026","26,365.50","25,985.75","26,377.50","25,933.75","521.77K","1.42%"
"04/14/2026","25,996.75","25,575.25","26,003.25","25,560.00","477.72K","1.77%"
"04/13/2026","25,543.50","24,980.00","25,599.25","24,904.50","507.12K","1.04%"
"04/10/2026","25,281.25","25,237.00","25,393.00","25,193.00","430.72K","0.12%"
"04/09/2026","25,251.50","25,037.75","25,269.75","24,953.00","514.19K","0.71%"
"04/08/2026","25,074.25","24,514.00","25,257.00","24,355.00","644.39K","2.89%"
"04/07/2026","24,371.00","24,348.75","24,451.50","23,941.50","575.96K","0.05%"
"04/06/2026","24,358.50","24,093.50","24,452.25","23,981.50","444.47K","0.58%"
"04/03/2026","24,218.00","24,219.50","24,255.00","24,106.00","42.44K","0.00%"
"04/02/2026","24,218.00","24,180.00","24,266.75","23,666.00","576.89K","0.10%"
"04/01/2026","24,194.75","23,889.00","24,348.25","23,880.00","579.69K","1.17%"
"03/31/2026","23,915.00","23,119.50","23,975.25","22,961.50","755.16K","3.35%"
"03/30/2026","23,139.75","23,189.50","23,574.00","23,024.50","559.45K","-0.81%"
"03/27/2026","23,328.50","23,824.00","23,976.00","23,232.50","559.27K","-1.96%"
"03/26/2026","23,794.25","24,373.50","24,421.25","23,763.25","557.31K","-2.35%"
"03/25/2026","24,367.75","24,420.00","24,539.75","24,286.50","525.45K","0.64%"
"03/24/2026","24,213.75","24,417.25","24,550.00","24,134.00","544.21K","-0.80%"
"03/23/2026","24,408.25","23,902.00","24,763.00","23,772.50","683.63K","1.27%"
"03/20/2026","24,101.50","24,632.75","24,660.50","23,971.25","611.67K","-1.95%"
"03/19/2026","24,580.00","24,622.00","24,725.25","24,326.75","628.56K","-0.29%"
"03/18/2026","24,651.25","25,019.75","25,210.50","24,565.50","501.04K","-1.46%"
"03/17/2026","25,015.50","24,870.00","25,117.00","24,728.25","482.05K","0.50%"
"03/16/2026","24,891.25","24,500.00","25,035.00","24,491.50","440.41K","1.16%"
"03/13/2026","24,605.75","24,783.50","25,017.50","24,544.00","87.12K","-0.68%"
"03/12/2026","24,773.50","25,149.50","25,149.75","24,731.00","20.70K","-1.70%"
"03/11/2026","25,201.25","25,220.00","25,394.50","25,091.50","7.82K","0.01%"
"03/10/2026","25,199.50","25,197.25","25,433.50","25,060.75","6.69K","0.83%"
"03/09/2026","24,991.00","24,435.25","25,058.00","24,000.00","708.63K","1.30%"
"03/06/2026","24,670.25","25,019.75","25,141.50","24,601.00","645.08K","-1.51%"
"03/05/2026","25,049.50","25,156.50","25,250.00","24,772.50","683.96K","-0.31%"
"03/04/2026","25,128.25","24,710.75","25,217.75","24,499.00","603.60K","1.50%"
"03/03/2026","24,755.75","25,002.75","25,011.00","24,352.00","719.42K","-1.08%"
"03/02/2026","25,025.25","24,682.50","25,101.00","24,477.00","627.65K","0.08%"
"02/27/2026","25,004.75","25,024.25","25,098.75","24,782.00","561.21K","-0.30%"
"02/26/2026","25,081.00","25,388.25","25,418.25","24,861.75","605.58K","-1.19%"
"02/25/2026","25,382.00","25,016.25","25,494.75","24,992.00","417.62K","1.41%"
"02/24/2026","25,028.75","24,788.00","25,078.75","24,694.50","520.24K","1.07%"
"02/23/2026","24,762.75","25,033.75","25,059.75","24,668.00","594.57K","-1.22%"
"02/20/2026","25,067.50","24,837.75","25,139.50","24,678.50","615.36K","0.84%"
"02/19/2026","24,858.75","24,943.50","25,054.00","24,749.00","515.04K","-0.39%"
"02/18/2026","24,956.00","24,773.75","25,128.25","24,700.75","540.80K","0.76%"
"02/17/2026","24,767.75","24,789.75","24,922.25","24,449.25","752.65K","-0.20%"
"02/16/2026","24,817.75","24,817.75","24,921.25","24,671.50","112.92K","0.06%"
"02/13/2026","24,803.25","24,842.25","24,995.50","24,578.75","688.23K","0.14%"
"02/12/2026","24,768.00","25,289.00","25,419.75","24,721.50","668.34K","-2.06%"
"02/11/2026","25,288.50","25,259.00","25,465.25","25,058.25","531.73K","0.28%"
"02/10/2026","25,218.25","25,363.00","25,447.25","25,198.25","477.55K","-0.54%"
"02/09/2026","25,354.00","25,153.75","25,428.75","24,955.50","492.31K","0.76%"
"02/06/2026","25,163.25","24,416.00","25,222.00","24,239.75","653.96K","2.08%"
"02/05/2026","24,651.00","25,061.75","25,169.00","24,407.25","774.47K","-1.39%"
"02/04/2026","24,999.25","25,387.50","25,514.25","24,783.50","742.65K","-1.78%"
"02/03/2026","25,452.00","25,876.50","26,027.75","25,219.00","696.15K","-1.54%"
"02/02/2026","25,850.00","25,530.00","25,949.50","25,180.25","578.87K","0.70%"
"01/30/2026","25,670.00","25,998.50","26,020.00","25,568.75","712.20K","-1.27%"
"01/29/2026","25,999.25","26,282.50","26,296.00","25,536.00","699.10K","-0.60%"
"01/28/2026","26,156.25","26,111.25","26,349.00","25,993.25","511.94K","0.32%"
"01/27/2026","26,073.00","25,861.25","26,118.00","25,838.50","429.46K","0.87%"
"01/26/2026","25,848.50","25,585.50","25,936.50","25,365.25","450.29K","0.43%"
"01/23/2026","25,738.25","25,605.00","25,845.75","25,540.25","504.90K","0.31%"
"01/22/2026","25,658.25","25,529.50","25,739.75","25,483.75","533.61K","0.74%"
"01/21/2026","25,471.00","25,149.50","25,653.50","25,025.00","810.75K","1.36%"
"01/20/2026","25,129.25","25,471.00","25,472.00","25,095.25","864.57K","-0.98%"
"01/19/2026","25,378.00","25,378.00","25,469.75","25,240.50","173.18K","-1.21%"
"01/16/2026","25,689.00","25,720.50","25,891.00","25,591.50","490.57K","-0.07%"
"01/15/2026","25,705.75","25,593.00","25,952.75","25,562.50","591.06K","0.29%"
"01/14/2026","25,631.00","25,900.75","25,925.75","25,420.75","647.87K","-1.06%"
"01/13/2026","25,906.00","25,953.50","26,045.50","25,803.25","560.44K","-0.20%"
"01/12/2026","25,956.75","25,949.00","26,020.50","25,632.75","453.00K","0.07%"
"01/09/2026","25,938.25","25,725.00","25,985.50","25,615.50","509.67K","0.98%"
"01/08/2026","25,687.50","25,838.75","25,849.75","25,569.00","510.81K","-0.59%"
"01/07/2026","25,838.75","25,831.25","25,996.25","25,727.00","477.86K","0.06%"
"01/06/2026","25,822.00","25,583.00","25,837.75","25,527.50","445.57K","0.95%"
"01/05/2026","25,577.75","25,431.75","25,708.00","25,406.50","461.31K","0.76%"
"01/02/2026","25,385.25","25,478.50","25,803.75","25,265.25","554.84K","-0.44%"
"01/01/2026","25,497.00","25,497.00","25,503.50","25,451.25","4.66K","0.16%"
"12/31/2025","25,456.75","25,683.25","25,716.75","25,429.00","329.35K","-0.85%"
"12/30/2025","25,675.25","25,740.00","25,793.75","25,668.25","300.56K","-0.25%"
"12/29/2025","25,739.75","25,863.25","25,893.75","25,648.00","347.06K","-0.48%"
"12/26/2025","25,863.25","25,868.00","25,935.25","25,834.25","240.49K","-0.09%"
"12/25/2025","25,887.75","25,887.75","25,897.75","25,868.25","2.67K","0.03%"
"12/24/2025","25,880.50","25,815.75","25,892.00","25,777.50","163.04K","0.26%"
"12/23/2025","25,812.25","25,701.00","25,822.50","25,608.25","336.35K","0.47%"
"12/22/2025","25,692.25","25,635.25","25,794.75","25,628.00","367.32K","0.46%"
"12/19/2025","25,574.75","25,240.00","25,600.25","25,209.75","502.61K","1.24%"
"12/18/2025","25,261.75","24,983.50","25,412.50","24,901.25","711.27K","1.46%"
"12/17/2025","24,898.75","25,332.00","25,508.50","24,887.75","693.93K","-1.90%"
"12/16/2025","25,380.25","25,345.75","25,444.00","25,073.25","671.99K","0.15%"
"12/15/2025","25,342.75","25,463.25","25,668.00","25,285.75","499.26K","-0.50%"
"12/12/2025","25,469.50","25,971.00","25,990.75","25,371.50","88.92K","-1.93%"
"12/11/2025","25,971.00","26,047.50","26,116.50","25,644.50","27.89K","0.67%"
"12/10/2025","25,798.00","25,680.00","25,870.75","25,528.75","556.71K","0.38%"
"12/09/2025","25,699.75","25,713.00","25,735.75","25,560.00","407.39K","0.14%"
"12/08/2025","25,664.00","25,750.00","25,860.75","25,564.75","473.15K","-0.26%"
"12/05/2025","25,732.00","25,629.75","25,868.00","25,579.75","498.26K","0.43%"
"12/04/2025","25,622.75","25,650.25","25,732.50","25,488.75","509.53K","-0.14%"
"12/03/2025","25,657.50","25,611.00","25,685.25","25,421.50","494.19K","0.20%"
"12/02/2025","25,606.00","25,411.50","25,670.00","25,324.75","561.95K","0.85%"
"12/01/2025","25,391.25","25,482.50","25,546.00","25,193.25","574.73K","-0.36%"
"11/28/2025","25,482.00","25,313.00","25,499.75","25,285.75","199.45K","0.60%"
"11/27/2025","25,329.25","25,329.25","25,339.00","25,286.75","49.58K","0.11%"
"11/26/2025","25,302.25","25,071.25","25,376.00","25,061.25","522.20K","0.86%"
"11/25/2025","25,085.50","24,966.25","25,135.25","24,602.00","629.58K","0.55%"
"11/24/2025","24,948.25","24,455.75","24,993.50","24,361.75","604.15K","2.64%"
"11/21/2025","24,305.50","24,110.00","24,596.25","23,904.50","918.73K","0.72%"
"11/20/2025","24,131.50","24,966.75","25,310.00","24,073.25","995.84K","-2.39%"
"11/19/2025","24,721.75","24,551.00","24,988.00","24,445.00","770.45K","0.51%"
"11/18/2025","24,595.75","24,905.50","24,959.50","24,376.25","871.07K","-1.14%"
"11/17/2025","24,879.00","25,142.25","25,361.25","24,731.75","738.98K","-0.86%"
"11/14/2025","25,094.00","25,095.25","25,293.25","24,626.00","862.32K","0.00%"
"11/13/2025","25,094.75","25,624.00","25,721.50","25,002.50","775.13K","-2.06%"
"11/12/2025","25,623.75","25,668.00","25,830.00","25,488.75","606.26K","-0.07%"
"11/11/2025","25,640.75","25,722.25","25,768.75","25,478.50","537.97K","-0.29%"
"11/10/2025","25,714.50","25,320.75","25,760.50","25,269.00","626.20K","2.18%"
"11/07/2025","25,166.25","25,314.75","25,354.75","24,709.25","765.09K","-0.31%"
"11/06/2025","25,244.25","25,738.50","25,822.25","25,197.75","754.44K","-1.95%"
"11/05/2025","25,746.25","25,545.00","25,880.00","25,282.00","618.17K","0.67%"
"11/04/2025","25,575.25","26,104.50","26,104.50","25,522.75","669.48K","-2.02%"
"11/03/2025","26,103.25","26,028.25","26,266.00","26,012.75","","0.38%"
"10/31/2025","26,004.00","26,150.50","26,274.00","25,888.75","597.98K","0.47%"
"10/30/2025","25,882.75","26,154.50","26,399.00","25,853.00","665.78K","-1.45%"
"10/29/2025","26,262.50","26,179.75","26,379.75","26,049.25","557.80K","0.38%"
"10/28/2025","26,163.50","26,002.50","26,231.50","25,943.00","452.12K","0.77%"
"10/27/2025","25,963.75","25,723.50","26,013.50","25,700.00","435.23K","1.78%"
"10/24/2025","25,509.25","25,283.25","25,570.75","25,276.00","467.73K","1.01%"
"10/23/2025","25,254.00","25,012.25","25,296.00","24,937.00","527.35K","0.86%"
"10/22/2025","25,039.25","25,283.75","25,338.25","24,804.75","695.13K","-1.01%"
"10/21/2025","25,294.75","25,326.75","25,368.00","25,203.25","441.49K","-0.04%"
"10/20/2025","25,305.25","25,065.75","25,354.50","24,955.75","437.21K","1.28%"
"10/17/2025","24,986.50","24,793.75","25,055.75","24,410.00","743.68K","0.63%"
"10/16/2025","24,831.25","24,937.00","25,179.50","24,643.50","738.76K","-0.37%"
"10/15/2025","24,924.50","24,754.00","25,115.00","24,663.25","637.04K","0.65%"
"10/14/2025","24,762.50","24,913.75","25,044.25","24,421.00","729.06K","-0.64%"
"10/13/2025","24,922.25","24,542.00","24,965.00","24,542.00","5.68K","2.15%"
"10/10/2025","24,397.00","25,287.75","25,388.00","24,158.50","934.37K","-3.53%"
"10/09/2025","25,289.25","25,351.50","25,394.00","25,160.75","500.93K","-0.16%"
"10/08/2025","25,331.00","25,059.75","25,364.75","25,026.25","451.31K","1.17%"
"10/07/2025","25,039.25","25,184.50","25,275.00","24,984.75","539.43K","-0.58%"
"10/06/2025","25,184.75","25,000.00","25,252.75","24,995.00","414.91K","0.77%"
"10/03/2025","24,992.00","25,101.50","25,196.50","24,923.25","490.72K","-0.47%"
"10/02/2025","25,110.00","25,009.25","25,180.00","24,993.75","460.29K","0.37%"
"10/01/2025","25,017.50","24,843.00","25,036.75","24,633.25","474.67K","0.46%"
"09/30/2025","24,901.75","24,817.75","24,913.75","24,722.25","513.25K","0.26%"
"09/29/2025","24,837.75","24,726.50","24,975.50","24,721.75","508.36K","0.45%"
"09/26/2025","24,726.75","24,642.50","24,747.50","24,520.00","548.79K","0.40%"
"09/25/2025","24,629.25","24,746.00","24,793.50","24,422.50","710.11K","-0.44%"
"09/24/2025","24,739.25","24,839.50","24,913.50","24,627.00","530.44K","-0.35%"
"09/23/2025","24,827.25","24,995.00","25,026.00","24,780.50","564.18K","-0.70%"
"09/22/2025","25,003.00","24,850.00","25,027.25","24,748.75","481.20K","0.55%"
"09/19/2025","24,866.25","24,717.75","24,888.00","24,655.00","505.60K","0.65%"
"09/18/2025","24,705.50","24,498.50","24,816.00","24,495.25","557.62K","0.98%"
"09/17/2025","24,465.25","24,526.75","24,553.00","24,242.00","610.14K","-0.23%"
"09/16/2025","24,522.25","24,533.75","24,647.25","24,499.25","431.72K","-0.12%"
"09/15/2025","24,550.75","24,353.00","24,556.75","24,317.75","360.21K","0.82%"
"09/12/2025","24,351.00","24,255.75","24,395.50","24,200.75","66.08K","0.42%"
"09/11/2025","24,248.25","24,092.75","24,281.25","24,085.00","18.36K","0.57%"
"09/10/2025","24,110.50","24,130.00","24,276.00","24,017.50","9.22K","0.01%"
"09/09/2025","24,108.00","24,042.75","24,152.00","23,963.25","5.80K","0.31%"
"09/08/2025","24,033.00","23,901.75","24,120.50","23,890.00","4.30K","1.47%"
"09/05/2025","23,684.00","23,700.00","23,902.00","23,505.00","674.09K","0.07%"
"09/04/2025","23,668.00","23,456.75","23,708.75","23,410.00","484.99K","0.94%"
"09/03/2025","23,448.75","23,382.00","23,525.25","23,298.25","563.65K","0.75%"
"09/02/2025","23,275.00","23,479.00","23,552.50","23,025.25","744.12K","-0.72%"
"09/01/2025","23,444.50","23,444.50","23,552.50","23,371.25","95.80K","-0.07%"
"08/29/2025","23,461.75","23,760.50","23,762.00","23,397.50","539.16K","-1.29%"
"08/28/2025","23,769.00","23,542.25","23,803.75","23,487.50","486.27K","0.59%"
"08/27/2025","23,628.75","23,604.00","23,689.00","23,434.75","436.56K","0.16%"
"08/26/2025","23,591.50","23,505.75","23,611.00","23,371.50","443.75K","0.40%"
"08/25/2025","23,498.25","23,602.00","23,616.25","23,443.25","399.49K","-0.30%"
"08/22/2025","23,569.75","23,225.25","23,650.00","23,076.75","490.87K","1.51%"
"08/21/2025","23,219.75","23,323.00","23,369.25","23,119.00","525.92K","-0.45%"
"08/20/2025","23,324.00","23,461.00","23,485.50","23,035.00","713.57K","-0.62%"
"08/19/2025","23,469.50","23,800.75","23,838.00","23,426.00","557.58K","-1.38%"
"08/18/2025","23,797.75","23,795.00","23,881.75","23,719.00","399.62K","-0.03%"
"08/15/2025","23,804.00","23,888.75","23,963.00","23,734.50","441.89K","-0.53%"
"08/14/2025","23,930.50","23,927.75","24,007.75","23,793.25","492.05K","-0.07%"
"08/13/2025","23,946.50","23,945.00","24,068.50","23,886.00","453.51K","0.04%"
"08/12/2025","23,938.00","23,635.00","23,953.50","23,596.00","488.58K","1.27%"
"08/11/2025","23,637.50","23,764.00","23,804.50","23,587.50","443.98K","-0.32%"
"08/08/2025","23,713.75","23,518.25","23,767.75","23,503.00","454.19K","0.93%"
"08/07/2025","23,496.25","23,418.50","23,671.00","23,329.00","561.72K","0.31%"
"08/06/2025","23,422.75","23,091.75","23,445.25","23,045.50","527.51K","1.26%"
"08/05/2025","23,132.00","23,354.00","23,404.25","23,084.50","542.68K","-0.71%"
"08/04/2025","23,296.50","22,850.00","23,352.50","22,821.75","472.67K","1.80%"
"08/01/2025","22,883.75","23,308.50","23,347.50","22,775.00","803.56K","-2.06%"
"07/31/2025","23,365.00","23,705.00","23,845.00","23,290.50","739.64K","-0.49%"
"07/30/2025","23,480.50","23,452.00","23,689.00","23,356.50","538.73K","0.12%"
"07/29/2025","23,452.00","23,504.25","23,652.50","23,421.25","538.17K","-0.17%"
"07/28/2025","23,491.25","23,520.00","23,585.25","23,436.75","424.39K","0.30%"
"07/25/2025","23,421.25","23,391.50","23,476.00","23,330.75","395.47K","0.19%"
"07/24/2025","23,377.50","23,402.25","23,424.50","23,298.25","435.56K","0.29%"
"07/23/2025","23,310.75","23,191.25","23,418.00","23,146.75","512.96K","0.36%"
"07/22/2025","23,226.25","23,339.50","23,367.00","23,108.00","537.83K","-0.50%"
"07/21/2025","23,342.00","23,232.50","23,424.75","23,203.75","398.83K","0.51%"
"07/18/2025","23,224.25","23,261.25","23,320.75","23,169.50","450.70K","-0.12%"
"07/17/2025","23,251.00","23,065.50","23,279.75","23,017.00","445.29K","0.76%"
"07/16/2025","23,076.50","23,018.75","23,100.00","22,835.50","548.60K","0.09%"
"07/15/2025","23,056.75","23,034.25","23,222.75","22,996.00","524.06K","0.09%"
"07/14/2025","23,035.50","22,860.75","23,066.50","22,803.00","414.47K","0.33%"
"07/11/2025","22,959.00","23,011.75","23,048.75","22,831.50","461.06K","-0.24%"
"07/10/2025","23,013.25","23,041.00","23,090.00","22,901.25","391.78K","-0.17%"
"07/09/2025","23,052.75","22,906.50","23,112.00","22,843.50","450.52K","0.68%"
"07/08/2025","22,896.75","22,837.75","22,972.75","22,808.50","420.91K","0.05%"
"07/07/2025","22,884.75","22,970.00","23,028.50","22,779.75","537.93K","-0.10%"
"07/04/2025","22,906.75","23,035.50","23,049.00","22,887.25","72.56K","-0.68%"
"07/03/2025","23,062.50","22,845.00","23,102.50","22,827.00","269.08K","0.96%"
"07/02/2025","22,843.00","22,694.50","22,858.75","22,582.00","408.88K","0.66%"
"07/01/2025","22,692.75","22,867.50","22,914.75","22,594.50","495.08K","-0.88%"
"06/30/2025","22,893.25","22,751.50","22,934.75","22,751.50","434.25K","0.62%"
"06/27/2025","22,751.50","22,676.25","22,825.50","22,600.00","487.84K","0.36%"
"06/26/2025","22,669.25","22,461.25","22,694.00","22,437.75","422.40K","0.93%"
"06/25/2025","22,461.00","22,412.00","22,548.25","22,384.50","397.61K","0.22%"
"06/24/2025","22,412.75","22,079.00","22,448.25","22,065.75","447.98K","1.54%"
"06/23/2025","22,073.50","21,648.25","22,093.00","21,566.75","549.77K","1.05%"
"06/20/2025","21,844.75","21,956.75","22,130.50","21,650.25","649.88K","-0.19%"
"06/19/2025","21,887.00","21,887.00","21,951.25","21,653.50","133.78K","-0.27%"
"06/18/2025","21,945.25","21,927.50","22,097.75","21,862.25","481.86K","-0.05%"
"06/17/2025","21,956.00","22,176.00","22,177.25","21,909.50","476.44K","-0.96%"
"06/16/2025","22,168.25","21,772.50","22,222.00","21,726.00","420.11K","1.41%"
"06/13/2025","21,860.75","22,132.25","22,134.75","21,692.25","119.60K","-1.34%"
"06/12/2025","22,158.50","22,096.00","22,202.00","21,940.25","24.52K","0.21%"
"06/11/2025","22,112.25","22,180.00","22,323.75","22,020.00","10.66K","-0.35%"
"06/10/2025","22,190.00","22,067.50","22,218.75","21,960.00","5.13K","0.64%"
"06/09/2025","22,048.25","22,045.50","22,110.50","21,947.50","2.99K","1.19%"
"06/06/2025","21,789.50","21,471.00","21,873.50","21,471.00","466.59K","0.96%"
"06/05/2025","21,582.25","21,744.75","21,935.00","21,503.50","591.47K","-0.85%"
"06/04/2025","21,766.50","21,688.25","21,803.00","21,641.00","403.01K","0.28%"
"06/03/2025","21,706.00","21,555.00","21,759.75","21,399.25","427.86K","0.80%"
"06/02/2025","21,534.50","21,303.75","21,576.25","21,163.00","434.59K","0.74%"
"05/30/2025","21,376.75","21,371.25","21,433.50","21,071.50","551.09K","-0.15%"
"05/29/2025","21,408.50","21,513.00","21,858.75","21,301.00","563.89K","0.13%"
"05/28/2025","21,379.75","21,480.00","21,567.50","21,321.25","421.65K","-0.38%"
"05/27/2025","21,460.50","20,978.00","21,488.50","20,954.25","531.36K","1.06%"
"05/26/2025","21,235.75","21,235.75","21,306.50","21,168.50","96.70K","1.24%"
"05/23/2025","20,975.00","21,223.75","21,236.00","20,727.00","528.06K","-0.96%"
"05/22/2025","21,178.25","21,145.00","21,337.50","21,040.00","512.63K","0.10%"
"05/21/2025","21,156.75","21,414.75","21,558.50","21,072.75","605.67K","-1.35%"
"05/20/2025","21,447.25","21,513.00","21,562.25","21,298.00","437.87K","-0.37%"
"05/19/2025","21,527.00","21,310.75","21,544.50","21,112.50","520.28K","0.10%"
"05/16/2025","21,506.00","21,396.00","21,512.00","21,320.25","419.24K","0.49%"
"05/15/2025","21,400.25","21,379.75","21,529.75","21,192.00","542.99K","0.04%"
"05/14/2025","21,392.50","21,250.00","21,419.50","21,238.25","513.59K","0.54%"
"05/13/2025","21,278.00","20,954.75","21,346.50","20,818.00","526.71K","1.57%"
"05/12/2025","20,948.75","20,398.50","20,996.00","20,376.75","638.56K","4.03%"
"05/09/2025","20,136.75","20,157.00","20,288.75","20,058.00","453.69K","-0.06%"
"05/08/2025","20,148.00","19,934.50","20,337.25","19,910.75","567.60K","0.94%"
"05/07/2025","19,961.00","19,809.00","20,133.75","19,678.75","597.36K","0.43%"
"05/06/2025","19,876.50","20,014.25","20,036.75","19,739.00","514.53K","-0.89%"
"05/05/2025","20,055.50","20,181.50","20,201.75","19,966.00","418.88K","-0.69%"
"05/02/2025","20,195.25","19,782.50","20,276.75","19,749.50","517.81K","1.63%"
"05/01/2025","19,870.75","19,834.00","20,125.75","19,757.25","588.90K","1.08%"
"04/30/2025","19,658.50","19,599.75","19,880.00","19,103.75","713.64K","0.08%"
"04/29/2025","19,642.00","19,478.25","19,688.50","19,378.00","565.54K","0.58%"
"04/28/2025","19,528.00","19,524.50","19,623.00","19,257.25","514.47K","-0.04%"
"04/25/2025","19,535.25","19,405.00","19,589.00","19,216.25","587.59K","1.10%"
"04/24/2025","19,322.00","18,826.50","19,418.00","18,594.75","599.46K","2.75%"
"04/23/2025","18,804.00","18,646.00","19,165.50","18,623.75","733.98K","2.28%"
"04/22/2025","18,385.00","17,914.00","18,514.00","17,863.75","619.15K","2.58%"
"04/21/2025","17,922.25","18,306.25","18,383.50","17,700.00","484.75K","-2.49%"
"04/17/2025","18,380.75","18,391.25","18,652.75","18,261.50","629.37K","-0.02%"
"04/16/2025","18,385.25","18,790.00","18,861.25","18,116.25","683.18K","-3.03%"
"04/15/2025","18,960.25","18,902.50","19,144.75","18,809.00","525.79K","0.13%"
"04/14/2025","18,934.75","19,225.00","19,256.00","18,737.50","570.51K","0.68%"
"04/11/2025","18,807.50","18,464.75","18,873.50","18,067.00","667.63K","1.75%"
"04/10/2025","18,484.50","19,266.75","19,383.50","17,919.00","975.10K","-4.17%"
"04/09/2025","19,288.75","17,220.25","19,386.75","16,735.00","1.09M","11.86%"
"04/08/2025","17,243.75","17,665.00","18,357.25","16,973.50","956.64K","-1.82%"
"04/07/2025","17,563.25","17,100.00","18,361.50","16,460.00","1.14M","0.14%"
"04/04/2025","17,539.00","18,660.00","18,713.00","17,387.50","1.20M","-6.09%"
"04/03/2025","18,675.50","19,020.00","19,177.00","18,614.00","893.79K","-5.48%"
"04/02/2025","19,758.00","19,600.50","20,044.25","19,076.75","835.32K","0.78%"
"04/01/2025","19,604.50","19,411.25","19,644.00","19,261.25","790.96K","0.85%"
"03/31/2025","19,439.50","19,319.75","19,489.75","18,976.75","842.55K","-0.09%"
"03/28/2025","19,457.00","19,995.25","20,011.75","19,357.50","696.40K","-2.67%"
"03/27/2025","19,990.25","20,046.00","20,199.50","19,937.25","634.74K","-0.63%"
"03/26/2025","20,116.50","20,511.50","20,536.75","20,045.00","620.69K","-1.82%"
"03/25/2025","20,488.50","20,353.00","20,524.75","20,293.00","470.89K","0.56%"
"03/24/2025","20,374.25","20,050.50","20,409.50","20,050.50","555.04K","4.75%"
"03/21/2025","19,450.81","19,690.75","19,728.75","19,408.00","7.82K","-1.16%"
"03/20/2025","19,678.50","19,746.75","19,898.75","19,530.25","116.16K","-0.35%"
"03/19/2025","19,746.75","19,496.75","19,935.00","19,455.50","210.52K","1.28%"
"03/18/2025","19,496.75","19,821.00","19,858.00","19,397.75","360.20K","-1.69%"
"03/17/2025","19,831.75","19,668.25","19,959.25","19,550.50","584.95K","0.61%"
"03/14/2025","19,712.00","19,312.75","19,742.50","19,296.75","742.66K","2.41%"
"03/13/2025","19,249.00","19,572.00","19,694.00","19,170.00","761.16K","-1.88%"
"03/12/2025","19,618.50","19,412.75","19,788.75","19,387.00","702.69K","1.13%"
"03/11/2025","19,399.00","19,440.00","19,686.75","19,139.25","857.88K","-0.28%"
"03/10/2025","19,452.75","20,147.00","20,156.50","19,272.25","798.37K","-3.84%"
"03/07/2025","20,229.75","20,214.50","20,286.25","19,765.50","763.26K","0.70%"
"03/06/2025","20,089.25","20,605.25","20,647.50","20,003.00","763.15K","-2.79%"
"03/05/2025","20,665.00","20,555.00","20,725.00","20,215.00","783.64K","1.30%"
"03/04/2025","20,399.00","20,527.00","20,732.50","20,075.25","958.07K","-0.34%"
"03/03/2025","20,468.25","21,005.25","21,121.00","20,316.75","833.04K","-2.16%"
"02/28/2025","20,919.50","20,649.50","20,944.25","20,460.50","845.89K","1.52%"
"02/27/2025","20,605.75","21,249.00","21,386.50","20,583.25","854.18K","-2.74%"
"02/26/2025","21,187.00","21,230.50","21,409.25","21,055.00","646.24K","0.18%"
"02/25/2025","21,149.00","21,442.50","21,453.75","20,990.00","805.68K","-1.27%"
"02/24/2025","21,420.25","21,700.75","21,813.00","21,407.50","670.63K","-1.19%"
"02/21/2025","21,679.25","22,136.00","22,245.50","21,652.75","708.35K","-2.09%"
"02/20/2025","22,141.75","22,213.00","22,235.50","21,951.00","563.59K","-0.49%"
"02/19/2025","22,250.50","22,224.50","22,299.75","22,118.00","496.44K","0.08%"
"02/18/2025","22,232.25","22,235.75","22,319.75","22,102.75","567.20K","0.16%"
"02/14/2025","22,196.25","22,071.00","22,225.00","22,042.50","433.21K","0.38%"
"02/13/2025","22,113.25","21,861.25","22,124.00","21,753.00","536.74K","1.41%"
"02/12/2025","21,804.75","21,794.25","21,862.50","21,510.75","545.41K","0.08%"
"02/11/2025","21,786.75","21,832.00","21,871.50","21,669.50","423.20K","-0.27%"
"02/10/2025","21,846.50","21,463.25","21,894.00","21,418.00","391.63K","1.18%"
"02/07/2025","21,590.75","21,817.75","21,968.00","21,552.75","598.87K","-1.28%"
"02/06/2025","21,871.75","21,764.50","21,882.25","21,705.75","438.73K","0.50%"
"02/05/2025","21,763.00","21,562.00","21,795.00","21,429.75","497.66K","0.43%"
"02/04/2025","21,670.25","21,592.00","21,694.00","21,242.50","497.14K","1.24%"
"02/03/2025","21,405.00","21,200.00","21,579.75","20,943.00","728.14K","-0.85%"
"01/31/2025","21,589.25","21,680.00","21,966.00","21,533.75","655.81K","-0.16%"
"01/30/2025","21,624.75","21,547.75","21,748.75","21,419.50","618.07K","0.47%"
"01/29/2025","21,523.25","21,559.00","21,697.00","21,367.00","629.63K","-0.27%"
"01/28/2025","21,581.75","21,343.25","21,626.00","21,159.50","663.34K","1.52%"
"01/27/2025","21,258.50","21,771.00","21,771.00","20,763.75","1.06M","-2.98%"
"01/24/2025","21,911.25","22,018.50","22,078.25","21,844.00","522.90K","-0.58%"
"01/23/2025","22,038.25","21,981.75","22,050.50","21,855.50","476.29K","0.17%"
"01/22/2025","22,000.50","21,809.25","22,093.50","21,768.25","508.61K","1.34%"
"01/21/2025","21,709.50","21,600.00","21,783.50","21,377.75","662.32K","0.53%"
"01/17/2025","21,594.75","21,227.50","21,682.50","21,209.25","594.11K","1.62%"
"01/16/2025","21,249.75","21,389.00","21,567.25","21,172.25","598.63K","-0.70%"
"01/15/2025","21,400.25","20,977.00","21,452.75","20,909.00","551.81K","2.30%"
"01/14/2025","20,919.50","21,020.00","21,143.75","20,773.50","676.19K","-0.13%"
"01/13/2025","20,947.25","21,027.50","21,037.00","20,694.00","617.06K","-0.33%"
"01/10/2025","21,016.00","21,302.75","21,372.50","20,874.75","703.96K","-1.34%"
"01/09/2025","21,301.50","21,334.75","21,347.25","21,218.00","77.17K","-0.28%"
"01/08/2025","21,360.75","21,380.75","21,448.25","21,166.25","637.11K","0.00%"
"01/07/2025","21,359.75","21,781.25","21,806.00","21,279.50","645.14K","-1.77%"
"01/06/2025","21,744.50","21,532.25","21,896.75","21,478.25","574.30K","1.06%"
"01/03/2025","21,516.50","21,186.75","21,559.25","21,144.00","488.24K","1.65%"
"01/02/2025","21,167.50","21,269.00","21,490.50","20,983.75","664.74K","-0.28%"
"12/31/2024","21,226.50","21,390.25","21,524.75","21,182.00","477.28K","-0.89%"
"12/30/2024","21,416.25","21,711.00","21,742.75","21,253.00","530.98K","-1.30%"
"12/27/2024","21,698.50","21,990.75","22,008.00","21,498.75","572.60K","-1.41%"
"12/26/2024","22,008.00","22,049.50","22,111.25","21,870.25","407.12K","-0.09%"
"12/24/2024","22,028.50","21,743.25","22,049.75","21,709.00","261.20K","1.27%"
"12/23/2024","21,753.25","21,566.00","21,776.75","21,476.75","508.60K","3.84%"
"12/20/2024","20,947.98","21,151.50","21,151.50","20,745.00","9.01K","-0.78%"
"12/19/2024","21,112.75","21,218.50","21,424.25","21,080.00","124.73K","-0.50%"
"12/18/2024","21,218.75","22,010.00","22,083.75","21,034.25","209.59K","-3.62%"
"12/17/2024","22,014.75","22,115.00","22,124.50","21,942.25","277.30K","-0.43%"
"12/16/2024","22,110.25","21,780.25","22,152.50","21,762.00","482.43K","1.44%"
"12/13/2024","21,795.75","21,720.75","21,908.00","21,666.50","639.40K","0.67%"
"12/12/2024","21,651.25","21,756.75","21,772.50","21,604.25","510.31K","-0.65%"
"12/11/2024","21,793.50","21,436.00","21,820.00","21,405.75","547.21K","1.81%"
"12/10/2024","21,405.25","21,479.25","21,606.75","21,352.75","544.41K","-0.37%"
"12/09/2024","21,483.75","21,649.00","21,706.25","21,436.00","517.12K","-0.80%"
"12/06/2024","21,656.75","21,450.00","21,669.25","21,424.75","459.88K","0.85%"
"12/05/2024","21,473.25","21,513.25","21,567.25","21,437.50","421.04K","-0.29%"
"12/04/2024","21,536.50","21,323.00","21,548.50","21,305.75","461.92K","1.20%"
"12/03/2024","21,281.50","21,220.00","21,329.00","21,134.25","444.14K","0.30%"
"12/02/2024","21,218.00","20,995.25","21,259.75","20,940.00","475.46K","1.07%"
"11/29/2024","20,993.50","20,813.00","21,017.50","20,805.50","339.96K","0.87%"
"11/27/2024","20,813.00","20,990.75","21,019.00","20,675.00","520.03K","-0.86%"
"11/26/2024","20,993.50","20,906.25","21,024.75","20,755.00","505.25K","0.54%"
"11/25/2024","20,880.25","20,935.00","21,081.00","20,780.25","544.57K","0.15%"
"11/22/2024","20,849.75","20,794.00","20,880.00","20,693.25","541.55K","0.10%"
"11/21/2024","20,829.50","20,738.00","20,905.75","20,514.25","698.34K","0.39%"
"11/20/2024","20,749.00","20,762.25","20,843.25","20,477.00","619.49K","-0.09%"
"11/19/2024","20,767.75","20,633.25","20,792.50","20,382.50","553.62K","0.65%"
"11/18/2024","20,633.50","20,504.00","20,724.25","20,476.00","525.47K","0.68%"
"11/15/2024","20,493.75","20,977.50","20,981.50","20,405.25","691.85K","-2.47%"
"11/14/2024","21,011.75","21,167.00","21,190.25","20,950.50","561.95K","-0.70%"
"11/13/2024","21,159.50","21,178.00","21,268.50","21,056.50","533.74K","-0.14%"
"11/12/2024","21,189.50","21,221.00","21,251.75","21,054.75","511.37K","-0.13%"
"11/11/2024","21,217.75","21,249.75","21,340.75","21,098.25","456.01K","-0.06%"
"11/08/2024","21,231.25","21,224.25","21,265.00","21,121.75","401.94K","0.03%"
"11/07/2024","21,224.75","20,923.50","21,253.00","20,861.50","462.81K","1.58%"
"11/06/2024","20,894.00","20,360.50","20,935.25","20,323.50","632.41K","2.71%"
"11/05/2024","20,341.75","20,130.75","20,385.50","20,041.75","450.12K","1.27%"
"11/04/2024","20,086.00","20,138.00","20,248.50","20,013.00","520.52K","-0.33%"
"11/01/2024","20,153.25","20,071.00","20,288.00","20,017.00","554.03K","0.66%"
"10/31/2024","20,021.75","20,482.00","20,495.75","20,008.50","686.68K","-2.50%"
"10/30/2024","20,534.75","20,734.00","20,788.50","20,472.50","519.41K","-0.78%"
"10/29/2024","20,696.50","20,513.00","20,760.25","20,432.25","498.02K","0.97%"
"10/28/2024","20,497.00","20,525.50","20,676.50","20,486.00","430.12K","-0.01%"
"10/25/2024","20,498.75","20,388.50","20,707.25","20,364.00","585.93K","0.58%"
"10/24/2024","20,380.25","20,294.25","20,428.50","20,261.75","462.55K","0.79%"
"10/23/2024","20,220.50","20,521.00","20,542.50","20,079.00","619.16K","-1.57%"
"10/22/2024","20,542.00","20,536.50","20,602.25","20,360.25","476.32K","0.11%"
"10/21/2024","20,519.50","20,496.25","20,554.50","20,343.75","456.08K","0.18%"
"10/18/2024","20,483.50","20,384.00","20,529.75","20,320.75","385.57K","0.57%"
"10/17/2024","20,368.00","20,328.00","20,594.75","20,276.75","535.49K","0.09%"
"10/16/2024","20,349.50","20,334.50","20,398.50","20,206.25","417.57K","0.04%"
"10/15/2024","20,342.00","20,638.75","20,659.25","20,254.00","522.39K","-1.34%"
"10/14/2024","20,619.25","20,432.50","20,680.00","20,383.25","395.76K","0.83%"
"10/11/2024","20,450.00","20,435.00","20,494.25","20,314.75","385.31K","0.10%"
"10/10/2024","20,429.75","20,445.25","20,508.25","20,301.50","450.57K","-0.16%"
"10/09/2024","20,463.50","20,294.25","20,482.75","20,196.00","421.25K","0.81%"
"10/08/2024","20,298.50","20,025.75","20,329.50","19,902.50","444.75K","1.53%"
"10/07/2024","19,992.75","20,220.00","20,267.25","19,948.00","450.37K","-1.16%"
"10/04/2024","20,227.25","19,965.50","20,263.75","19,941.50","560.07K","1.19%"
"10/03/2024","19,990.25","20,055.50","20,113.75","19,852.00","526.77K","-0.10%"
"10/02/2024","20,009.75","19,975.25","20,090.25","19,833.50","475.60K","0.17%"
"10/01/2024","19,975.00","20,234.25","20,331.75","19,818.00","662.78K","-1.41%"
"09/30/2024","20,261.25","20,198.50","20,287.00","20,056.00","510.43K","0.20%"
"09/27/2024","20,221.50","20,345.00","20,395.75","20,173.00","435.63K","-0.61%"
"09/26/2024","20,346.25","20,242.00","20,538.00","20,188.00","509.76K","0.76%"
"09/25/2024","20,192.00","20,183.75","20,271.00","20,064.25","405.05K","0.12%"
"09/24/2024","20,167.75","20,063.25","20,214.75","19,953.00","457.13K","0.44%"
"09/23/2024","20,080.00","20,040.00","20,164.00","19,955.25","394.95K","1.37%"
"09/20/2024","19,808.01","19,831.25","19,838.25","19,746.50","4.96K","-0.21%"
"09/19/2024","19,850.25","19,420.50","19,966.25","19,408.75","134.92K","2.59%"
"09/18/2024","19,349.25","19,451.00","19,660.00","19,331.00","138.85K","-0.46%"
"09/17/2024","19,439.25","19,426.50","19,615.50","19,341.00","254.06K","0.03%"
"09/16/2024","19,433.00","19,498.00","19,546.50","19,299.25","339.78K","-0.50%"
"09/13/2024","19,530.25","19,419.50","19,577.25","19,398.25","467.95K","0.43%"
"09/12/2024","19,447.25","19,241.50","19,483.50","19,185.00","581.03K","0.91%"
"09/11/2024","19,271.00","18,837.75","19,293.50","18,547.00","729.34K","2.16%"
"09/10/2024","18,864.00","18,727.00","18,878.50","18,582.25","536.22K","0.92%"
"09/09/2024","18,692.25","18,400.00","18,734.50","18,386.00","536.24K","1.27%"
"09/06/2024","18,458.25","18,921.00","18,972.25","18,339.75","726.35K","-2.66%"
"09/05/2024","18,963.50","18,965.75","19,150.50","18,827.25","585.13K","0.01%"
"09/04/2024","18,962.50","18,993.75","19,114.75","18,825.75","582.12K","-0.23%"
"09/03/2024","19,006.50","19,599.00","19,683.00","18,911.00","698.44K","-3.14%"
"08/30/2024","19,623.00","19,445.75","19,632.75","19,370.50","495.61K","1.18%"
"08/29/2024","19,393.25","19,217.00","19,693.50","19,140.25","669.71K","-0.12%"
"08/28/2024","19,415.75","19,635.50","19,691.00","19,227.25","537.28K","-1.21%"
"08/27/2024","19,653.75","19,558.75","19,694.25","19,441.50","441.15K","0.32%"
"08/26/2024","19,591.25","19,787.75","19,846.25","19,505.50","473.54K","-1.01%"
"08/23/2024","19,790.75","19,621.50","19,904.25","19,591.75","581.20K","1.09%"
"08/22/2024","19,578.25","19,921.25","20,025.25","19,542.00","630.18K","-1.66%"
"08/21/2024","19,909.50","19,803.00","19,981.75","19,771.50","479.08K","0.50%"
"08/20/2024","19,809.50","19,857.75","19,931.00","19,743.00","485.44K","-0.24%"
"08/19/2024","19,857.75","19,629.00","19,871.75","19,525.25","429.31K","1.29%"
"08/16/2024","19,605.75","19,570.25","19,683.00","19,447.50","458.93K","0.13%"
"08/15/2024","19,581.25","19,142.50","19,603.25","19,100.50","522.32K","2.44%"
"08/14/2024","19,115.00","19,099.25","19,203.50","18,925.50","554.00K","0.06%"
"08/13/2024","19,104.25","18,648.25","19,122.50","18,628.50","497.67K","2.49%"
"08/12/2024","18,639.50","18,590.00","18,765.25","18,515.00","469.89K","0.13%"
"08/09/2024","18,616.00","18,550.25","18,674.50","18,383.00","501.76K","0.49%"
"08/08/2024","18,525.25","17,873.00","18,593.50","17,741.75","663.96K","3.11%"
"08/07/2024","17,966.50","18,033.00","18,558.50","17,836.25","725.24K","-1.17%"
"08/06/2024","18,179.00","18,165.75","18,483.25","17,966.00","697.09K","0.92%"
"08/05/2024","18,013.25","18,390.00","18,390.00","17,351.00","937.14K","-2.70%"
"08/03/2024","18,513.25","18,513.25","18,513.25","18,513.25","","-0.23%"
"08/02/2024","18,556.25","18,956.50","18,979.75","18,385.75","842.23K","-2.45%"
"08/01/2024","19,023.25","19,593.25","19,717.00","18,854.00","920.62K","-2.47%"
"07/31/2024","19,505.25","18,865.75","19,648.00","18,861.75","762.25K","3.00%"
"07/30/2024","18,936.25","19,217.00","19,319.75","18,725.00","745.00K","-1.42%"
"07/29/2024","19,209.25","19,171.75","19,377.25","19,113.25","600.02K","0.17%"
"07/27/2024","19,175.75","19,175.75","19,175.75","19,175.75","","0.01%"
"07/26/2024","19,174.50","19,003.00","19,297.75","18,995.00","694.70K","0.96%"
"07/25/2024","18,992.25","19,260.00","19,390.50","18,883.25","992.02K","-1.10%"
"07/24/2024","19,203.25","19,883.00","19,883.00","19,168.75","846.81K","-3.62%"
"07/23/2024","19,925.00","19,982.00","20,084.75","19,868.25","601.99K","-0.38%"
"07/22/2024","20,001.00","19,749.00","20,044.75","19,718.75","657.85K","1.52%"
"07/20/2024","19,701.50","19,701.50","19,701.50","19,701.50","","-0.06%"
"07/19/2024","19,713.00","19,955.00","19,979.75","19,654.00","774.11K","-0.94%"
"07/18/2024","19,899.25","20,024.25","20,162.50","19,758.75","964.29K","-0.49%"
"07/17/2024","19,997.50","20,591.00","20,597.75","19,965.75","854.32K","-2.92%"
"07/16/2024","20,598.00","20,628.00","20,684.50","20,464.50","629.75K","0.07%"
"07/15/2024","20,583.75","20,580.00","20,797.00","20,506.25","703.41K","0.21%"
"07/13/2024","20,539.75","20,539.75","20,539.75","20,539.75","","0.08%"
"07/12/2024","20,524.00","20,432.75","20,741.00","20,335.00","724.34K","0.40%"
"07/11/2024","20,441.75","20,895.50","20,983.75","20,377.25","906.13K","-2.19%"
"07/10/2024","20,899.75","20,686.00","20,916.75","20,684.50","576.69K","1.07%"
"07/09/2024","20,678.50","20,681.00","20,771.75","20,615.75","569.69K","0.09%"
"07/08/2024","20,659.75","20,591.50","20,688.00","20,579.25","497.11K","0.19%"
"07/05/2024","20,620.75","20,419.25","20,639.50","20,361.00","600.21K","1.13%"
"07/04/2024","20,390.50","20,404.00","20,415.75","20,368.00","56.69K","-0.10%"
"07/03/2024","20,411.50","20,241.00","20,435.25","20,205.00","395.13K","0.77%"
"07/02/2024","20,255.25","20,045.75","20,259.25","19,910.00","621.48K","1.01%"
"07/01/2024","20,052.00","19,970.00","20,074.00","19,811.75","639.34K","0.43%"
"06/29/2024","19,966.50","19,966.50","19,966.50","19,966.50","","0.20%"
"06/28/2024","19,927.25","20,063.25","20,273.25","19,906.25","750.32K","-0.56%"
"06/27/2024","20,039.50","19,946.00","20,116.75","19,874.25","589.65K","0.13%"
"06/26/2024","20,012.50","19,973.00","20,070.50","19,901.00","590.18K","0.20%"
"06/25/2024","19,972.25","19,756.00","19,981.25","19,726.00","574.52K","1.12%"
"06/24/2024","19,750.75","20,014.75","20,030.25","19,728.00","683.90K","-1.29%"
"06/22/2024","20,009.75","20,009.75","20,009.75","20,009.75","","1.33%"
"06/21/2024","19,747.29","19,781.25","19,819.25","19,687.50","8.05K","-0.08%"
"06/20/2024","19,763.25","19,930.25","20,095.00","19,694.25","157.05K","-2.33%"
"06/19/2024","20,235.75","20,223.00","20,251.75","20,209.00","76.18K","1.59%"
"06/18/2024","19,919.25","19,918.50","19,996.50","19,851.75","201.83K","-0.01%"
"06/17/2024","19,921.25","19,695.00","20,001.00","19,640.50","423.23K","1.20%"
"06/14/2024","19,685.50","19,602.75","19,699.50","19,501.50","584.29K","0.42%"
"06/13/2024","19,602.50","19,602.00","19,691.00","19,500.00","584.73K","0.54%"
"06/12/2024","19,496.50","19,248.00","19,612.25","19,233.50","691.08K","1.32%"
"06/11/2024","19,242.25","19,107.25","19,257.50","18,994.50","564.71K","0.69%"
"06/10/2024","19,109.75","19,025.00","19,129.75","18,974.25","571.67K","0.38%"
"06/07/2024","19,037.75","19,064.00","19,155.00","18,940.00","612.03K","-0.12%"
"06/06/2024","19,060.25","19,089.50","19,124.50","19,017.25","524.90K","-0.07%"
"06/05/2024","19,074.25","18,711.00","19,090.50","18,696.25","575.23K","2.00%"
"06/04/2024","18,701.00","18,662.50","18,753.25","18,511.25","616.70K","0.29%"
"06/03/2024","18,646.25","18,590.25","18,755.50","18,435.75","669.10K","0.30%"
"05/31/2024","18,591.00","18,590.75","18,668.25","18,241.25","834.00K","-0.08%"
"05/30/2024","18,606.50","18,753.00","18,787.00","18,546.25","619.55K","-1.04%"
"05/29/2024","18,802.75","18,949.50","18,949.75","18,740.00","573.94K","-0.73%"
"05/28/2024","18,940.50","18,874.75","18,980.50","18,819.50","642.95K","0.18%"
"05/27/2024","18,907.00","18,837.25","18,955.75","18,834.25","82.23K","0.38%"
"05/26/2024","18,836.25","18,874.75","18,886.50","18,836.25","6.25K","-0.21%"
"05/24/2024","18,876.00","18,684.00","18,926.00","18,680.00","552.08K","0.96%"
"05/23/2024","18,696.25","18,860.50","19,023.25","18,621.50","851.58K","-0.48%"
"05/22/2024","18,786.75","18,798.25","18,891.00","18,684.25","578.44K","-0.07%"
"05/21/2024","18,799.25","18,746.00","18,808.75","18,678.00","426.12K","0.19%"
"05/20/2024","18,763.00","18,633.50","18,794.50","18,633.00","470.38K","0.69%"
"05/18/2024","18,633.75","18,633.75","18,633.75","18,633.75","","-0.01%"
"05/17/2024","18,635.25","18,642.00","18,686.75","18,545.00","489.23K","-0.08%"
"05/16/2024","18,650.00","18,693.25","18,760.75","18,633.25","548.58K","-0.22%"
"05/15/2024","18,691.75","18,409.75","18,707.00","18,393.00","605.87K","1.50%"
"05/14/2024","18,415.00","18,282.00","18,433.00","18,165.50","555.37K","0.65%"
"05/13/2024","18,295.50","18,238.00","18,336.25","18,228.75","411.04K","0.31%"
"05/11/2024","18,239.25","18,239.25","18,239.25","18,239.25","","-0.09%"
"05/10/2024","18,255.00","18,226.00","18,348.00","18,188.50","473.88K","0.22%"
"05/09/2024","18,214.50","18,160.75","18,240.25","18,103.75","471.20K","0.15%"
"05/08/2024","18,186.50","18,194.00","18,242.25","18,072.50","453.71K","-0.07%"
"05/07/2024","18,199.50","18,189.50","18,266.25","18,151.00","469.72K","0.02%"
"05/06/2024","18,195.50","18,047.50","18,201.25","17,983.75","395.49K","0.94%"
"05/04/2024","18,025.50","18,025.50","18,025.50","18,025.50","","0.14%"
"05/03/2024","18,000.75","17,744.25","18,050.25","17,719.50","556.95K","1.99%"
"05/02/2024","17,649.75","17,487.00","17,755.25","17,386.25","635.30K","1.21%"
"05/01/2024","17,438.25","17,462.50","17,793.25","17,399.25","791.17K","-0.76%"
"04/30/2024","17,571.25","17,918.50","17,920.25","17,473.50","677.70K","-1.86%"
"04/29/2024","17,904.25","17,864.75","17,949.00","17,791.25","528.89K","0.38%"
"04/27/2024","17,836.75","17,836.75","17,836.75","17,836.75","","-0.05%"
"04/26/2024","17,845.75","17,808.25","17,901.50","17,668.25","628.23K","1.58%"
"04/25/2024","17,567.50","17,450.00","17,827.50","17,308.25","820.01K","-0.55%"
"04/24/2024","17,664.50","17,682.00","17,795.50","17,481.75","667.40K","0.33%"
"04/23/2024","17,606.75","17,352.25","17,666.00","17,286.25","601.83K","1.48%"
"04/22/2024","17,350.00","17,228.25","17,448.00","17,148.50","646.13K","0.99%"
"04/20/2024","17,179.25","17,179.25","17,179.25","17,179.25","","-0.01%"
"04/19/2024","17,180.75","17,530.75","17,553.25","17,113.25","1.02M","-2.09%"
"04/18/2024","17,547.25","17,669.75","17,770.75","17,506.25","756.16K","-0.63%"
"04/17/2024","17,658.50","17,897.00","17,968.50","17,615.25","844.75K","-1.25%"
"04/16/2024","17,881.25","17,879.00","17,988.00","17,792.00","766.36K","0.03%"
"04/15/2024","17,876.25","18,151.00","18,350.75","17,841.50","797.32K","-1.63%"
"04/13/2024","18,172.50","18,172.50","18,172.50","18,172.50","","-0.04%"
"04/12/2024","18,179.25","18,486.25","18,507.75","18,120.25","787.33K","-1.65%"
"04/11/2024","18,485.00","18,184.00","18,518.75","18,088.00","728.80K","1.58%"
"04/10/2024","18,196.75","18,381.00","18,474.25","18,053.50","880.50K","-0.89%"
"04/09/2024","18,359.75","18,314.75","18,407.25","18,160.75","696.07K","0.35%"
"04/08/2024","18,295.00","18,348.25","18,376.00","18,237.50","524.20K","-0.03%"
"04/05/2024","18,300.75","18,086.25","18,408.25","18,051.50","809.19K","1.24%"
"04/04/2024","18,076.75","18,388.50","18,568.00","18,055.25","777.14K","-1.61%"
"04/03/2024","18,373.25","18,345.00","18,451.75","18,232.50","597.99K","0.24%"
"04/02/2024","18,330.00","18,497.25","18,511.00","18,201.50","618.98K","-0.90%"
"04/01/2024","18,497.25","18,503.00","18,612.00","18,414.50","572.13K","0.12%"
"03/28/2024","18,475.00","18,505.00","18,538.75","18,447.50","515.19K","-0.16%"
"03/27/2024","18,503.75","18,477.50","18,571.75","18,378.50","605.63K","0.30%"
"03/26/2024","18,449.00","18,531.25","18,619.00","18,439.25","516.51K","-0.35%"
"03/25/2024","18,513.50","18,567.00","18,601.25","18,414.75","456.25K","-0.33%"
"03/22/2024","18,574.75","18,580.50","18,626.00","18,492.00","511.96K","0.07%"
"03/21/2024","18,561.75","18,539.75","18,709.00","18,526.75","606.96K","0.44%"
"03/20/2024","18,479.75","18,274.00","18,545.00","18,227.50","618.81K","1.15%"
"03/19/2024","18,270.00","18,222.00","18,289.25","18,053.25","660.39K","0.21%"
"03/18/2024","18,231.50","18,073.50","18,381.00","18,062.25","656.63K","2.11%"
"03/15/2024","17,854.75","18,006.00","18,074.75","17,831.75","9.84K","-0.94%"
"03/14/2024","18,024.50","18,094.25","18,177.75","17,915.50","110.28K","-0.30%"
"03/13/2024","18,078.50","18,218.00","18,256.50","18,033.25","179.71K","-0.82%"
"03/12/2024","18,227.75","18,010.50","18,241.75","17,930.00","281.27K","1.43%"
"03/11/2024","17,971.00","18,056.00","18,068.25","17,890.50","472.52K","-0.42%"
"03/08/2024","18,046.75","18,279.00","18,436.50","18,012.50","1.05M","-1.47%"
"03/07/2024","18,316.25","18,041.00","18,360.00","17,915.75","758.50K","1.51%"
"03/06/2024","18,044.25","17,981.00","18,174.25","17,942.50","806.13K","0.64%"
"03/05/2024","17,930.25","18,246.00","18,252.00","17,832.50","803.86K","-1.82%"
"03/04/2024","18,262.00","18,336.00","18,377.75","18,234.25","569.34K","-0.42%"
"03/01/2024","18,338.25","18,075.00","18,372.75","18,029.50","639.15K","1.41%"
"02/29/2024","18,082.75","17,870.00","18,109.50","17,826.00","680.15K","0.93%"
"02/28/2024","17,915.25","18,017.50","18,019.75","17,846.25","553.73K","-0.59%"
"02/27/2024","18,021.00","17,951.00","18,040.25","17,908.75","567.82K","0.24%"
"02/26/2024","17,977.00","17,961.50","18,059.50","17,922.00","526.17K","-0.08%"
"02/23/2024","17,991.00","18,023.25","18,144.75","17,946.00","659.73K","-0.31%"
"02/22/2024","18,047.50","17,702.50","18,087.00","17,676.00","759.23K","2.91%"
"02/21/2024","17,536.75","17,573.00","17,723.00","17,372.75","731.45K","-0.40%"
"02/20/2024","17,607.25","17,729.25","17,807.50","17,452.50","889.29K","-0.77%"
"02/16/2024","17,744.00","17,952.00","18,026.00","17,715.00","744.63K","-0.94%"
"02/15/2024","17,912.75","17,870.00","17,968.25","17,780.50","657.77K","0.18%"
"02/14/2024","17,881.00","17,703.00","17,887.00","17,669.25","688.09K","1.16%"
"02/13/2024","17,676.75","17,928.50","17,963.25","17,542.00","858.23K","-1.60%"
"02/12/2024","17,965.00","18,040.00","18,121.50","17,911.25","538.13K","-0.41%"
"02/09/2024","18,039.25","17,854.25","18,071.00","17,852.25","499.28K","0.96%"
"02/08/2024","17,868.25","17,856.25","17,896.50","17,792.25","471.37K","0.15%"
"02/07/2024","17,841.75","17,645.75","17,875.50","17,629.75","613.34K","1.03%"
"02/06/2024","17,660.00","17,698.50","17,769.00","17,560.75","623.17K","-0.23%"
"02/05/2024","17,700.00","17,696.00","17,745.50","17,554.25","621.65K","-0.18%"
"02/02/2024","17,732.75","17,588.00","17,775.50","17,465.50","761.17K","1.70%"
"02/01/2024","17,436.75","17,273.25","17,646.75","17,262.75","705.24K","1.13%"
"01/31/2024","17,242.25","17,415.50","17,484.00","17,221.50","816.12K","-1.97%"
"01/30/2024","17,588.50","17,711.75","17,735.75","17,467.00","554.15K","-0.66%"
"01/29/2024","17,706.00","17,502.00","17,716.25","17,457.50","568.74K","1.02%"
"01/26/2024","17,527.00","17,571.25","17,632.00","17,466.00","631.48K","-0.61%"
"01/25/2024","17,634.50","17,614.75","17,752.00","17,542.00","710.82K","0.08%"
"01/24/2024","17,621.00","17,554.00","17,793.50","17,552.25","721.61K","0.51%"
"01/23/2024","17,531.25","17,461.00","17,558.25","17,409.50","508.08K","0.42%"
"01/22/2024","17,458.50","17,466.00","17,585.00","17,434.00","637.25K","0.11%"
"01/19/2024","17,438.50","17,116.00","17,471.25","17,107.25","758.13K","1.92%"
"01/18/2024","17,110.00","16,854.50","17,125.75","16,834.25","852.23K","1.42%"
"01/17/2024","16,869.75","16,978.00","16,982.00","16,689.25","722.78K","-0.57%"
"01/16/2024","16,966.50","16,961.75","17,033.75","16,811.75","816.02K","-0.02%"
"01/12/2024","16,969.25","16,957.75","17,042.50","16,866.50","593.45K","0.02%"
"01/11/2024","16,966.25","16,955.00","17,057.00","16,753.00","756.44K","0.12%"
"01/10/2024","16,945.25","16,829.50","16,983.00","16,801.50","550.70K","0.68%"
"01/09/2024","16,830.25","16,788.00","16,868.50","16,657.75","605.92K","0.16%"
"01/08/2024","16,803.75","16,470.00","16,811.25","16,378.25","549.90K","2.09%"
"01/05/2024","16,460.25","16,455.00","16,577.25","16,334.25","627.48K","0.09%"
"01/04/2024","16,445.00","16,545.25","16,587.25","16,436.00","559.46K","-0.56%"
"01/03/2024","16,538.00","16,736.75","16,737.25","16,522.00","677.22K","-1.09%"
"01/02/2024","16,720.00","17,019.00","17,038.50","16,622.50","652.71K","-1.78%"
"12/29/2023","17,023.50","17,090.25","17,131.00","16,938.25","470.86K","-0.39%"
"12/28/2023","17,090.50","17,127.00","17,165.25","17,077.75","357.70K","-0.13%"
"12/27/2023","17,113.25","17,090.25","17,133.00","17,055.50","424.30K","0.17%"
"12/26/2023","17,083.50","16,964.50","17,111.25","16,964.50","292.09K","0.61%"
"12/22/2023","16,980.00","16,956.00","17,041.50","16,891.50","486.85K","0.14%"
"12/21/2023","16,956.50","16,790.25","16,970.25","16,790.25","639.82K","1.13%"
"12/20/2023","16,766.25","17,024.00","17,073.50","16,758.50","654.33K","-1.51%"
"12/19/2023","17,023.00","16,917.00","17,029.50","16,910.75","496.52K","0.49%"
"12/18/2023","16,939.75","16,820.25","16,974.00","16,802.25","463.44K","2.48%"
"12/15/2023","16,530.23","16,532.50","16,612.50","16,521.50","12.65K","-0.07%"
"12/14/2023","16,541.50","16,561.50","16,674.50","16,418.75","131.88K","-0.13%"
"12/13/2023","16,563.75","16,383.00","16,593.00","16,365.50","155.14K","1.23%"
"12/12/2023","16,362.75","16,240.00","16,389.50","16,185.25","253.67K","0.77%"
"12/11/2023","16,237.00","16,093.00","16,248.00","16,045.50","394.18K","0.86%"
"12/08/2023","16,098.25","16,017.50","16,118.75","15,888.25","588.93K","0.37%"
"12/07/2023","16,038.75","15,814.50","16,066.00","15,791.00","632.33K","1.41%"
"12/06/2023","15,815.25","15,897.00","16,037.75","15,802.00","675.48K","-0.59%"
"12/05/2023","15,908.75","15,863.25","15,961.00","15,761.25","683.59K","0.25%"
"12/04/2023","15,869.00","16,022.00","16,026.00","15,721.25","721.02K","-0.97%"
"12/01/2023","16,023.75","15,955.00","16,050.00","15,864.00","621.71K","0.24%"
"11/30/2023","15,985.50","16,040.25","16,098.50","15,856.00","694.12K","-0.24%"
"11/29/2023","16,023.75","16,055.50","16,208.50","16,013.50","634.33K","-0.15%"
"11/28/2023","16,048.00","16,005.25","16,071.50","15,945.25","598.22K","0.25%"
"11/27/2023","16,008.75","16,008.00","16,089.25","15,938.75","502.56K","-0.08%"
"11/24/2023","16,021.00","16,036.75","16,086.50","15,981.75","296.60K","-0.18%"
"11/22/2023","16,049.25","15,967.25","16,173.50","15,942.75","624.55K","0.37%"
"11/21/2023","15,990.25","16,087.50","16,122.50","15,912.00","575.45K","-0.60%"
"11/20/2023","16,086.50","15,895.00","16,116.75","15,837.25","559.49K","1.20%"
"11/17/2023","15,895.75","15,897.75","15,940.00","15,825.00","562.42K","-0.01%"
"11/16/2023","15,897.50","15,846.75","15,906.75","15,796.75","634.46K","0.05%"
"11/15/2023","15,889.25","15,895.00","16,049.50","15,832.25","685.07K","0.06%"
"11/14/2023","15,879.75","15,558.00","15,918.75","15,552.00","656.10K","2.14%"
"11/13/2023","15,547.00","15,586.25","15,601.25","15,465.25","532.94K","-0.32%"
"11/10/2023","15,596.25","15,254.75","15,612.75","15,207.25","679.63K","2.23%"
"11/09/2023","15,256.00","15,356.25","15,453.75","15,236.75","710.43K","-0.85%"
"11/08/2023","15,386.50","15,373.00","15,417.50","15,286.75","547.84K","0.08%"
"11/07/2023","15,374.25","15,215.00","15,412.25","15,176.00","585.12K","0.93%"
"11/06/2023","15,232.50","15,187.00","15,257.50","15,138.00","496.13K","0.35%"
"11/03/2023","15,178.75","14,928.00","15,228.50","14,925.50","633.84K","1.21%"
"11/02/2023","14,998.00","14,761.25","15,017.25","14,760.00","652.48K","1.72%"
"11/01/2023","14,744.50","14,460.00","14,762.00","14,410.75","741.82K","1.75%"
"10/31/2023","14,490.25","14,410.50","14,503.75","14,311.25","712.61K","0.51%"
"10/30/2023","14,416.50","14,336.00","14,476.50","14,303.00","704.86K","1.06%"
"10/27/2023","14,265.25","14,248.25","14,407.75","14,209.75","782.10K","0.50%"
"10/26/2023","14,194.00","14,425.00","14,459.00","14,140.25","987.60K","-1.96%"
"10/25/2023","14,478.25","14,828.00","14,855.00","14,444.00","820.68K","-2.48%"
"10/24/2023","14,846.50","14,744.00","14,948.75","14,706.00","703.06K","0.91%"
"10/23/2023","14,712.00","14,680.00","14,853.75","14,514.25","765.73K","0.33%"
"10/20/2023","14,664.00","14,850.00","14,887.50","14,645.00","846.68K","-1.52%"
"10/19/2023","14,890.00","15,045.00","15,138.25","14,839.50","1.02M","-0.90%"
"10/18/2023","15,025.25","15,236.50","15,238.25","14,979.25","853.60K","-1.41%"
"10/17/2023","15,240.75","15,305.75","15,309.25","15,050.25","781.60K","-0.32%"
"10/16/2023","15,289.50","15,120.00","15,336.75","15,083.00","641.29K","1.12%"
"10/13/2023","15,120.25","15,324.00","15,366.75","15,062.25","777.01K","-1.27%"
"10/12/2023","15,315.00","15,407.50","15,468.75","15,216.25","747.49K","-0.42%"
"10/11/2023","15,380.00","15,282.25","15,416.75","15,253.00","614.97K","0.72%"
"10/10/2023","15,270.75","15,196.50","15,383.50","15,171.75","648.61K","0.55%"
"10/09/2023","15,187.00","15,040.25","15,212.75","14,949.50","617.07K","0.50%"
"10/06/2023","15,112.00","14,853.75","15,160.25","14,660.00","840.60K","1.68%"
"10/05/2023","14,861.75","14,903.00","14,958.75","14,716.25","676.46K","-0.42%"
"10/04/2023","14,923.75","14,713.75","14,956.00","14,589.00","803.26K","1.42%"
"10/03/2023","14,714.50","14,989.50","15,031.00","14,651.50","762.96K","-1.80%"
"10/02/2023","14,984.75","14,965.00","15,046.00","14,826.00","762.90K","0.80%"
"09/29/2023","14,866.50","14,876.50","15,060.75","14,811.00","745.54K","0.05%"
"09/28/2023","14,859.75","14,772.50","14,947.50","14,658.00","734.47K","0.82%"
"09/27/2023","14,739.00","14,725.25","14,821.50","14,586.00","716.20K","0.16%"
"09/26/2023","14,715.00","14,949.00","14,949.00","14,666.25","667.62K","-1.47%"
"09/25/2023","14,935.25","14,880.25","14,955.75","14,782.25","568.86K","0.44%"
"09/22/2023","14,869.50","14,854.50","15,027.50","14,836.25","624.06K","0.05%"
"09/21/2023","14,862.75","15,133.25","15,149.00","14,841.00","702.74K","-1.91%"
"09/20/2023","15,152.00","15,375.25","15,436.25","15,127.00","605.26K","-1.45%"
"09/19/2023","15,375.25","15,424.25","15,442.25","15,248.50","552.07K","-0.25%"
"09/18/2023","15,414.50","15,382.25","15,461.00","15,330.50","509.75K","-0.13%"
"09/15/2023","15,435.20","15,480.25","15,524.00","15,401.25","9.27K","-0.28%"
"09/14/2023","15,478.00","15,372.75","15,517.75","15,337.25","110.44K","0.79%"
"09/13/2023","15,356.25","15,308.50","15,424.25","15,212.75","190.17K","0.34%"
"09/12/2023","15,304.75","15,466.50","15,480.75","15,288.75","253.05K","-1.10%"
"09/11/2023","15,475.75","15,308.00","15,497.50","15,298.00","411.39K","1.17%"
"09/08/2023","15,297.50","15,286.25","15,390.75","15,223.00","598.48K","0.10%"
"09/07/2023","15,282.25","15,385.00","15,395.75","15,157.50","644.89K","-0.76%"
"09/06/2023","15,399.50","15,511.25","15,533.00","15,310.50","596.50K","-0.87%"
"09/05/2023","15,534.50","15,517.00","15,586.75","15,418.25","604.89K","0.12%"
"09/01/2023","15,516.25","15,534.00","15,661.25","15,454.00","572.69K","-0.14%"
"08/31/2023","15,538.50","15,513.75","15,606.75","15,460.00","584.74K","0.24%"
"08/30/2023","15,501.25","15,427.50","15,522.75","15,361.50","590.19K","0.55%"
"08/29/2023","15,415.75","15,098.75","15,430.50","15,049.75","616.22K","2.14%"
"08/28/2023","15,092.50","14,991.00","15,126.50","14,973.50","586.34K","0.76%"
"08/25/2023","14,979.25","14,833.00","15,048.75","14,751.75","823.89K","0.79%"
"08/24/2023","14,862.00","15,333.00","15,418.00","14,817.00","847.31K","-2.19%"
"08/23/2023","15,195.50","14,959.75","15,356.75","14,957.25","606.17K","1.58%"
"08/22/2023","14,958.50","14,974.50","15,118.25","14,932.00","623.73K","-0.18%"
"08/21/2023","14,985.75","14,762.50","15,013.75","14,720.50","641.69K","1.64%"
"08/18/2023","14,744.00","14,748.00","14,802.75","14,609.25","731.24K","-0.23%"
"08/17/2023","14,778.00","14,940.25","15,018.25","14,738.25","681.40K","-1.10%"
"08/16/2023","14,942.25","15,110.75","15,166.00","14,921.50","641.61K","-1.09%"
"08/15/2023","15,106.50","15,279.00","15,335.00","15,074.75","593.60K","-1.07%"
"08/14/2023","15,270.25","15,104.00","15,282.00","15,020.75","554.63K","1.16%"
"08/11/2023","15,095.75","15,219.00","15,266.75","15,037.25","613.96K","-0.69%"
"08/10/2023","15,201.25","15,202.50","15,442.25","15,136.00","807.10K","0.15%"
"08/09/2023","15,178.25","15,351.75","15,432.50","15,146.50","652.73K","-1.15%"
"08/08/2023","15,354.25","15,495.00","15,497.75","15,218.00","638.81K","-0.85%"
"08/07/2023","15,485.50","15,370.50","15,495.50","15,334.25","578.30K","0.86%"
"08/04/2023","15,354.00","15,441.00","15,610.25","15,336.50","773.23K","-0.55%"
"08/03/2023","15,438.75","15,455.75","15,551.75","15,339.50","658.84K","-0.22%"
"08/02/2023","15,473.00","15,757.00","15,789.75","15,414.00","773.50K","-2.18%"
"08/01/2023","15,817.25","15,869.25","15,889.25","15,728.25","529.66K","-0.25%"
"07/31/2023","15,857.50","15,850.00","15,917.00","15,791.25","523.90K","0.06%"
"07/28/2023","15,847.50","15,580.00","15,896.00","15,546.25","689.39K","1.78%"
"07/27/2023","15,571.00","15,638.75","15,904.00","15,511.25","846.44K","-0.25%"
"07/26/2023","15,610.75","15,730.25","15,739.25","15,515.00","683.83K","-0.40%"
"07/25/2023","15,673.00","15,570.00","15,736.25","15,549.25","554.88K","0.72%"
"07/24/2023","15,561.25","15,556.00","15,618.75","15,483.75","561.88K","0.14%"
"07/21/2023","15,540.00","15,590.75","15,719.25","15,522.25","704.41K","-0.34%"
"07/20/2023","15,592.25","15,922.75","15,925.75","15,547.00","810.48K","-2.30%"
"07/19/2023","15,959.25","15,949.25","16,062.75","15,911.25","682.28K","-0.10%"
"07/18/2023","15,974.75","15,832.00","16,029.75","15,733.00","633.27K","0.85%"
"07/17/2023","15,840.75","15,690.00","15,882.75","15,661.50","522.13K","0.93%"
"07/14/2023","15,694.25","15,699.00","15,857.25","15,663.00","629.94K","-0.11%"
"07/13/2023","15,711.50","15,457.75","15,741.25","15,456.50","563.94K","1.73%"
"07/12/2023","15,444.75","15,258.00","15,507.75","15,254.50","649.43K","1.21%"
"07/11/2023","15,260.00","15,195.75","15,278.75","15,109.50","552.64K","0.48%"
"07/10/2023","15,187.00","15,198.50","15,218.25","15,063.25","609.95K","0.03%"
"07/07/2023","15,181.75","15,211.75","15,359.75","15,172.25","555.12K","-0.37%"
"07/06/2023","15,238.00","15,353.75","15,366.00","15,111.50","574.68K","-0.80%"
"07/05/2023","15,360.75","15,357.00","15,432.00","15,255.25","519.86K","-0.03%"
"07/03/2023","15,364.75","15,331.00","15,392.00","15,308.00","265.06K","0.18%"
"06/30/2023","15,337.00","15,106.00","15,376.75","15,099.00","529.46K","1.57%"
"06/29/2023","15,100.25","15,161.00","15,202.75","15,028.50","594.13K","-0.20%"
"06/28/2023","15,130.00","15,088.25","15,219.00","15,021.25","662.15K","0.12%"
"06/27/2023","15,111.50","14,875.00","15,139.25","14,862.25","569.20K","1.72%"
"06/26/2023","14,856.50","15,057.75","15,152.50","14,853.50","649.99K","-1.34%"
"06/23/2023","15,058.25","15,236.00","15,236.00","14,985.25","620.59K","-1.03%"
"06/22/2023","15,214.75","15,038.75","15,238.00","14,964.00","611.02K","1.14%"
"06/21/2023","15,044.00","15,247.50","15,273.25","15,002.25","640.70K","-1.39%"
"06/20/2023","15,256.50","15,303.25","15,322.50","15,126.50","652.88K","-0.39%"
"06/16/2023","15,316.61","15,181.25","15,324.00","15,130.50","10.20K","0.85%"
"06/15/2023","15,188.00","15,038.00","15,252.00","14,878.00","139.78K","1.17%"
"06/14/2023","15,012.75","14,925.00","15,061.50","14,793.00","204.10K","0.66%"
"06/13/2023","14,914.25","14,824.00","14,967.75","14,779.50","347.12K","0.77%"
"06/12/2023","14,800.50","14,560.25","14,827.00","14,554.25","397.39K","1.68%"
"06/09/2023","14,556.25","14,517.00","14,687.50","14,460.25","581.39K","0.37%"
"06/08/2023","14,503.00","14,316.00","14,526.75","14,256.75","631.77K","1.20%"
"06/07/2023","14,331.50","14,594.50","14,675.00","14,305.50","770.56K","-1.75%"
"06/06/2023","14,586.50","14,582.00","14,623.75","14,504.50","572.81K","-0.02%"
"06/05/2023","14,588.75","14,577.00","14,694.75","14,512.75","619.09K","0.09%"
"06/02/2023","14,575.25","14,494.00","14,627.75","14,468.25","623.29K","0.71%"
"06/01/2023","14,472.25","14,289.50","14,528.25","14,248.25","622.33K","1.20%"
"05/31/2023","14,300.50","14,397.25","14,429.00","14,251.25","680.43K","-0.67%"
"05/30/2023","14,396.75","14,437.50","14,570.00","14,336.75","882.20K","0.45%"
"05/26/2023","14,332.50","13,977.75","14,369.00","13,924.50","729.05K","2.55%"
"05/25/2023","13,976.50","13,877.00","14,031.25","13,803.00","819.15K","2.39%"
"05/24/2023","13,650.25","13,729.00","13,845.75","13,566.50","704.80K","-0.57%"
"05/23/2023","13,728.75","13,913.25","13,979.25","13,710.00","658.68K","-1.25%"
"05/22/2023","13,902.50","13,805.50","13,946.75","13,794.25","538.20K","0.32%"
"05/19/2023","13,858.00","13,908.50","13,960.25","13,814.25","659.82K","-0.26%"
"05/18/2023","13,894.00","13,640.50","13,913.00","13,628.25","749.50K","1.84%"
"05/17/2023","13,643.50","13,498.50","13,669.00","13,474.25","621.14K","1.19%"
"05/16/2023","13,483.25","13,461.00","13,554.50","13,426.25","561.83K","0.11%"
"05/15/2023","13,468.00","13,378.75","13,480.00","13,350.00","495.94K","0.54%"
"05/12/2023","13,396.25","13,446.00","13,494.25","13,310.50","628.04K","-0.37%"
"05/11/2023","13,446.50","13,410.00","13,470.25","13,361.50","653.40K","0.28%"
"05/10/2023","13,409.50","13,258.75","13,446.75","13,202.75","839.70K","1.09%"
"05/09/2023","13,264.75","13,338.50","13,347.00","13,250.50","552.25K","-0.66%"
"05/08/2023","13,352.25","13,316.00","13,368.00","13,254.50","506.05K","0.26%"
"05/05/2023","13,317.75","13,060.00","13,359.00","13,055.75","573.29K","2.10%"
"05/04/2023","13,043.75","13,064.00","13,173.00","13,001.75","656.44K","-0.44%"
"05/03/2023","13,100.75","13,162.00","13,314.00","13,080.00","648.75K","-0.64%"
"05/02/2023","13,184.50","13,290.00","13,334.75","13,110.25","664.86K","-0.92%"
"05/01/2023","13,306.75","13,317.00","13,370.25","13,258.75","487.91K","-0.10%"
"04/28/2023","13,320.25","13,215.00","13,336.00","13,169.00","671.06K","0.67%"
"04/27/2023","13,231.25","12,965.00","13,333.00","12,936.00","728.24K","2.67%"
"04/26/2023","12,887.75","12,940.00","13,012.25","12,863.75","755.12K","0.61%"
"04/25/2023","12,809.50","13,050.25","13,059.50","12,800.00","694.27K","-1.89%"
"04/24/2023","13,056.50","13,070.00","13,134.00","12,967.25","582.29K","-0.26%"
"04/21/2023","13,090.50","13,089.00","13,122.00","12,982.50","593.98K","0.12%"
"04/20/2023","13,074.25","13,162.00","13,200.00","13,021.75","680.30K","-0.82%"
"04/19/2023","13,183.00","13,170.50","13,226.75","13,065.00","529.51K","-0.08%"
"04/18/2023","13,193.00","13,184.00","13,298.75","13,138.00","576.67K","0.05%"
"04/17/2023","13,186.50","13,212.50","13,218.00","13,076.75","540.74K","0.04%"
"04/14/2023","13,181.25","13,183.00","13,255.00","13,058.00","627.82K","-0.22%"
"04/13/2023","13,209.75","12,957.00","13,228.00","12,925.50","558.23K","1.99%"
"04/12/2023","12,952.25","13,073.75","13,241.75","12,937.75","684.78K","-0.94%"
"04/11/2023","13,074.75","13,163.25","13,208.75","13,053.50","549.05K","-0.63%"
"04/10/2023","13,158.00","13,179.75","13,203.25","12,967.50","553.00K","-0.10%"
"04/07/2023","13,170.75","13,162.75","13,192.25","13,122.00","41.22K","0.00%"
"04/06/2023","13,170.75","13,072.75","13,191.00","12,953.25","598.22K","0.70%"
"04/05/2023","13,079.75","13,230.00","13,247.25","13,006.00","594.61K","-1.05%"
"04/04/2023","13,219.00","13,259.00","13,348.75","13,168.25","577.03K","-0.38%"
"04/03/2023","13,270.00","13,262.00","13,278.75","13,154.00","542.90K","-0.24%"
"03/31/2023","13,301.75","13,084.25","13,311.50","13,057.50","624.96K","1.68%"
"03/30/2023","13,082.00","12,962.50","13,111.75","12,931.50","583.15K","0.90%"
"03/29/2023","12,965.00","12,745.50","12,994.00","12,742.00","566.32K","1.83%"
"03/28/2023","12,732.50","12,810.50","12,833.50","12,634.25","537.97K","-0.44%"
"03/27/2023","12,788.50","12,916.00","12,984.50","12,765.50","562.63K","-0.79%"
"03/24/2023","12,890.25","12,871.50","12,924.75","12,728.00","676.55K","0.28%"
"03/23/2023","12,854.00","12,695.00","13,031.00","12,694.25","838.39K","1.16%"
"03/22/2023","12,707.00","12,873.25","13,082.00","12,678.00","713.08K","-1.25%"
"03/21/2023","12,867.25","12,699.75","12,898.25","12,676.50","565.86K","1.41%"
"03/20/2023","12,688.50","12,690.00","12,750.00","12,525.25","694.47K","0.75%"
"03/17/2023","12,594.65","12,575.75","12,636.50","12,531.75","8.15K","0.09%"
"03/16/2023","12,583.00","12,264.50","12,600.50","12,189.25","181.75K","2.74%"
"03/15/2023","12,247.75","12,200.75","12,280.00","11,972.00","261.34K","0.33%"
"03/14/2023","12,207.00","11,960.00","12,223.00","11,921.75","364.40K","2.31%"
"03/13/2023","11,931.75","11,894.75","12,095.75","11,674.25","694.44K","0.77%"
"03/10/2023","11,840.25","12,005.00","12,109.00","11,795.00","871.21K","-1.39%"
"03/09/2023","12,007.25","12,231.00","12,353.50","11,977.50","816.84K","-1.81%"
"03/08/2023","12,228.25","12,170.00","12,254.50","12,108.25","633.42K","0.49%"
"03/07/2023","12,169.00","12,320.25","12,381.25","12,142.25","685.01K","-1.25%"
"03/06/2023","12,323.50","12,306.25","12,486.25","12,276.25","612.51K","0.10%"
"03/03/2023","12,311.25","12,049.00","12,329.00","12,012.00","675.47K","2.07%"
"03/02/2023","12,062.00","11,967.00","12,096.25","11,832.50","752.01K","0.84%"
"03/01/2023","11,961.75","12,041.25","12,141.75","11,924.75","759.65K","-0.92%"
"02/28/2023","12,072.25","12,093.50","12,172.75","12,025.75","646.03K","-0.09%"
"02/27/2023","12,083.25","12,003.00","12,189.50","11,990.00","578.95K","0.72%"
"02/24/2023","11,997.00","12,190.00","12,214.50","11,923.00","643.62K","-1.72%"
"02/23/2023","12,207.50","12,176.25","12,261.00","12,028.50","640.96K","0.91%"
"02/22/2023","12,097.50","12,108.00","12,190.50","12,034.00","640.71K","0.01%"
"02/21/2023","12,096.75","12,380.00","12,417.75","12,090.25","609.49K","-2.37%"
"02/17/2023","12,390.00","12,462.50","12,466.25","12,265.75","629.36K","-0.74%"
"02/16/2023","12,482.50","12,740.00","12,792.75","12,455.25","682.33K","-1.94%"
"02/15/2023","12,730.00","12,620.75","12,756.50","12,524.25","568.58K","0.78%"
"02/14/2023","12,631.00","12,547.25","12,687.00","12,390.50","719.20K","0.72%"
"02/13/2023","12,540.50","12,357.50","12,567.00","12,265.25","467.84K","1.57%"
"02/10/2023","12,346.25","12,448.75","12,451.50","12,243.25","600.24K","-0.64%"
"02/09/2023","12,425.50","12,555.00","12,728.50","12,366.50","612.40K","-0.95%"
"02/08/2023","12,545.25","12,747.00","12,808.50","12,512.75","590.36K","-1.81%"
"02/07/2023","12,776.75","12,513.00","12,818.50","12,459.25","745.00K","2.09%"
"02/06/2023","12,515.50","12,572.00","12,608.50","12,455.75","535.15K","-0.86%"
"02/03/2023","12,624.00","12,748.25","12,878.00","12,551.25","824.21K","-1.73%"
"02/02/2023","12,846.75","12,520.00","12,949.75","12,501.75","817.82K","3.48%"
"02/01/2023","12,414.25","12,116.00","12,524.50","12,055.25","668.52K","2.16%"
"01/31/2023","12,152.00","11,984.00","12,156.00","11,871.00","585.20K","1.54%"
"01/30/2023","11,968.00","12,212.50","12,252.00","11,960.00","634.67K","-2.08%"
"01/27/2023","12,222.25","12,049.00","12,308.50","12,016.00","588.07K","0.95%"
"01/26/2023","12,106.75","11,874.75","12,113.00","11,867.25","621.43K","1.97%"
"01/25/2023","11,873.25","11,970.50","11,976.50","11,604.50","633.47K","-0.30%"
"01/24/2023","11,909.50","11,933.00","12,010.50","11,835.75","511.37K","-0.21%"
"01/23/2023","11,934.00","11,676.75","11,983.00","11,650.50","593.98K","2.20%"
"01/20/2023","11,677.00","11,401.00","11,686.75","11,365.25","577.77K","2.82%"
"01/19/2023","11,356.50","11,470.50","11,487.00","11,308.50","594.77K","-1.04%"
"01/18/2023","11,475.75","11,619.75","11,759.50","11,468.00","619.61K","-1.28%"
"01/17/2023","11,624.50","11,613.50","11,685.00","11,510.25","576.14K","0.14%"
"01/13/2023","11,608.00","11,528.50","11,619.50","11,389.00","482.00K","0.64%"
"01/12/2023","11,534.25","11,474.50","11,579.75","11,291.00","754.57K","0.50%"
"01/11/2023","11,476.50","11,282.50","11,479.50","11,239.75","500.15K","1.72%"
"01/10/2023","11,282.00","11,184.75","11,288.75","11,094.00","559.28K","0.86%"
"01/09/2023","11,185.50","11,126.50","11,385.50","11,120.25","646.32K","0.65%"
"01/06/2023","11,113.50","10,838.75","11,165.75","10,751.00","736.33K","2.71%"
"01/05/2023","10,820.25","10,988.50","11,046.75","10,805.00","694.45K","-1.63%"
"01/04/2023","10,999.25","10,941.25","11,068.50","10,863.50","758.00K","0.49%"
"01/03/2023","10,945.50","11,122.50","11,182.00","10,844.75","657.68K","-0.70%"
"12/30/2022","11,022.25","11,033.50","11,051.50","10,855.50","462.48K","-0.10%"
"12/29/2022","11,032.75","10,785.75","11,071.50","10,777.50","470.00K","2.41%"
"12/28/2022","10,772.75","10,915.75","10,996.50","10,758.75","635.57K","-1.31%"
"12/27/2022","10,915.50","11,104.00","11,183.75","10,896.00","499.80K","-1.44%"
"12/23/2022","11,075.25","11,061.00","11,143.00","10,916.25","534.53K","0.19%"
"12/22/2022","11,054.25","11,357.00","11,384.75","10,870.50","714.50K","-2.47%"
"12/21/2022","11,334.50","11,206.50","11,389.75","11,181.00","631.32K","1.42%"
"12/20/2022","11,175.75","11,182.50","11,247.00","11,043.50","625.09K","-0.16%"
"12/19/2022","11,193.25","11,328.75","11,411.00","11,131.75","562.53K","-1.18%"
"12/16/2022","11,327.04","11,340.25","11,381.25","11,206.50","9.63K","-0.18%"
"12/15/2022","11,347.25","11,758.75","11,779.50","11,298.25","182.84K","-3.43%"
"12/14/2022","11,750.75","11,839.00","11,948.50","11,613.75","197.12K","-0.75%"
"12/13/2022","11,839.75","11,691.25","12,229.50","11,680.50","407.61K","1.09%"
"12/12/2022","11,711.75","11,553.00","11,716.00","11,522.75","354.89K","1.23%"
"12/09/2022","11,569.75","11,641.50","11,748.00","11,517.00","504.05K","-0.65%"
"12/08/2022","11,645.50","11,500.00","11,685.75","11,433.00","600.83K","1.18%"
"12/07/2022","11,509.50","11,566.00","11,596.25","11,422.50","634.69K","-0.49%"
"12/06/2022","11,566.00","11,812.00","11,846.25","11,502.00","657.27K","-2.03%"
"12/05/2022","11,805.75","12,000.50","12,015.75","11,745.50","537.92K","-1.70%"
"12/02/2022","12,010.25","12,039.75","12,067.75","11,740.50","588.30K","-0.44%"
"12/01/2022","12,062.75","12,079.25","12,145.00","11,943.25","629.30K","0.17%"
"11/30/2022","12,042.25","11,520.00","12,078.50","11,497.75","769.08K","4.49%"
"11/29/2022","11,524.75","11,625.00","11,704.50","11,465.00","555.86K","-0.79%"
"11/28/2022","11,616.25","11,731.25","11,788.50","11,575.25","506.25K","-1.41%"
"11/25/2022","11,782.75","11,878.00","11,933.00","11,766.25","252.37K","-0.67%"
"11/23/2022","11,862.75","11,741.50","11,892.75","11,720.00","474.65K","0.92%"
"11/22/2022","11,754.50","11,588.00","11,759.25","11,526.50","531.09K","1.44%"
"11/21/2022","11,588.00","11,723.00","11,756.00","11,553.00","477.97K","-1.02%"
"11/18/2022","11,708.00","11,747.75","11,843.00","11,607.00","585.87K","-0.02%"
"11/17/2022","11,710.50","11,777.75","11,827.50","11,528.25","658.47K","-0.25%"
"11/16/2022","11,739.50","11,882.00","11,963.00","11,706.50","577.86K","-1.38%"
"11/15/2022","11,904.25","11,768.50","12,118.75","11,761.75","771.82K","1.44%"
"11/14/2022","11,734.75","11,791.00","11,898.50","11,702.00","576.68K","-0.96%"
"11/11/2022","11,848.00","11,669.75","11,876.75","11,569.25","682.26K","1.85%"
"11/10/2022","11,632.25","10,841.00","11,677.00","10,808.00","862.15K","7.40%"
"11/09/2022","10,830.75","11,089.25","11,164.25","10,822.25","669.07K","-2.38%"
"11/08/2022","11,094.25","11,016.00","11,231.25","10,928.75","728.87K","0.73%"
"11/07/2022","11,014.25","10,786.50","11,038.50","10,751.00","554.69K","1.14%"
"11/04/2022","10,890.25","10,712.00","10,974.25","10,636.00","881.13K","1.51%"
"11/03/2022","10,728.00","10,938.00","10,996.00","10,708.00","705.05K","-1.98%"
"11/02/2022","10,944.50","11,320.25","11,460.00","10,909.00","770.98K","-3.42%"
"11/01/2022","11,332.00","11,455.00","11,619.00","11,288.75","605.36K","-1.01%"
"10/31/2022","11,447.25","11,592.50","11,595.00","11,367.25","607.68K","-1.21%"
"10/28/2022","11,587.00","11,122.75","11,626.00","11,062.00","728.26K","3.13%"
"10/27/2022","11,235.25","11,417.75","11,537.50","10,921.50","769.07K","-1.84%"
"10/26/2022","11,446.00","11,510.00","11,703.50","11,415.00","784.64K","-2.28%"
"10/25/2022","11,713.50","11,453.75","11,734.00","11,430.25","660.21K","2.05%"
"10/24/2022","11,478.75","11,393.75","11,530.25","11,207.75","715.02K","1.06%"
"10/21/2022","11,358.50","11,061.25","11,386.25","10,935.50","840.95K","2.41%"
"10/20/2022","11,090.75","11,134.00","11,328.75","11,008.00","739.67K","-0.56%"
"10/19/2022","11,153.25","11,320.25","11,382.75","11,049.00","733.78K","-0.41%"
"10/18/2022","11,198.75","11,161.25","11,431.75","11,081.50","832.22K","0.80%"
"10/17/2022","11,110.25","10,720.00","11,146.25","10,713.00","638.72K","3.41%"
"10/14/2022","10,744.00","11,064.75","11,253.50","10,726.75","843.53K","-3.07%"
"10/13/2022","11,083.75","10,859.00","11,142.75","10,484.75","1.05M","2.24%"
"10/12/2022","10,840.50","10,875.00","10,976.75","10,805.50","731.21K","-0.04%"
"10/11/2022","10,845.00","10,987.00","11,039.50","10,767.25","833.91K","-1.27%"
"10/10/2022","10,984.50","11,067.75","11,136.50","10,876.75","757.73K","-1.05%"
"10/07/2022","11,101.50","11,494.50","11,564.50","11,043.25","759.14K","-3.81%"
"10/06/2022","11,541.75","11,628.00","11,729.75","11,505.25","773.91K","-0.71%"
"10/05/2022","11,623.75","11,630.25","11,711.00","11,366.50","700.89K","-0.15%"
"10/04/2022","11,640.75","11,314.50","11,675.00","11,281.50","772.89K","3.15%"
"10/03/2022","11,285.75","11,030.00","11,358.25","10,890.75","757.58K","2.27%"
"09/30/2022","11,035.50","11,220.00","11,357.25","11,024.25","878.17K","-1.72%"
"09/29/2022","11,228.25","11,544.00","11,567.25","11,091.50","891.82K","-2.83%"
"09/28/2022","11,555.75","11,361.00","11,613.50","11,141.50","897.74K","1.96%"
"09/27/2022","11,333.75","11,315.50","11,568.25","11,233.50","841.07K","0.15%"
"09/26/2022","11,316.25","11,362.50","11,537.75","11,256.50","809.85K","-0.53%"
"09/23/2022","11,376.75","11,583.75","11,600.25","11,229.00","799.38K","-1.63%"
"09/22/2022","11,565.50","11,661.25","11,796.00","11,510.00","786.18K","-1.23%"
"09/21/2022","11,710.00","11,946.00","12,140.50","11,647.50","822.97K","-1.78%"
"09/20/2022","11,922.25","12,045.75","12,092.50","11,828.25","704.88K","-0.85%"
"09/19/2022","12,024.00","11,920.00","12,066.25","11,792.25","632.66K","1.77%"
"09/16/2022","11,814.58","11,880.00","11,880.00","11,750.50","10.33K","-1.01%"
"09/15/2022","11,934.75","12,159.00","12,187.75","11,866.50","169.93K","-1.71%"
"09/14/2022","12,142.00","12,050.25","12,173.00","12,001.75","270.23K","0.88%"
"09/13/2022","12,036.50","12,769.50","12,889.00","12,003.25","463.84K","-5.53%"
"09/12/2022","12,740.75","12,626.00","12,773.75","12,573.25","444.26K","1.18%"
"09/09/2022","12,592.50","12,345.25","12,613.75","12,329.50","535.98K","2.20%"
"09/08/2022","12,321.75","12,267.75","12,379.50","12,115.75","737.02K","0.48%"
"09/07/2022","12,263.25","12,019.75","12,306.25","11,921.50","677.16K","2.03%"
"09/06/2022","12,019.00","12,110.50","12,244.50","11,930.00","895.45K","-0.70%"
"09/02/2022","12,104.25","12,297.75","12,461.50","12,040.25","835.87K","-1.53%"
"09/01/2022","12,292.25","12,284.75","12,299.50","12,017.75","820.61K","0.06%"
"08/31/2022","12,285.25","12,366.00","12,513.00","12,276.25","672.07K","-0.59%"
"08/30/2022","12,358.75","12,503.50","12,658.25","12,247.50","797.46K","-1.07%"
"08/29/2022","12,492.75","12,485.00","12,610.25","12,401.50","693.09K","-1.01%"
"08/26/2022","12,620.50","13,153.75","13,220.00","12,557.50","753.86K","-4.07%"
"08/25/2022","13,156.00","12,944.00","13,161.50","12,925.00","543.67K","1.75%"
"08/24/2022","12,929.75","12,892.00","13,011.25","12,825.75","503.23K","0.26%"
"08/23/2022","12,896.50","12,933.75","13,018.50","12,823.50","570.28K","-0.10%"
"08/22/2022","12,909.75","13,226.50","13,226.50","12,874.50","599.95K","-2.70%"
"08/19/2022","13,268.50","13,534.25","13,534.50","13,228.75","618.76K","-1.88%"
"08/18/2022","13,523.25","13,503.00","13,575.50","13,410.75","530.51K","0.22%"
"08/17/2022","13,493.25","13,658.00","13,672.00","13,406.25","610.67K","-1.21%"
"08/16/2022","13,658.25","13,674.75","13,740.75","13,522.75","555.98K","-0.17%"
"08/15/2022","13,681.25","13,571.50","13,706.00","13,495.25","463.77K","0.76%"
"08/12/2022","13,577.75","13,344.25","13,583.25","13,312.00","500.65K","2.00%"
"08/11/2022","13,311.25","13,380.50","13,575.00","13,285.00","614.82K","-0.60%"
"08/10/2022","13,392.00","13,050.00","13,408.00","12,982.00","602.07K","2.77%"
"08/09/2022","13,031.50","13,206.25","13,233.75","12,963.25","553.70K","-1.15%"
"08/08/2022","13,183.25","13,227.75","13,419.25","13,120.50","597.18K","-0.34%"
"08/05/2022","13,228.75","13,327.25","13,384.50","13,085.00","687.79K","-0.74%"
"08/04/2022","13,327.00","13,247.00","13,356.00","13,184.75","542.68K","0.42%"
"08/03/2022","13,271.50","12,921.00","13,310.25","12,867.25","690.06K","2.68%"
"08/02/2022","12,924.50","12,974.25","13,097.00","12,814.75","674.56K","-0.29%"
"08/01/2022","12,962.50","12,981.00","13,108.75","12,851.75","622.51K","-0.07%"
"07/29/2022","12,971.50","12,920.25","13,012.00","12,744.25","592.42K","1.84%"
"07/28/2022","12,737.50","12,580.00","12,948.00","12,449.00","645.26K","0.94%"
"07/27/2022","12,619.00","12,192.00","12,690.00","12,191.75","634.89K","4.18%"
"07/26/2022","12,112.50","12,311.25","12,334.00","12,072.00","536.29K","-1.96%"
"07/25/2022","12,354.50","12,444.50","12,498.50","12,266.50","491.61K","-0.56%"
"07/22/2022","12,423.50","12,559.25","12,698.50","12,343.75","634.55K","-1.71%"
"07/21/2022","12,640.00","12,440.00","12,655.25","12,373.50","605.07K","1.40%"
"07/20/2022","12,465.25","12,330.50","12,517.50","12,235.75","643.61K","1.56%"
"07/19/2022","12,274.00","11,909.50","12,328.50","11,889.50","585.59K","3.08%"
"07/18/2022","11,907.00","12,043.50","12,186.50","11,857.00","553.68K","-0.84%"
"07/15/2022","12,007.50","11,810.50","12,021.50","11,740.25","560.98K","1.78%"
"07/14/2022","11,797.50","11,729.50","11,835.00","11,511.25","654.56K","0.30%"
"07/13/2022","11,762.25","11,780.00","11,970.00","11,479.25","732.27K","-0.14%"
"07/12/2022","11,779.00","11,900.50","12,025.50","11,712.00","607.95K","-0.89%"
"07/11/2022","11,884.25","12,149.75","12,149.75","11,853.00","578.34K","-2.20%"
"07/08/2022","12,152.00","12,115.00","12,211.00","11,952.50","640.45K","0.11%"
"07/07/2022","12,138.50","11,901.25","12,168.50","11,836.50","550.46K","2.17%"
"07/06/2022","11,880.25","11,820.25","11,974.25","11,727.75","649.91K","0.61%"
"07/05/2022","11,808.50","11,606.00","11,815.75","11,389.25","790.94K","1.70%"
"07/01/2022","11,611.25","11,507.50","11,629.75","11,381.75","605.40K","0.71%"
"06/30/2022","11,529.50","11,691.50","11,696.75","11,351.00","738.07K","-1.38%"
"06/29/2022","11,691.00","11,680.50","11,749.00","11,564.50","590.17K","0.14%"
"06/28/2022","11,674.25","12,076.25","12,174.25","11,661.50","634.69K","-3.04%"
"06/27/2022","12,040.50","12,137.50","12,262.00","11,994.25","565.80K","-0.82%"
"06/24/2022","12,140.50","11,687.75","12,148.50","11,684.75","563.30K","3.43%"
"06/23/2022","11,737.50","11,542.75","11,766.75","11,460.50","630.13K","1.48%"
"06/22/2022","11,565.75","11,579.75","11,745.75","11,320.50","638.96K","-0.10%"
"06/21/2022","11,577.25","11,332.50","11,678.25","11,273.75","657.21K","4.01%"
"06/17/2022","11,130.39","11,178.50","11,290.00","11,130.25","14.06K","0.05%"
"06/16/2022","11,124.75","11,608.50","11,737.75","11,036.75","146.54K","-4.05%"
"06/15/2022","11,593.75","11,329.75","11,759.25","11,327.75","265.81K","2.47%"
"06/14/2022","11,314.25","11,334.25","11,505.50","11,205.00","378.13K","0.16%"
"06/13/2022","11,296.50","11,768.00","11,772.50","11,254.50","530.22K","-4.59%"
"06/10/2022","11,840.00","12,301.50","12,338.75","11,823.00","617.40K","-3.54%"
"06/09/2022","12,275.00","12,625.00","12,726.00","12,255.25","690.16K","-2.70%"
"06/08/2022","12,615.75","12,680.50","12,783.00","12,579.25","583.65K","-0.75%"
"06/07/2022","12,711.50","12,605.25","12,740.25","12,412.50","577.97K","0.84%"
"06/06/2022","12,605.00","12,549.75","12,810.00","12,527.00","536.94K","0.43%"
"06/03/2022","12,551.00","12,896.00","12,945.25","12,503.00","652.96K","-2.66%"
"06/02/2022","12,893.75","12,549.75","12,903.75","12,442.50","620.01K","2.73%"
"06/01/2022","12,551.00","12,662.50","12,823.50","12,454.75","682.21K","-0.76%"
"05/31/2022","12,646.50","12,705.25","12,883.00","12,480.00","832.39K","-0.25%"
"05/27/2022","12,677.75","12,250.00","12,720.25","12,222.00","615.99K","3.25%"
"05/26/2022","12,279.25","11,887.50","12,343.00","11,848.25","611.88K","2.82%"
"05/25/2022","11,942.25","11,808.00","12,036.00","11,672.00","671.10K","1.45%"
"05/24/2022","11,771.00","11,915.00","11,918.00","11,576.25","717.43K","-2.20%"
"05/23/2022","12,035.25","11,866.00","12,075.50","11,783.75","660.21K","1.64%"
"05/20/2022","11,840.75","11,898.00","12,096.75","11,491.25","806.78K","-0.32%"
"05/19/2022","11,878.25","11,907.00","12,076.75","11,704.00","827.74K","-0.48%"
"05/18/2022","11,935.50","12,572.00","12,594.00","11,862.75","735.39K","-4.97%"
"05/17/2022","12,560.25","12,235.50","12,578.00","12,234.00","653.22K","2.58%"
"05/16/2022","12,244.75","12,409.00","12,498.75","12,190.25","623.72K","-0.96%"
"05/14/2022","12,364.00","12,364.00","12,364.00","12,364.00","","-0.15%"
"05/13/2022","12,382.75","11,891.50","12,432.00","11,891.50","663.52K","3.65%"
"05/12/2022","11,947.25","12,004.50","12,132.75","11,689.00","878.24K","-0.19%"
"05/11/2022","11,969.75","12,328.75","12,553.25","11,938.50","865.89K","-3.07%"
"05/10/2022","12,349.00","12,206.00","12,547.00","12,102.25","853.86K","1.27%"
"05/09/2022","12,193.75","12,605.00","12,637.25","12,135.25","816.03K","-3.71%"
"05/07/2022","12,663.50","12,663.50","12,663.50","12,663.50","","-0.25%"
"05/06/2022","12,695.75","12,883.25","12,928.75","12,519.00","852.23K","-1.26%"
"05/05/2022","12,858.00","13,500.25","13,548.00","12,705.25","877.80K","-4.98%"
"05/04/2022","13,531.25","13,121.00","13,555.25","12,883.00","703.19K","3.39%"
"05/03/2022","13,087.50","13,051.75","13,183.75","12,968.50","662.22K","0.11%"
"05/02/2022","13,073.00","12,892.25","13,084.50","12,709.75","763.82K","1.72%"
"04/29/2022","12,852.00","13,219.50","13,433.00","12,831.75","723.39K","-4.48%"
"04/28/2022","13,454.75","13,191.00","13,542.00","13,033.00","756.36K","3.43%"
"04/27/2022","13,009.00","12,881.00","13,255.25","12,878.25","817.20K","-0.05%"
"04/26/2022","13,016.00","13,523.50","13,583.75","12,801.50","755.33K","-3.84%"
"04/25/2022","13,535.75","13,334.25","13,549.75","13,184.00","749.65K","1.36%"
"04/22/2022","13,353.50","13,720.00","13,781.00","13,297.00","732.26K","-2.73%"
"04/21/2022","13,728.25","14,070.00","14,283.00","13,667.50","685.79K","-1.97%"
"04/20/2022","14,004.75","14,104.75","14,298.00","13,956.50","604.34K","-1.49%"
"04/19/2022","14,217.25","13,962.75","14,242.00","13,828.00","556.36K","2.23%"
"04/18/2022","13,907.75","13,892.00","14,002.50","13,729.50","492.10K","0.10%"
"04/14/2022","13,893.75","14,211.50","14,296.25","13,876.50","548.40K","-2.30%"
"04/13/2022","14,221.50","13,952.75","14,266.50","13,921.00","530.16K","1.98%"
"04/12/2022","13,945.00","14,006.25","14,284.25","13,881.25","704.35K","-0.39%"
"04/11/2022","14,000.00","14,345.00","14,382.00","13,984.75","577.48K","-2.28%"
"04/08/2022","14,327.00","14,536.25","14,642.25","14,310.50","640.16K","-1.44%"
"04/07/2022","14,536.00","14,496.25","14,633.75","14,317.00","645.74K","0.21%"
"04/06/2022","14,505.25","14,861.00","14,861.25","14,394.75","783.21K","-2.18%"
"04/05/2022","14,828.00","15,155.50","15,198.00","14,780.25","563.20K","-2.22%"
"04/04/2022","15,164.25","14,846.00","15,174.50","14,801.00","460.17K","2.10%"
"04/02/2022","14,852.25","14,852.25","14,852.25","14,852.25","","-0.08%"
"04/01/2022","14,863.75","14,918.75","14,960.00","14,725.00","539.03K","-0.03%"
"03/31/2022","14,868.75","15,100.50","15,180.75","14,855.50","560.79K","-1.35%"
"03/30/2022","15,071.50","15,222.00","15,262.25","15,012.25","513.52K","-1.09%"
"03/29/2022","15,237.75","14,981.00","15,268.75","14,956.50","552.95K","1.68%"
"03/28/2022","14,985.25","14,756.00","14,997.00","14,658.75","532.13K","1.56%"
"03/25/2022","14,755.75","14,765.00","14,840.50","14,572.50","553.93K","-0.05%"
"03/24/2022","14,763.75","14,462.75","14,769.75","14,433.50","512.27K","2.19%"
"03/23/2022","14,447.00","14,654.00","14,682.25","14,441.00","555.13K","-1.41%"
"03/22/2022","14,654.00","14,390.00","14,690.75","14,293.50","509.92K","1.97%"
"03/21/2022","14,370.50","14,404.00","14,466.75","14,183.75","589.63K","1.95%"
"03/18/2022","14,095.31","14,060.00","14,081.50","13,970.50","7.54K","-0.12%"
"03/17/2022","14,111.75","13,999.00","14,136.25","13,822.75","125.16K","1.14%"
"03/16/2022","13,953.00","13,451.75","14,029.25","13,420.50","274.50K","3.73%"
"03/15/2022","13,451.75","13,082.00","13,489.00","12,944.00","284.96K","3.11%"
"03/14/2022","13,045.50","13,362.00","13,447.50","13,015.50","402.61K","-1.85%"
"03/11/2022","13,292.00","13,577.25","13,860.75","13,281.75","439.89K","-2.16%"
"03/10/2022","13,586.00","13,778.00","13,778.00","13,396.25","611.08K","-1.08%"
"03/09/2022","13,734.75","13,192.25","13,821.75","13,189.75","650.83K","3.53%"
"03/08/2022","13,267.00","13,283.00","13,666.00","13,103.25","841.41K","-0.40%"
"03/07/2022","13,320.75","13,763.50","13,879.75","13,265.00","717.85K","-3.75%"
"03/04/2022","13,839.75","14,069.25","14,086.50","13,733.75","725.77K","-1.36%"
"03/03/2022","14,030.50","14,196.50","14,391.00","13,955.00","596.93K","-1.47%"
"03/02/2022","14,239.25","14,026.25","14,290.00","13,911.50","629.02K","1.67%"
"03/01/2022","14,005.50","14,219.25","14,327.75","13,900.00","645.17K","-1.56%"
"02/28/2022","14,228.00","13,900.25","14,292.25","13,683.00","753.71K","0.33%"
"02/25/2022","14,180.50","13,909.50","14,196.25","13,760.25","785.00K","1.53%"
"02/24/2022","13,966.50","13,484.25","13,983.25","13,025.75","1.12M","3.40%"
"02/23/2022","13,507.50","13,928.25","14,068.75","13,471.25","713.19K","-2.56%"
"02/22/2022","13,862.75","13,952.75","14,157.50","13,580.25","1.11M","1.34%"
"02/21/2022","13,679.50","13,851.25","14,156.25","13,588.75","262.70K","-1.25%"
"02/20/2022","13,852.25","13,915.00","13,951.50","13,844.25","14.02K","-1.03%"
"02/18/2022","13,996.00","14,156.25","14,299.00","13,906.25","760.91K","-1.19%"
"02/17/2022","14,164.75","14,592.25","14,619.50","14,131.50","631.08K","-2.98%"
"02/16/2022","14,600.00","14,588.00","14,668.50","14,381.00","594.30K","-0.07%"
"02/15/2022","14,609.50","14,257.00","14,614.75","14,223.25","558.47K","2.50%"
"02/14/2022","14,253.00","14,250.00","14,394.00","14,031.00","734.22K","0.09%"
"02/11/2022","14,240.50","14,698.25","14,766.75","14,181.00","835.98K","-3.13%"
"02/10/2022","14,701.00","15,062.25","15,062.25","14,622.00","834.48K","-2.24%"
"02/09/2022","15,038.25","14,746.25","15,068.00","14,741.00","529.89K","2.06%"
"02/08/2022","14,734.50","14,600.00","14,776.00","14,467.50","611.86K","1.20%"
"02/07/2022","14,559.75","14,682.50","14,806.25","14,511.50","562.31K","-0.86%"
"02/04/2022","14,685.50","14,770.00","14,825.75","14,362.75","763.74K","1.33%"
"02/03/2022","14,492.25","14,852.50","14,870.00","14,456.25","731.58K","-4.12%"
"02/02/2022","15,114.50","15,129.00","15,260.00","14,825.00","645.40K","0.80%"
"02/01/2022","14,994.75","14,868.75","15,137.00","14,729.25","597.31K","0.60%"
"01/31/2022","14,905.00","14,454.00","14,914.75","14,353.25","654.28K","3.27%"
"01/28/2022","14,433.00","14,167.75","14,442.00","13,831.00","878.24K","3.19%"
"01/27/2022","13,986.75","14,194.00","14,409.25","13,844.50","866.65K","-1.21%"
"01/26/2022","14,158.50","13,945.50","14,639.75","13,945.50","908.55K","0.13%"
"01/25/2022","14,140.75","14,495.00","14,499.00","13,890.00","957.80K","-2.48%"
"01/24/2022","14,501.00","14,410.00","14,582.00","13,706.00","1.32M","0.52%"
"01/21/2022","14,426.50","14,722.00","14,858.50","14,408.50","1.04M","-2.79%"
"01/20/2022","14,841.00","15,042.25","15,340.25","14,646.75","771.41K","-1.28%"
"01/19/2022","15,033.50","15,238.75","15,372.00","15,011.25","776.61K","-1.13%"
"01/18/2022","15,206.00","15,616.75","15,653.25","15,170.75","868.07K","-2.45%"
"01/17/2022","15,587.50","15,609.75","15,629.00","15,543.50","117.90K","0.03%"
"01/16/2022","15,583.00","15,645.50","15,645.50","15,570.75","8.44K","-0.08%"
"01/14/2022","15,595.75","15,505.00","15,621.00","15,312.50","795.90K","0.68%"
"01/13/2022","15,490.25","15,901.00","15,979.75","15,458.25","763.02K","-2.50%"
"01/12/2022","15,887.25","15,826.00","16,009.25","15,762.50","671.27K","0.36%"
"01/11/2022","15,831.00","15,622.25","15,839.50","15,475.00","709.36K","1.43%"
"01/10/2022","15,608.00","15,590.00","15,669.00","15,152.50","888.78K","0.17%"
"01/07/2022","15,581.00","15,801.75","15,852.75","15,510.00","704.41K","-1.13%"
"01/06/2022","15,759.00","15,763.75","15,895.75","15,598.50","802.95K","-0.05%"
"01/05/2022","15,766.50","16,265.00","16,269.00","15,752.75","769.79K","-3.13%"
"01/04/2022","16,275.75","16,497.75","16,564.00","16,139.50","669.53K","-1.27%"
"01/03/2022","16,485.50","16,356.00","16,508.00","16,292.00","513.55K","1.01%"
"12/31/2021","16,320.75","16,431.00","16,464.00","16,313.75","363.72K","-0.67%"
"12/30/2021","16,430.25","16,484.50","16,567.50","16,411.25","304.26K","-0.37%"
"12/29/2021","16,490.50","16,513.50","16,564.25","16,387.50","354.99K","0.02%"
"12/28/2021","16,488.00","16,565.75","16,659.50","16,452.25","454.63K","-0.43%"
"12/27/2021","16,560.00","16,304.25","16,580.75","16,304.25","351.31K","1.60%"
"12/23/2021","16,299.00","16,180.00","16,356.00","16,145.25","349.18K","0.80%"
"12/22/2021","16,169.75","15,979.00","16,183.00","15,881.50","476.67K","1.19%"
"12/21/2021","15,980.00","15,674.25","15,987.25","15,605.00","530.23K","2.30%"
"12/20/2021","15,621.25","15,809.50","15,851.75","15,492.00","676.20K","-0.61%"
"12/17/2021","15,717.32","15,873.00","15,902.00","15,668.00","9.39K","-0.97%"
"12/16/2021","15,870.50","16,288.50","16,459.25","15,800.25","143.26K","-2.56%"
"12/15/2021","16,288.00","15,928.50","16,302.50","15,744.50","161.71K","2.28%"
"12/14/2021","15,924.75","16,085.00","16,133.75","15,738.50","274.76K","-0.98%"
"12/13/2021","16,082.00","16,321.75","16,411.25","16,064.25","286.18K","-1.52%"
"12/10/2021","16,329.75","16,158.50","16,335.75","16,133.75","395.29K","1.12%"
"12/09/2021","16,148.75","16,380.50","16,420.00","16,120.25","612.58K","-1.49%"
"12/08/2021","16,392.25","16,360.50","16,436.75","16,251.50","494.85K","0.46%"
"12/07/2021","16,318.00","15,848.75","16,374.50","15,824.50","594.63K","3.00%"
"12/06/2021","15,842.75","15,716.25","15,897.25","15,559.25","695.52K","0.99%"
"12/04/2021","15,687.50","15,687.50","15,687.50","15,687.50","","-0.19%"
"12/03/2021","15,717.75","16,020.00","16,121.75","15,538.00","898.85K","-1.69%"
"12/02/2021","15,988.50","15,891.75","16,066.25","15,762.75","853.71K","0.75%"
"12/01/2021","15,869.75","16,238.75","16,427.50","15,825.25","861.89K","-1.74%"
"11/30/2021","16,150.50","16,419.00","16,456.25","16,068.75","854.65K","-1.47%"
"11/29/2021","16,390.75","16,046.50","16,437.75","16,038.00","597.94K","2.12%"
"11/26/2021","16,051.00","16,360.00","16,436.00","15,988.00","680.75K","-1.95%"
"11/25/2021","16,370.75","16,392.25","16,396.00","16,359.50","74.73K","0.03%"
"11/24/2021","16,366.00","16,300.25","16,368.50","16,102.00","656.27K","0.33%"
"11/23/2021","16,312.00","16,399.00","16,418.75","16,118.50","901.45K","-0.43%"
"11/22/2021","16,382.00","16,600.25","16,767.50","16,364.50","770.67K","-1.16%"
"11/19/2021","16,575.00","16,503.25","16,628.50","16,490.25","549.03K","0.57%"
"11/18/2021","16,481.25","16,322.50","16,508.00","16,303.50","602.24K","1.04%"
"11/17/2021","16,311.50","16,297.75","16,396.50","16,270.00","455.99K","0.07%"
"11/16/2021","16,300.75","16,198.50","16,323.75","16,142.00","424.38K","0.70%"
"11/15/2021","16,187.75","16,212.25","16,276.50","16,082.25","483.87K","-0.03%"
"11/12/2021","16,192.75","16,043.75","16,213.25","16,001.75","422.49K","1.06%"
"11/11/2021","16,022.75","15,989.00","16,114.00","15,976.00","434.78K","0.26%"
"11/10/2021","15,980.50","16,201.25","16,243.00","15,896.50","658.27K","-1.43%"
"11/09/2021","16,212.75","16,315.50","16,391.75","16,160.00","560.75K","-0.70%"
"11/08/2021","16,327.75","16,293.00","16,394.00","16,256.00","414.33K","-0.15%"
"11/05/2021","16,351.75","16,335.00","16,448.50","16,292.00","525.82K","0.13%"
"11/04/2021","16,330.75","16,129.50","16,376.00","16,129.50","524.36K","1.25%"
"11/03/2021","16,129.75","15,957.75","16,145.75","15,935.25","448.14K","1.06%"
"11/02/2021","15,961.25","15,891.00","15,980.25","15,849.50","418.55K","0.42%"
"11/01/2021","15,894.25","15,885.25","15,914.75","15,768.50","411.51K","0.35%"
"10/29/2021","15,838.50","15,679.75","15,864.75","15,595.50","484.69K","0.47%"
"10/28/2021","15,764.75","15,595.00","15,777.00","15,591.75","498.21K","1.14%"
"10/27/2021","15,587.25","15,532.25","15,717.50","15,507.25","534.47K","0.27%"
"10/26/2021","15,545.00","15,543.00","15,701.00","15,503.00","586.10K","0.32%"
"10/25/2021","15,495.75","15,324.25","15,546.00","15,295.75","456.01K","1.01%"
"10/22/2021","15,341.00","15,383.00","15,463.50","15,273.75","545.39K","-0.89%"
"10/21/2021","15,478.75","15,357.50","15,483.75","15,301.00","436.64K","0.66%"
"10/20/2021","15,377.50","15,411.00","15,446.50","15,319.00","451.74K","-0.14%"
"10/19/2021","15,398.50","15,289.75","15,428.25","15,269.00","384.79K","0.71%"
"10/18/2021","15,290.50","15,145.00","15,297.25","15,038.75","423.42K","1.03%"
"10/15/2021","15,134.50","15,063.75","15,145.00","15,020.75","442.89K","0.65%"
"10/14/2021","15,037.25","14,770.25","15,071.50","14,767.50","425.06K","1.85%"
"10/13/2021","14,764.25","14,594.00","14,795.75","14,591.00","556.06K","0.76%"
"10/12/2021","14,653.25","14,688.50","14,783.25","14,585.50","599.37K","-0.32%"
"10/11/2021","14,700.50","14,810.25","14,897.25","14,677.00","510.49K","-0.73%"
"10/08/2021","14,808.25","14,891.25","14,996.00","14,790.75","550.61K","-0.49%"
"10/07/2021","14,881.25","14,768.00","15,001.25","14,767.00","492.76K","0.83%"
"10/06/2021","14,759.00","14,662.00","14,770.00","14,422.50","756.88K","0.71%"
"10/05/2021","14,655.25","14,493.75","14,754.75","14,410.50","574.64K","1.33%"
"10/04/2021","14,462.25","14,785.00","14,835.00","14,367.75","802.85K","-2.03%"
"10/01/2021","14,761.75","14,702.25","14,818.00","14,537.00","663.41K","0.54%"
"09/30/2021","14,682.50","14,769.75","14,883.50","14,670.25","699.37K","-0.39%"
"09/29/2021","14,739.75","14,769.25","14,926.00","14,711.00","649.55K","-0.17%"
"09/28/2021","14,764.75","15,172.25","15,192.25","14,740.75","836.79K","-2.83%"
"09/27/2021","15,194.75","15,319.00","15,399.25","15,084.00","543.38K","-0.81%"
"09/24/2021","15,318.75","15,300.25","15,334.25","15,176.75","470.51K","0.10%"
"09/23/2021","15,303.50","15,178.25","15,347.00","15,175.25","514.54K","0.92%"
"09/22/2021","15,163.50","14,992.75","15,227.00","14,930.50","601.01K","0.93%"
"09/21/2021","15,024.00","14,992.00","15,163.25","14,963.25","659.78K","0.10%"
"09/20/2021","15,009.50","15,284.00","15,338.25","14,807.50","845.91K","-3.08%"
"09/17/2021","15,486.67","15,502.75","15,547.00","15,474.00","7.47K","-0.20%"
"09/16/2021","15,517.75","15,516.50","15,542.00","15,369.50","105.43K","0.09%"
"09/15/2021","15,504.00","15,395.50","15,521.75","15,315.25","156.77K","0.76%"
"09/14/2021","15,387.00","15,452.25","15,530.75","15,351.25","237.82K","-0.32%"
"09/13/2021","15,436.75","15,452.50","15,565.00","15,350.25","363.28K","-0.07%"
"09/11/2021","15,447.75","15,447.80","15,447.80","15,447.75","396.89K","0.04%"
"09/10/2021","15,441.50","15,561.00","15,668.00","15,433.50","402.82K","-0.75%"
"09/09/2021","15,558.75","15,610.00","15,675.75","15,545.75","531.29K","-0.39%"
"09/08/2021","15,620.00","15,671.00","15,691.00","15,523.75","559.40K","-0.35%"
"09/07/2021","15,674.75","15,656.00","15,708.75","15,606.75","542.06K","-0.10%"
"09/06/2021","15,691.00","15,652.75","15,707.75","15,642.75","59.75K","0.25%"
"09/05/2021","15,652.25","15,655.00","15,663.50","15,652.25","2.79K","-0.02%"
"09/04/2021","15,655.00","15,655.00","15,655.00","15,655.00","","0.02%"
"09/03/2021","15,651.50","15,601.00","15,677.50","15,552.25","462.87K","0.32%"
"09/02/2021","15,601.00","15,610.00","15,682.00","15,551.75","463.64K","-0.05%"
"09/01/2021","15,609.25","15,599.50","15,699.00","15,578.50","465.49K","0.17%"
"08/31/2021","15,582.50","15,605.50","15,677.25","15,517.75","521.13K","-0.10%"
"08/30/2021","15,597.50","15,432.75","15,617.75","15,420.00","417.56K","1.10%"
"08/28/2021","15,428.25","15,428.20","15,428.25","15,428.20","435.91K","0.01%"
"08/27/2021","15,426.50","15,286.00","15,443.75","15,265.50","441.05K","0.99%"
"08/26/2021","15,274.75","15,367.25","15,368.25","15,255.25","564.38K","-0.58%"
"08/25/2021","15,364.25","15,362.25","15,397.00","15,333.00","405.23K","0.06%"
"08/24/2021","15,355.50","15,327.00","15,384.00","15,309.50","365.58K","0.33%"
"08/23/2021","15,304.50","15,090.00","15,337.50","15,086.50","412.59K","1.39%"
"08/21/2021","15,095.00","15,095.00","15,095.00","15,095.00","","0.05%"
"08/20/2021","15,086.75","14,943.25","15,100.00","14,851.00","504.46K","1.06%"
"08/19/2021","14,928.00","14,840.00","14,999.00","14,710.50","734.18K","0.53%"
"08/18/2021","14,849.25","14,970.25","15,037.25","14,806.50","568.85K","-0.99%"
"08/17/2021","14,997.50","15,131.50","15,133.75","14,897.00","687.90K","-0.90%"
"08/16/2021","15,134.00","15,119.25","15,139.00","14,917.25","590.79K","0.08%"
"08/14/2021","15,122.00","15,122.00","15,122.00","15,122.00","","-0.02%"
"08/13/2021","15,125.75","15,079.75","15,141.75","15,055.25","364.52K","0.31%"
"08/12/2021","15,078.50","15,008.50","15,090.50","14,941.25","384.24K","0.39%"
"08/11/2021","15,019.50","15,045.00","15,119.00","14,963.00","479.70K","-0.17%"
"08/10/2021","15,044.50","15,128.75","15,157.25","14,994.50","475.30K","-0.53%"
"08/09/2021","15,125.25","15,090.25","15,145.50","15,003.25","361.39K","0.20%"
"08/06/2021","15,095.50","15,167.75","15,169.75","15,047.25","425.07K","-0.48%"
"08/05/2021","15,167.75","15,081.75","15,172.50","15,069.25","341.55K","0.63%"
"08/04/2021","15,073.50","15,038.00","15,108.00","14,997.00","445.70K","0.18%"
"08/03/2021","15,046.25","14,962.25","15,050.00","14,849.00","520.38K","0.63%"
"08/02/2021","14,952.75","14,972.75","15,056.25","14,932.25","446.14K","-0.09%"
"07/31/2021","14,966.50","14,966.50","14,966.50","14,966.50","","0.07%"
"07/30/2021","14,955.75","14,905.25","14,980.00","14,811.25","505.63K","-0.55%"
"07/29/2021","15,037.75","14,984.75","15,084.00","14,905.00","412.59K","0.17%"
"07/28/2021","15,011.50","14,875.75","15,074.50","14,866.00","577.19K","0.43%"
"07/27/2021","14,947.75","15,125.25","15,131.50","14,774.25","671.79K","-1.12%"
"07/26/2021","15,117.75","15,098.00","15,134.00","15,038.75","391.52K","0.13%"
"07/23/2021","15,098.00","14,979.50","15,117.25","14,934.25","449.26K","1.14%"
"07/22/2021","14,928.50","14,836.75","14,982.75","14,826.75","425.43K","0.68%"
"07/21/2021","14,827.75","14,729.75","14,839.50","14,668.25","404.35K","0.71%"
"07/20/2021","14,722.75","14,593.75","14,782.50","14,516.75","529.36K","1.25%"
"07/19/2021","14,540.75","14,675.00","14,682.50","14,445.00","720.29K","-0.88%"
"07/16/2021","14,670.50","14,778.50","14,869.50","14,656.00","539.01K","-0.79%"
"07/15/2021","14,787.50","14,895.00","14,962.75","14,708.25","634.79K","-0.70%"
"07/14/2021","14,891.75","14,869.75","14,996.00","14,841.25","499.19K","0.18%"
"07/13/2021","14,865.00","14,880.00","14,994.75","14,794.50","506.39K","-0.03%"
"07/12/2021","14,869.25","14,824.00","14,888.50","14,785.00","362.61K","0.40%"
"07/09/2021","14,810.50","14,710.25","14,832.00","14,640.75","424.77K","0.67%"
"07/08/2021","14,712.25","14,812.00","14,822.00","14,540.50","631.21K","-0.61%"
"07/07/2021","14,802.25","14,764.50","14,883.75","14,726.25","471.45K","0.18%"
"07/06/2021","14,775.50","14,704.25","14,790.00","14,625.25","557.68K","0.42%"
"07/05/2021","14,714.38","14,715.50","14,718.50","14,675.12","","-0.01%"
"07/04/2021","14,715.12","14,700.88","14,721.62","14,700.88","","0.01%"
"07/02/2021","14,713.75","14,543.75","14,729.00","14,513.25","392.17K","1.14%"
"07/01/2021","14,548.50","14,558.50","14,606.25","14,471.00","436.42K","0.00%"
"06/30/2021","14,549.00","14,584.75","14,598.50","14,518.25","384.46K","-0.10%"
"06/29/2021","14,563.00","14,504.50","14,584.75","14,468.75","360.17K","0.35%"
"06/28/2021","14,512.50","14,350.00","14,519.75","14,333.25","376.86K","1.21%"
"06/25/2021","14,339.00","14,365.75","14,394.25","14,313.25","379.76K","-0.11%"
"06/24/2021","14,354.25","14,275.25","14,422.00","14,270.00","409.86K","0.64%"
"06/23/2021","14,263.00","14,274.00","14,315.75","14,231.75","366.49K","0.03%"
"06/22/2021","14,258.25","14,136.75","14,279.25","14,066.50","420.97K","0.91%"
"06/21/2021","14,130.00","14,022.75","14,144.00","13,958.50","503.66K","0.16%"
"06/18/2021","14,107.43","14,183.75","14,214.25","14,063.50","8.58K","-0.41%"
"06/17/2021","14,165.50","13,948.50","14,217.75","13,850.25","113.88K","1.32%"
"06/16/2021","13,981.25","14,046.75","14,103.75","13,840.00","124.32K","-0.35%"
"06/15/2021","14,030.25","14,119.50","14,163.00","14,009.25","178.16K","-0.67%"
"06/14/2021","14,124.75","13,999.00","14,133.50","13,965.25","229.73K","0.93%"
"06/11/2021","13,994.25","13,975.50","13,997.75","13,932.25","257.73K","0.25%"
"06/10/2021","13,959.75","13,817.00","13,976.50","13,726.00","492.34K","1.05%"
"06/09/2021","13,814.25","13,813.00","13,904.25","13,803.50","376.89K","0.02%"
"06/08/2021","13,811.50","13,823.00","13,917.25","13,741.75","482.55K","0.05%"
"06/07/2021","13,804.25","13,773.25","13,824.00","13,691.50","397.55K","0.27%"
"06/04/2021","13,766.75","13,531.75","13,783.75","13,467.75","446.99K","1.76%"
"06/03/2021","13,529.25","13,679.50","13,707.75","13,462.25","552.99K","-1.06%"
"06/02/2021","13,673.75","13,653.25","13,712.75","13,603.25","371.45K","0.18%"
"06/01/2021","13,648.75","13,699.00","13,773.00","13,592.25","448.00K","-0.27%"
"05/31/2021","13,686.25","13,711.25","13,717.88","13,652.75","","-0.19%"
"05/30/2021","13,712.88","13,690.00","13,719.38","13,690.00","","0.19%"
"05/28/2021","13,686.50","13,694.75","13,763.50","13,662.75","366.22K","0.15%"
"05/27/2021","13,665.50","13,702.50","13,720.75","13,620.25","388.60K","-0.25%"
"05/26/2021","13,700.25","13,670.25","13,728.50","13,656.00","343.07K","0.32%"
"05/25/2021","13,656.25","13,656.50","13,738.75","13,606.75","436.16K","0.15%"
"05/24/2021","13,635.25","13,383.25","13,686.00","13,356.50","368.61K","1.72%"
"05/21/2021","13,405.00","13,492.50","13,570.00","13,395.75","457.74K","-0.60%"
"05/20/2021","13,486.50","13,220.50","13,522.75","13,150.75","465.78K","1.91%"
"05/19/2021","13,233.50","13,182.00","13,243.00","12,954.25","669.35K","0.16%"
"05/18/2021","13,212.00","13,308.50","13,432.25","13,178.50","442.09K","-0.69%"
"05/17/2021","13,303.50","13,380.25","13,448.50","13,182.75","488.30K","-0.62%"
"05/14/2021","13,387.00","13,095.00","13,426.25","13,071.00","468.76K","2.19%"
"05/13/2021","13,100.25","12,968.75","13,223.75","12,915.00","727.35K","0.78%"
"05/12/2021","12,998.50","13,321.25","13,351.75","12,959.75","760.92K","-2.60%"
"05/11/2021","13,346.00","13,316.50","13,375.75","13,065.25","787.64K","-0.08%"
"05/10/2021","13,356.75","13,718.00","13,752.00","13,305.50","603.73K","-2.57%"
"05/07/2021","13,709.75","13,614.50","13,818.00","13,588.25","550.63K","0.82%"
"05/06/2021","13,597.75","13,484.00","13,611.50","13,388.75","567.45K","0.79%"
"05/05/2021","13,491.00","13,525.75","13,665.50","13,462.75","520.69K","-0.33%"
"05/04/2021","13,536.00","13,785.00","13,792.50","13,380.75","667.32K","-1.84%"
"05/03/2021","13,790.00","13,880.25","13,947.50","13,772.00","473.91K","-0.43%"
"04/30/2021","13,850.00","13,948.25","13,956.75","13,819.75","555.24K","-0.74%"
"04/29/2021","13,953.50","13,973.50","14,064.00","13,818.50","595.56K","0.44%"
"04/28/2021","13,892.25","13,955.50","13,993.50","13,878.00","501.60K","-0.44%"
"04/27/2021","13,953.00","14,024.75","14,050.00","13,912.50","412.80K","-0.42%"
"04/26/2021","14,011.50","13,919.75","14,039.25","13,865.50","403.66K","0.61%"
"04/23/2021","13,927.00","13,757.00","13,981.00","13,737.00","450.89K","1.29%"
"04/22/2021","13,750.25","13,896.50","13,944.75","13,701.75","623.94K","-1.21%"
"04/21/2021","13,919.25","13,740.00","13,926.50","13,700.50","510.09K","0.91%"
"04/20/2021","13,794.25","13,900.00","13,933.75","13,719.25","606.02K","-0.74%"
"04/19/2021","13,897.25","13,989.00","14,052.25","13,821.00","613.72K","-0.94%"
"04/16/2021","14,029.50","14,002.00","14,059.50","13,952.75","500.61K","0.11%"
"04/15/2021","14,014.00","13,827.00","14,034.25","13,789.25","524.81K","1.56%"
"04/14/2021","13,798.75","13,977.75","14,029.00","13,772.75","662.20K","-1.27%"
"04/13/2021","13,975.75","13,825.00","13,994.00","13,772.75","485.94K","1.21%"
"04/12/2021","13,808.75","13,817.75","13,832.25","13,732.00","453.97K","-0.15%"
"04/09/2021","13,829.50","13,786.50","13,841.75","13,648.25","494.77K","0.59%"
"04/08/2021","13,747.75","13,620.75","13,789.75","13,615.50","435.06K","1.05%"
"04/07/2021","13,604.75","13,580.50","13,641.00","13,512.50","434.83K","0.26%"
"04/06/2021","13,570.00","13,603.75","13,655.00","13,524.25","457.22K","-0.11%"
"04/05/2021","13,585.50","13,339.00","13,615.00","13,304.25","356.73K","2.02%"
"04/02/2021","13,316.00","13,330.50","13,393.00","13,325.50","41.62K","0.00%"
"04/01/2021","13,316.00","13,094.50","13,332.50","13,090.25","436.49K","1.73%"
"03/31/2021","13,089.75","12,894.75","13,158.00","12,858.25","478.40K","1.64%"
"03/30/2021","12,878.25","12,975.00","12,984.00","12,776.50","516.41K","-0.51%"
"03/29/2021","12,944.50","12,975.75","13,003.00","12,807.50","574.19K","-0.17%"
"03/26/2021","12,966.75","12,799.75","12,988.50","12,676.25","622.21K","1.54%"
"03/25/2021","12,770.50","12,803.00","12,859.50","12,609.75","745.80K","-0.18%"
"03/24/2021","12,794.00","13,050.25","13,145.25","12,784.00","626.54K","-1.63%"
"03/23/2021","13,006.25","13,069.00","13,172.00","12,979.00","604.25K","-0.50%"
"03/22/2021","13,071.75","12,807.00","13,157.00","12,788.50","478.67K","2.05%"
"03/19/2021","12,808.76","12,818.25","12,919.00","12,732.75","9.02K","0.10%"
"03/18/2021","12,795.50","13,200.50","13,279.00","12,777.50","121.11K","-3.08%"
"03/17/2021","13,201.50","13,174.75","13,283.25","12,946.50","202.70K","0.38%"
"03/16/2021","13,151.50","13,084.75","13,298.00","13,056.50","240.94K","0.56%"
"03/15/2021","13,078.50","12,950.00","13,099.00","12,872.00","297.63K","1.12%"
"03/12/2021","12,933.50","13,055.00","13,095.00","12,768.25","476.35K","-0.88%"
"03/11/2021","13,048.25","12,795.25","13,119.25","12,724.25","526.14K","2.35%"
"03/10/2021","12,749.25","12,812.00","12,993.25","12,703.00","715.96K","-0.31%"
"03/09/2021","12,788.75","12,345.75","12,867.50","12,326.00","644.02K","4.00%"
"03/08/2021","12,297.25","12,715.00","12,761.25","12,281.75","749.03K","-2.89%"
"03/05/2021","12,663.75","12,435.00","12,697.75","12,207.25","1.02M","1.68%"
"03/04/2021","12,455.00","12,682.00","12,797.00","12,306.50","1.05M","-1.79%"
"03/03/2021","12,681.75","13,061.25","13,192.00","12,663.25","756.45K","-2.86%"
"03/02/2021","13,055.25","13,312.25","13,328.25","13,048.25","563.14K","-1.69%"
"03/01/2021","13,279.75","12,957.50","13,318.00","12,946.25","513.85K","2.86%"
"02/26/2021","12,911.00","12,802.50","13,089.50","12,662.25","841.91K","0.62%"
"02/25/2021","12,831.75","13,304.75","13,353.75","12,764.00","894.52K","-3.54%"
"02/24/2021","13,302.00","13,170.75","13,334.00","12,958.00","673.35K","0.83%"
"02/23/2021","13,192.00","13,227.00","13,335.75","12,757.25","873.27K","-0.24%"
"02/22/2021","13,224.25","13,585.00","13,629.00","13,215.00","648.53K","-2.59%"
"02/19/2021","13,576.00","13,638.25","13,729.00","13,534.75","535.19K","-0.42%"
"02/18/2021","13,633.00","13,699.50","13,723.25","13,468.00","574.58K","-0.49%"
"02/17/2021","13,699.75","13,758.25","13,785.00","13,543.00","583.57K","-0.49%"
"02/16/2021","13,767.75","13,829.50","13,900.50","13,716.00","604.66K","-0.65%"
"02/15/2021","13,858.38","13,825.25","13,878.25","13,823.25","","0.24%"
"02/14/2021","13,825.38","13,840.75","13,840.75","13,819.25","","0.15%"
"02/12/2021","13,804.75","13,711.25","13,820.75","13,646.00","392.93K","0.55%"
"02/11/2021","13,729.00","13,662.00","13,743.75","13,612.50","495.13K","0.63%"
"02/10/2021","13,643.50","13,698.00","13,769.25","13,516.75","552.64K","-0.27%"
"02/09/2021","13,680.25","13,683.50","13,735.25","13,634.00","367.12K","-0.02%"
"02/08/2021","13,683.00","13,623.75","13,693.00","13,596.00","393.93K","0.63%"
"02/05/2021","13,598.00","13,560.00","13,638.50","13,519.50","431.94K","0.37%"
"02/04/2021","13,547.50","13,429.50","13,568.75","13,345.25","408.02K","1.14%"
"02/03/2021","13,394.25","13,506.00","13,584.50","13,386.75","499.10K","-0.41%"
"02/02/2021","13,449.00","13,232.50","13,509.75","13,230.50","491.67K","1.61%"
"02/01/2021","13,236.50","12,849.00","13,271.50","12,727.25","549.55K","2.52%"
"01/29/2021","12,911.25","13,156.00","13,188.00","12,829.00","738.85K","-2.08%"
"01/28/2021","13,186.00","13,052.50","13,394.00","12,906.25","623.57K","0.61%"
"01/27/2021","13,105.50","13,551.00","13,586.50","12,884.75","786.47K","-2.82%"
"01/26/2021","13,485.50","13,459.75","13,599.75","13,380.25","502.39K","0.07%"
"01/25/2021","13,475.50","13,370.00","13,554.50","13,189.00","663.84K","0.85%"
"01/22/2021","13,361.50","13,394.00","13,402.25","13,300.25","407.71K","-0.25%"
"01/21/2021","13,395.50","13,288.50","13,423.50","13,283.25","421.92K","0.76%"
"01/20/2021","13,294.25","13,030.00","13,327.00","13,017.00","438.77K","2.38%"
"01/19/2021","12,985.50","12,774.25","13,032.75","12,727.00","481.60K","1.19%"
"01/18/2021","12,832.50","12,743.75","12,835.00","12,727.50","","0.67%"
"01/17/2021","12,747.38","12,764.50","12,795.62","12,735.25","","-0.43%"
"01/15/2021","12,802.25","12,909.00","12,931.25","12,743.50","539.77K","-0.77%"
"01/14/2021","12,901.00","12,975.50","13,028.75","12,881.00","417.58K","-0.55%"
"01/13/2021","12,972.25","12,882.50","13,003.00","12,820.75","416.30K","0.64%"
"01/12/2021","12,890.25","12,910.75","12,959.00","12,767.25","461.73K","-0.05%"
"01/11/2021","12,897.00","13,093.25","13,105.25","12,871.75","454.75K","-1.53%"
"01/08/2021","13,097.25","12,927.00","13,125.00","12,919.00","508.11K","1.31%"
"01/07/2021","12,928.00","12,658.50","12,959.00","12,646.50","435.94K","2.47%"
"01/06/2021","12,616.75","12,800.25","12,844.25","12,491.25","755.62K","-1.38%"
"01/05/2021","12,793.50","12,682.75","12,809.00","12,612.00","483.17K","0.85%"
"01/04/2021","12,685.50","12,889.00","12,959.75","12,522.50","650.47K","-1.53%"
"01/01/2021","12,883.00","12,883.00","12,883.00","12,883.00","","-0.02%"