DATE,OPEN,HIGH,LOW,CLOSE
01/07/2011,38.460000,39.380000,37.170000,37.290000
01/10/2011,39.140000,39.340000,38.400000,38.450000
01/11/2011,38.450000,38.450000,37.520000,37.560000
01/12/2011,37.630000,37.790000,36.910000,36.950000
01/13/2011,37.270000,37.300000,36.630000,36.810000
01/14/2011,37.180000,37.180000,36.090000,36.180000
01/18/2011,38.350000,38.430000,37.730000,37.770000
01/19/2011,37.880000,38.850000,37.740000,38.830000
01/20/2011,39.340000,40.520000,39.340000,39.440000
01/21/2011,39.230000,41.230000,39.060000,41.230000
01/24/2011,41.790000,46.870000,41.790000,42.980000
01/25/2011,43.000000,44.370000,42.950000,43.670000
01/26/2011,43.240000,43.780000,43.000000,43.410000
01/27/2011,42.860000,44.020000,40.990000,42.470000
01/28/2011,36.500000,36.500000,33.000000,34.200000
01/31/2011,35.210000,36.060000,34.020000,34.060000
02/01/2011,33.630000,33.630000,31.620000,31.660000
02/02/2011,31.680000,31.770000,30.560000,30.600000
02/03/2011,30.800000,30.980000,30.340000,30.970000
02/04/2011,30.860000,30.860000,29.650000,30.390000
02/07/2011,31.580000,31.680000,30.300000,30.370000
02/08/2011,30.430000,30.430000,29.480000,30.140000
02/09/2011,30.260000,30.870000,29.970000,29.970000
02/10/2011,30.270000,30.880000,29.960000,30.740000
02/11/2011,30.840000,32.280000,30.320000,31.500000
02/14/2011,32.380000,33.270000,32.380000,32.690000
02/15/2011,32.880000,32.980000,32.280000,32.380000
02/16/2011,32.390000,32.790000,31.980000,32.680000
02/17/2011,32.940000,33.250000,32.900000,32.940000
02/18/2011,33.180000,33.390000,31.340000,31.350000
02/22/2011,33.980000,35.010000,33.300000,34.980000
02/23/2011,35.060000,37.730000,35.010000,35.790000
02/24/2011,35.920000,37.060000,35.220000,35.510000
02/25/2011,35.040000,35.040000,33.520000,34.030000
02/28/2011,36.160000,36.230000,35.040000,35.130000
03/01/2011,35.200000,36.610000,34.960000,36.530000
03/02/2011,36.230000,36.760000,35.410000,35.820000
03/03/2011,35.100000,35.180000,33.630000,33.910000
03/04/2011,34.000000,34.730000,33.970000,34.280000
03/07/2011,35.380000,37.250000,35.070000,36.380000
03/08/2011,36.460000,36.990000,35.440000,36.160000
03/09/2011,36.550000,37.340000,36.490000,36.930000
03/10/2011,37.670000,38.770000,37.100000,37.670000
03/11/2011,37.930000,37.930000,36.510000,36.670000
03/14/2011,38.430000,38.500000,36.540000,36.590000
03/15/2011,39.070000,39.160000,36.710000,37.100000
03/16/2011,37.520000,42.680000,36.410000,41.280000
03/17/2011,40.230000,40.810000,38.020000,39.160000
03/18/2011,38.610000,38.870000,35.120000,36.100000
03/21/2011,38.090000,38.190000,33.550000,34.070000
03/22/2011,34.220000,34.550000,33.370000,33.470000
03/23/2011,33.820000,34.110000,32.430000,32.780000
03/24/2011,32.520000,33.820000,32.210000,33.150000
03/25/2011,33.300000,33.530000,32.180000,32.510000
03/28/2011,33.940000,34.530000,33.900000,34.240000
03/29/2011,33.960000,35.140000,33.960000,34.420000
03/30/2011,34.040000,35.100000,34.040000,35.020000
03/31/2011,35.290000,35.750000,35.270000,35.500000
04/01/2011,35.440000,35.510000,34.950000,35.200000
04/04/2011,36.570000,36.670000,35.830000,35.880000
04/05/2011,36.040000,36.280000,35.540000,35.680000
04/06/2011,35.650000,36.880000,35.520000,36.430000
04/07/2011,36.680000,36.680000,35.510000,35.530000
04/08/2011,35.590000,35.640000,35.110000,35.170000
04/11/2011,37.530000,37.630000,36.890000,37.550000
04/12/2011,37.520000,38.310000,37.370000,38.130000
04/13/2011,38.120000,38.330000,37.800000,38.130000
04/14/2011,38.070000,38.360000,36.490000,36.670000
04/15/2011,36.730000,37.020000,34.750000,35.650000
04/18/2011,37.290000,38.900000,36.890000,36.930000
04/19/2011,36.530000,37.310000,36.520000,36.630000
04/20/2011,35.820000,36.890000,35.480000,36.380000
04/21/2011,35.790000,40.120000,35.370000,35.920000
04/25/2011,37.250000,38.290000,37.240000,38.230000
04/26/2011,38.280000,38.750000,37.100000,37.710000
04/27/2011,29.120000,32.210000,29.090000,32.060000
04/28/2011,32.700000,33.000000,31.060000,31.120000
04/29/2011,31.610000,31.740000,30.050000,30.050000
05/02/2011,30.560000,32.360000,30.390000,32.010000
05/03/2011,32.010000,32.300000,31.600000,31.680000
05/04/2011,31.890000,33.260000,31.570000,32.280000
05/05/2011,32.590000,32.590000,31.540000,32.150000
05/06/2011,31.440000,31.440000,30.030000,31.280000
05/09/2011,31.980000,32.540000,31.490000,32.140000
05/10/2011,32.090000,32.580000,30.200000,30.260000
05/11/2011,30.190000,30.920000,30.120000,30.350000
05/12/2011,31.020000,33.990000,30.830000,31.240000
05/13/2011,31.380000,33.430000,30.370000,30.640000
05/16/2011,32.090000,34.420000,31.520000,34.310000
05/17/2011,34.580000,35.450000,33.190000,33.290000
05/18/2011,33.330000,33.470000,31.000000,31.410000
05/19/2011,31.350000,31.510000,30.630000,30.660000
05/20/2011,30.830000,31.210000,29.310000,30.240000
05/23/2011,32.310000,33.290000,32.210000,32.460000
05/24/2011,32.220000,32.320000,31.240000,31.340000
05/25/2011,31.320000,31.390000,30.380000,30.380000
05/26/2011,30.790000,30.910000,29.680000,29.920000
05/27/2011,29.900000,29.900000,28.800000,29.200000
05/31/2011,30.180000,30.340000,29.580000,29.880000
06/01/2011,29.860000,31.110000,29.630000,31.090000
06/02/2011,31.340000,31.510000,30.620000,30.860000
06/03/2011,31.680000,34.950000,31.000000,31.980000
06/06/2011,33.050000,33.620000,32.680000,32.880000
06/07/2011,33.040000,33.040000,31.550000,32.510000
06/08/2011,32.630000,33.010000,32.140000,32.510000
06/09/2011,32.610000,33.250000,31.520000,31.960000
06/10/2011,32.750000,33.140000,32.190000,32.450000
06/13/2011,32.650000,32.980000,31.300000,31.330000
06/14/2011,31.040000,31.250000,30.280000,30.570000
06/15/2011,31.290000,33.970000,31.080000,33.320000
06/16/2011,33.570000,37.320000,33.530000,35.710000
06/17/2011,35.280000,35.600000,34.450000,35.000000
06/20/2011,36.770000,37.210000,35.010000,35.010000
06/21/2011,35.130000,35.250000,32.790000,33.490000
06/22/2011,33.880000,34.240000,32.880000,33.110000
06/23/2011,33.880000,34.870000,33.380000,33.470000
06/24/2011,33.660000,34.090000,33.420000,33.910000
06/27/2011,35.470000,36.710000,35.470000,36.650000
06/28/2011,36.730000,36.770000,35.540000,35.620000
06/29/2011,35.860000,36.560000,34.970000,35.070000
06/30/2011,35.810000,35.810000,34.160000,34.340000
07/01/2011,34.450000,35.100000,32.990000,33.170000
07/05/2011,35.470000,36.440000,35.250000,35.890000
07/06/2011,36.350000,36.440000,36.040000,36.070000
07/07/2011,35.760000,36.020000,35.410000,35.470000
07/08/2011,36.220000,36.230000,35.760000,35.970000
07/11/2011,38.550000,39.030000,37.890000,38.520000
07/12/2011,38.940000,38.950000,38.000000,38.600000
07/13/2011,38.340000,38.890000,37.700000,38.850000
07/14/2011,38.870000,39.200000,38.400000,38.420000
07/15/2011,38.360000,39.620000,38.350000,38.440000
07/18/2011,40.020000,40.970000,39.850000,39.990000
07/19/2011,39.360000,39.620000,38.630000,38.670000
07/20/2011,38.540000,40.250000,38.540000,39.510000
07/21/2011,39.360000,40.270000,38.640000,39.990000
07/22/2011,39.750000,41.320000,39.410000,40.820000
07/25/2011,41.850000,43.080000,41.580000,43.010000
07/26/2011,42.850000,44.520000,42.780000,43.640000
07/27/2011,37.130000,37.130000,33.070000,35.200000
07/28/2011,35.410000,35.410000,34.370000,34.930000
07/29/2011,35.390000,36.110000,35.230000,35.910000
08/01/2011,34.950000,36.890000,34.150000,35.380000
08/02/2011,35.590000,37.140000,35.030000,37.120000
08/03/2011,37.310000,39.250000,37.190000,37.340000
08/04/2011,38.380000,44.840000,38.200000,44.840000
08/05/2011,43.800000,54.820000,42.910000,47.370000
08/08/2011,51.250000,62.180000,49.660000,59.210000
08/09/2011,58.370000,58.790000,49.170000,49.170000
08/10/2011,51.510000,59.430000,51.370000,58.720000
08/11/2011,58.330000,58.350000,52.990000,54.160000
08/12/2011,53.030000,53.130000,49.530000,49.590000
08/15/2011,49.650000,50.030000,46.360000,46.700000
08/16/2011,47.920000,49.020000,45.340000,45.740000
08/17/2011,45.120000,46.580000,43.690000,44.650000
08/18/2011,46.980000,56.910000,46.980000,56.050000
08/19/2011,56.850000,59.770000,55.050000,59.490000
08/22/2011,57.330000,61.150000,57.090000,60.530000
08/23/2011,59.530000,59.730000,52.430000,53.590000
08/24/2011,53.530000,54.940000,51.270000,53.430000
08/25/2011,56.020000,59.010000,53.060000,56.160000
08/26/2011,56.780000,64.230000,50.780000,50.780000
08/29/2011,50.160000,50.590000,48.840000,48.840000
08/30/2011,49.210000,49.710000,47.640000,48.350000
08/31/2011,47.740000,48.490000,46.660000,47.650000
09/01/2011,47.590000,47.950000,45.570000,46.600000
09/02/2011,47.960000,49.490000,47.870000,48.860000
09/06/2011,53.760000,54.420000,51.900000,51.990000
09/07/2011,51.430000,51.460000,48.840000,48.840000
09/08/2011,49.400000,49.660000,48.400000,49.180000
09/09/2011,49.930000,53.920000,49.820000,52.860000
09/12/2011,54.420000,55.340000,52.780000,52.890000
09/13/2011,52.460000,52.700000,48.780000,48.900000
09/14/2011,49.000000,49.570000,45.980000,46.370000
09/15/2011,45.520000,46.770000,44.540000,44.900000
09/16/2011,44.670000,45.280000,43.960000,44.600000
09/19/2011,55.310000,55.380000,47.850000,48.910000
09/20/2011,49.760000,50.040000,47.260000,48.430000
09/21/2011,48.350000,57.650000,48.250000,50.810000
09/22/2011,54.780000,59.200000,54.780000,57.680000
09/23/2011,58.950000,59.000000,56.710000,57.810000
09/26/2011,58.960000,60.950000,57.590000,57.600000
09/27/2011,56.490000,58.390000,55.480000,57.980000
09/28/2011,57.640000,58.510000,56.340000,58.210000
09/29/2011,57.200000,62.900000,55.760000,60.140000
09/30/2011,62.180000,66.280000,59.550000,61.890000
10/03/2011,63.980000,68.450000,59.710000,66.060000
10/04/2011,66.970000,69.670000,63.020000,63.020000
10/05/2011,65.100000,65.100000,58.580000,58.740000
10/06/2011,59.310000,60.520000,57.560000,57.770000
10/07/2011,57.860000,57.940000,54.160000,55.030000
10/10/2011,56.070000,56.180000,52.910000,53.860000
10/11/2011,54.580000,54.940000,52.940000,53.090000
10/12/2011,52.780000,52.930000,51.580000,52.600000
10/13/2011,53.150000,53.360000,51.990000,52.260000
10/14/2011,50.820000,51.710000,50.310000,51.360000
10/17/2011,54.630000,55.600000,54.530000,55.390000
10/18/2011,55.580000,56.060000,52.370000,52.660000
10/19/2011,53.300000,55.020000,52.890000,54.280000
10/20/2011,54.640000,56.500000,54.150000,54.490000
10/21/2011,53.570000,53.860000,52.330000,52.330000
10/24/2011,52.340000,52.600000,49.750000,50.370000
10/25/2011,50.150000,58.920000,50.150000,58.690000
10/26/2011,50.830000,50.830000,46.380000,47.220000
10/27/2011,44.470000,45.240000,41.410000,42.000000
10/28/2011,41.530000,41.820000,39.960000,40.430000
10/31/2011,41.840000,43.170000,41.210000,42.740000
11/01/2011,46.080000,48.640000,45.550000,47.610000
11/02/2011,46.410000,49.150000,45.180000,45.220000
11/03/2011,45.330000,45.540000,42.700000,42.700000
11/04/2011,42.780000,44.000000,42.130000,42.330000
11/07/2011,43.780000,44.490000,42.640000,42.720000
11/08/2011,42.210000,42.210000,40.290000,40.360000
11/09/2011,41.920000,48.050000,41.910000,47.520000
11/10/2011,46.120000,48.100000,44.800000,44.820000
11/11/2011,43.830000,44.140000,41.620000,41.620000
11/14/2011,43.340000,43.540000,41.940000,41.940000
11/15/2011,42.180000,43.390000,41.410000,41.520000
11/16/2011,41.990000,43.610000,41.990000,43.610000
11/17/2011,43.630000,50.630000,43.630000,48.790000
11/18/2011,48.300000,49.450000,47.630000,48.850000
11/21/2011,52.530000,55.070000,50.570000,50.920000
11/22/2011,51.690000,52.190000,48.430000,49.190000
11/23/2011,49.040000,52.660000,48.930000,51.410000
11/25/2011,52.150000,53.710000,50.360000,50.370000
11/28/2011,52.520000,52.670000,50.380000,50.540000
11/29/2011,50.570000,51.270000,48.700000,50.030000
11/30/2011,48.220000,48.940000,47.380000,47.460000
12/01/2011,47.660000,59.330000,46.240000,46.360000
12/02/2011,47.170000,47.170000,44.200000,44.330000
12/05/2011,45.250000,45.900000,44.520000,44.600000
12/06/2011,44.480000,45.320000,44.130000,44.560000
12/07/2011,45.070000,46.690000,44.680000,46.130000
12/08/2011,47.310000,48.030000,46.040000,46.570000
12/09/2011,45.720000,46.170000,42.330000,42.640000
12/12/2011,43.860000,45.640000,42.000000,42.000000
12/13/2011,42.240000,46.450000,41.000000,44.890000
12/14/2011,45.620000,51.680000,45.000000,46.740000
12/15/2011,45.410000,46.500000,44.510000,45.880000
12/16/2011,45.330000,45.420000,41.870000,41.920000
12/19/2011,43.260000,43.260000,39.920000,41.700000
12/20/2011,40.760000,40.950000,38.530000,39.260000
12/21/2011,39.520000,41.990000,39.230000,41.120000
12/22/2011,41.740000,41.900000,38.930000,39.000000
12/23/2011,39.350000,40.480000,39.350000,39.430000
12/27/2011,42.990000,43.010000,41.900000,42.840000
12/28/2011,42.950000,44.580000,42.840000,44.310000
12/29/2011,46.360000,47.340000,45.140000,45.170000
12/30/2011,45.760000,45.810000,45.070000,45.120000
01/03/2012,47.210000,47.210000,45.880000,46.120000
01/04/2012,46.110000,46.770000,45.320000,45.940000
01/05/2012,46.700000,47.340000,44.680000,44.700000
01/06/2012,44.770000,45.910000,44.310000,44.600000
01/09/2012,46.320000,47.480000,46.190000,46.400000
01/10/2012,46.470000,46.490000,45.030000,45.500000
01/11/2012,45.810000,45.970000,45.160000,45.860000
01/12/2012,46.180000,46.910000,45.470000,46.050000
01/13/2012,46.420000,47.490000,46.280000,46.910000
01/17/2012,49.750000,49.750000,48.340000,48.460000
01/18/2012,48.680000,48.820000,47.430000,47.610000
01/19/2012,47.410000,47.600000,45.550000,45.600000
01/20/2012,45.960000,46.000000,43.290000,43.670000
01/23/2012,44.160000,44.200000,42.920000,43.270000
01/24/2012,43.470000,43.950000,42.990000,43.090000
01/25/2012,42.930000,43.170000,42.430000,42.720000
01/26/2012,42.510000,44.240000,42.120000,43.560000
01/27/2012,43.400000,45.350000,43.380000,45.100000
01/30/2012,46.530000,50.890000,46.530000,50.750000
01/31/2012,50.560000,54.670000,50.450000,54.470000
02/01/2012,37.800000,37.800000,34.540000,34.860000
02/02/2012,34.810000,35.270000,34.130000,34.260000
02/03/2012,33.550000,33.640000,32.380000,32.710000
02/06/2012,33.810000,34.460000,33.010000,33.350000
02/07/2012,33.360000,33.630000,32.380000,32.650000
02/08/2012,32.650000,32.880000,32.170000,32.310000
02/09/2012,33.140000,34.120000,33.000000,33.520000
02/10/2012,33.830000,35.700000,33.750000,34.930000
02/13/2012,35.180000,35.590000,33.630000,34.170000
02/14/2012,34.530000,38.090000,31.070000,33.980000
02/15/2012,34.410000,38.270000,33.730000,36.930000
02/16/2012,39.040000,39.090000,37.170000,37.920000
02/17/2012,37.860000,37.870000,35.690000,35.710000
02/21/2012,36.730000,36.840000,35.310000,35.410000
02/22/2012,35.670000,35.780000,34.040000,34.080000
02/23/2012,34.500000,34.890000,34.110000,34.260000
02/24/2012,34.030000,34.030000,31.890000,32.400000
02/27/2012,34.240000,34.520000,33.160000,33.450000
02/28/2012,33.880000,33.940000,32.860000,33.820000
02/29/2012,33.870000,34.160000,32.810000,34.060000
03/01/2012,33.750000,34.310000,33.730000,33.960000
03/02/2012,34.100000,34.240000,33.560000,33.860000
03/05/2012,35.130000,36.010000,34.750000,35.010000
03/06/2012,35.840000,37.880000,35.840000,36.920000
03/07/2012,36.640000,36.670000,34.770000,34.790000
03/08/2012,34.270000,34.310000,33.490000,33.880000
03/09/2012,33.170000,33.440000,32.130000,32.280000
03/12/2012,30.750000,30.970000,27.780000,27.850000
03/13/2012,27.610000,28.100000,26.850000,27.120000
03/14/2012,27.550000,27.980000,27.250000,27.580000
03/15/2012,27.560000,30.730000,27.540000,30.340000
03/16/2012,30.260000,30.640000,28.110000,28.460000
03/19/2012,30.030000,30.220000,27.620000,28.270000
03/20/2012,29.160000,32.460000,29.070000,30.770000
03/21/2012,30.910000,31.640000,30.590000,30.660000
03/22/2012,31.130000,32.400000,31.130000,32.080000
03/23/2012,32.600000,33.990000,32.450000,32.590000
03/26/2012,34.920000,35.520000,34.430000,34.740000
03/27/2012,35.210000,37.230000,35.210000,36.440000
03/28/2012,36.740000,38.000000,36.740000,37.570000
03/29/2012,37.770000,39.360000,37.770000,38.920000
03/30/2012,39.110000,39.650000,37.800000,37.800000
04/02/2012,40.170000,40.370000,38.300000,38.470000
04/03/2012,38.800000,39.950000,38.450000,38.630000
04/04/2012,39.130000,39.790000,38.910000,39.160000
04/05/2012,39.060000,39.270000,38.160000,38.190000
04/09/2012,41.190000,42.440000,41.140000,41.570000
04/10/2012,41.770000,44.700000,41.680000,44.330000
04/11/2012,43.740000,43.740000,42.420000,42.840000
04/12/2012,43.060000,44.080000,42.530000,42.930000
04/13/2012,43.390000,44.030000,42.060000,42.730000
04/16/2012,44.610000,46.170000,44.060000,44.600000
04/17/2012,43.850000,45.550000,43.800000,44.070000
04/18/2012,43.950000,45.680000,43.790000,44.080000
04/19/2012,43.930000,44.360000,42.990000,43.750000
04/20/2012,43.530000,43.790000,41.910000,42.490000
04/23/2012,43.000000,45.710000,42.910000,44.520000
04/24/2012,44.320000,44.320000,41.950000,42.620000
04/25/2012,42.110000,43.500000,40.910000,43.270000
04/26/2012,43.030000,47.280000,43.030000,46.930000
04/27/2012,33.990000,34.860000,32.110000,34.280000
04/30/2012,34.950000,37.590000,34.910000,36.420000
05/01/2012,36.800000,37.100000,34.920000,35.190000
05/02/2012,35.410000,36.090000,34.770000,34.960000
05/03/2012,35.070000,35.260000,34.260000,34.720000
05/04/2012,35.030000,36.290000,34.690000,34.790000
05/07/2012,35.980000,36.430000,35.010000,35.760000
05/08/2012,36.440000,37.930000,35.970000,36.380000
05/09/2012,37.920000,39.340000,37.460000,37.730000
05/10/2012,37.240000,37.780000,35.520000,36.850000
05/11/2012,36.480000,36.700000,35.620000,36.360000
05/14/2012,38.190000,39.520000,37.700000,38.780000
05/15/2012,37.290000,39.570000,37.290000,38.730000
05/16/2012,38.560000,45.040000,31.310000,40.870000
05/17/2012,40.040000,43.830000,39.970000,43.820000
05/18/2012,43.670000,45.210000,42.530000,45.010000
05/21/2012,45.920000,46.760000,40.330000,40.420000
05/22/2012,41.020000,41.630000,39.930000,41.130000
05/23/2012,41.840000,43.770000,40.090000,40.150000
05/24/2012,40.240000,41.620000,39.720000,40.540000
05/25/2012,40.760000,40.760000,38.610000,38.820000
05/29/2012,40.350000,40.720000,39.140000,39.190000
05/30/2012,40.270000,41.020000,40.090000,40.890000
05/31/2012,41.050000,42.330000,40.300000,40.500000
06/01/2012,42.280000,43.650000,41.790000,43.320000
06/04/2012,44.410000,44.550000,42.890000,42.910000
06/05/2012,43.320000,43.340000,40.710000,40.830000
06/06/2012,40.160000,40.170000,38.270000,38.280000
06/07/2012,37.430000,37.650000,36.580000,37.060000
06/08/2012,37.290000,37.530000,35.930000,35.990000
06/11/2012,34.910000,35.800000,34.530000,35.770000
06/12/2012,35.700000,36.050000,34.750000,35.160000
06/13/2012,35.230000,36.130000,34.570000,35.830000
06/14/2012,36.030000,36.310000,34.510000,35.060000
06/15/2012,34.960000,35.780000,34.140000,34.510000
06/18/2012,35.390000,35.480000,30.400000,31.050000
06/19/2012,31.310000,31.310000,28.050000,30.570000
06/20/2012,30.650000,31.880000,29.790000,30.640000
06/21/2012,30.790000,32.020000,30.230000,31.530000
06/22/2012,31.850000,31.880000,30.650000,30.710000
06/25/2012,34.650000,34.900000,34.130000,34.130000
06/26/2012,34.500000,35.960000,34.270000,35.950000
06/27/2012,36.570000,36.990000,36.320000,36.660000
06/28/2012,37.640000,37.840000,36.930000,36.950000
06/29/2012,36.330000,36.600000,35.980000,36.290000
07/02/2012,38.470000,38.680000,37.540000,37.540000
07/03/2012,37.760000,37.940000,32.840000,33.040000
07/05/2012,38.070000,38.360000,37.490000,38.020000
07/06/2012,38.290000,39.000000,37.920000,37.920000
07/09/2012,39.760000,40.700000,39.670000,39.920000
07/10/2012,39.990000,42.490000,39.880000,42.190000
07/11/2012,42.600000,42.940000,42.040000,42.110000
07/12/2012,42.650000,43.630000,42.050000,42.200000
07/13/2012,42.110000,42.320000,41.070000,41.260000
07/16/2012,43.670000,43.910000,43.070000,43.070000
07/17/2012,42.840000,43.400000,42.100000,42.210000
07/18/2012,42.200000,42.280000,41.590000,41.810000
07/19/2012,41.350000,44.250000,41.320000,44.190000
07/20/2012,44.170000,46.750000,44.170000,46.730000
07/23/2012,48.790000,49.650000,46.900000,47.070000
07/24/2012,47.030000,47.760000,46.790000,47.400000
07/25/2012,47.290000,48.530000,46.660000,48.450000
07/26/2012,47.990000,51.190000,47.990000,51.190000
07/27/2012,32.450000,35.550000,31.350000,35.160000
07/30/2012,36.210000,36.520000,33.820000,33.840000
07/31/2012,34.160000,35.990000,34.110000,34.430000
08/01/2012,34.400000,34.580000,33.240000,33.510000
08/02/2012,33.620000,33.790000,32.270000,32.500000
08/03/2012,31.670000,31.810000,30.780000,30.780000
08/06/2012,32.100000,32.220000,30.970000,31.260000
08/07/2012,31.370000,31.370000,30.400000,30.490000
08/08/2012,30.770000,31.000000,30.030000,30.050000
08/09/2012,30.260000,30.510000,29.360000,29.370000
08/10/2012,29.480000,29.720000,27.250000,27.280000
08/13/2012,26.540000,27.340000,26.150000,26.150000
08/14/2012,25.990000,27.040000,25.900000,26.570000
08/15/2012,26.700000,27.050000,26.040000,26.730000
08/16/2012,27.060000,28.670000,26.790000,28.560000
08/17/2012,28.560000,28.720000,26.240000,26.240000
08/20/2012,27.630000,27.960000,26.080000,26.270000
08/21/2012,26.250000,28.370000,26.250000,28.330000
08/22/2012,28.460000,30.130000,28.450000,29.570000
08/23/2012,30.150000,30.300000,29.460000,29.770000
08/24/2012,30.000000,30.250000,29.530000,29.960000
08/27/2012,31.250000,31.720000,30.820000,30.820000
08/28/2012,30.880000,31.140000,30.220000,30.510000
08/29/2012,30.610000,30.680000,30.070000,30.200000
08/30/2012,30.290000,31.940000,30.220000,31.740000
08/31/2012,31.550000,32.070000,30.940000,31.030000
09/04/2012,32.570000,33.830000,32.540000,33.380000
09/05/2012,33.380000,33.640000,32.510000,32.530000
09/06/2012,31.930000,32.340000,30.330000,32.150000
09/07/2012,31.670000,32.340000,30.740000,30.880000
09/10/2012,31.870000,32.040000,30.640000,31.200000
09/11/2012,31.400000,31.820000,31.250000,31.520000
09/12/2012,31.330000,31.820000,31.170000,31.180000
09/13/2012,31.240000,31.840000,29.300000,29.340000
09/14/2012,29.050000,29.820000,28.990000,29.540000
09/17/2012,29.960000,30.030000,29.140000,29.180000
09/18/2012,29.540000,29.580000,28.430000,28.560000
09/19/2012,28.660000,28.960000,27.440000,28.010000
09/20/2012,28.470000,28.670000,28.020000,28.180000
09/21/2012,28.250000,28.520000,26.900000,27.050000
09/24/2012,30.310000,31.090000,30.310000,30.740000
09/25/2012,31.080000,32.210000,31.020000,32.170000
09/26/2012,32.620000,33.960000,32.610000,33.290000
09/27/2012,33.470000,33.990000,33.290000,33.440000
09/28/2012,34.180000,34.510000,33.830000,33.910000
10/01/2012,35.930000,35.970000,33.170000,35.520000
10/02/2012,35.800000,36.120000,35.490000,35.510000
10/03/2012,35.670000,36.020000,35.160000,35.740000
10/04/2012,36.060000,36.330000,35.940000,36.020000
10/05/2012,35.900000,36.120000,35.610000,35.860000
10/08/2012,37.810000,38.150000,37.710000,38.050000
10/09/2012,38.340000,40.750000,38.260000,40.720000
10/10/2012,40.980000,41.870000,40.720000,41.420000
10/11/2012,41.250000,42.460000,41.200000,41.520000
10/12/2012,42.420000,42.570000,41.750000,41.780000
10/15/2012,44.210000,44.610000,43.060000,43.370000
10/16/2012,43.390000,43.790000,42.670000,42.790000
10/17/2012,42.910000,43.520000,42.640000,42.900000
10/18/2012,42.970000,45.410000,42.910000,44.620000
10/19/2012,44.450000,46.450000,43.770000,45.700000
10/22/2012,46.210000,47.860000,46.210000,47.560000
10/23/2012,48.010000,49.430000,47.860000,49.010000
10/24/2012,49.000000,49.450000,48.090000,48.880000
10/25/2012,48.790000,52.420000,48.160000,52.420000
10/26/2012,34.210000,34.660000,32.850000,33.520000
10/31/2012,33.610000,34.190000,33.100000,33.270000
11/01/2012,32.940000,33.100000,31.240000,31.300000
11/02/2012,31.060000,31.980000,30.640000,31.930000
11/05/2012,32.930000,33.850000,32.640000,32.850000
11/06/2012,32.680000,32.790000,31.840000,31.980000
11/07/2012,32.140000,33.300000,31.800000,33.080000
11/08/2012,32.940000,33.830000,32.550000,33.830000
11/09/2012,33.900000,34.260000,32.730000,33.590000
11/12/2012,34.260000,34.290000,32.220000,32.280000
11/13/2012,32.300000,32.490000,31.520000,31.740000
11/14/2012,31.670000,32.460000,31.100000,32.310000
11/15/2012,32.540000,33.080000,29.930000,32.660000
11/16/2012,32.600000,33.380000,32.490000,32.510000
11/19/2012,32.580000,32.580000,30.480000,30.520000
11/20/2012,30.480000,30.700000,30.040000,30.040000
11/21/2012,29.970000,31.080000,29.580000,31.070000
11/23/2012,31.210000,33.350000,27.260000,27.550000
11/26/2012,33.990000,34.140000,31.050000,31.870000
11/27/2012,31.740000,32.050000,30.560000,30.690000
11/28/2012,31.070000,31.380000,30.180000,30.370000
11/29/2012,30.170000,30.580000,29.820000,29.920000
11/30/2012,30.270000,30.570000,29.760000,29.900000
12/03/2012,30.680000,34.250000,30.320000,30.940000
12/04/2012,30.970000,31.680000,30.790000,31.190000
12/05/2012,31.240000,32.300000,30.730000,31.420000
12/06/2012,31.780000,32.050000,31.390000,31.450000
12/07/2012,31.280000,31.280000,30.270000,30.300000
12/10/2012,31.130000,32.090000,30.990000,31.960000
12/11/2012,32.010000,32.700000,31.180000,31.270000
12/12/2012,31.210000,31.630000,30.750000,30.840000
12/13/2012,30.900000,31.890000,30.800000,31.380000
12/14/2012,31.790000,31.900000,31.400000,31.460000
12/17/2012,31.900000,32.080000,30.970000,31.050000
12/18/2012,31.080000,31.760000,30.430000,30.650000
12/19/2012,30.950000,31.460000,30.660000,31.030000
12/20/2012,31.280000,32.380000,31.250000,32.190000
12/21/2012,33.400000,33.660000,31.620000,31.650000
12/24/2012,33.070000,35.490000,27.960000,28.690000
12/26/2012,36.830000,38.120000,36.610000,37.870000
12/27/2012,38.340000,39.870000,37.810000,38.210000
12/28/2012,39.090000,39.310000,37.650000,39.090000
12/31/2012,42.070000,42.110000,40.320000,40.450000
01/02/2013,40.110000,40.570000,38.490000,38.560000
01/03/2013,39.150000,39.340000,38.550000,38.600000
01/04/2013,38.850000,38.860000,37.510000,37.570000
01/07/2013,39.210000,40.140000,39.210000,39.330000
01/08/2013,39.870000,40.290000,39.560000,39.620000
01/09/2013,39.680000,40.030000,39.660000,39.990000
01/10/2013,40.110000,40.360000,39.690000,39.700000
01/11/2013,40.130000,40.410000,40.020000,40.280000
01/14/2013,42.650000,43.040000,41.180000,41.180000
01/15/2013,41.360000,41.430000,40.250000,40.310000
01/16/2013,40.400000,40.430000,39.520000,39.570000
01/17/2013,39.300000,40.040000,39.280000,39.900000
01/18/2013,39.540000,39.820000,37.770000,37.770000
01/22/2013,38.520000,38.700000,37.900000,37.950000
01/23/2013,37.750000,38.500000,37.750000,38.290000
01/24/2013,37.960000,40.280000,37.960000,40.240000
01/25/2013,40.100000,42.340000,39.490000,42.320000
01/28/2013,43.290000,45.390000,43.290000,44.640000
01/29/2013,45.320000,50.130000,45.270000,49.930000
01/30/2013,32.380000,33.440000,30.750000,31.230000
01/31/2013,31.470000,32.150000,30.670000,32.100000
02/01/2013,30.890000,31.420000,29.880000,30.160000
02/04/2013,31.290000,31.610000,30.710000,30.930000
02/05/2013,30.510000,31.500000,30.180000,31.170000
02/06/2013,31.440000,31.470000,30.640000,30.740000
02/07/2013,30.580000,31.660000,30.260000,30.290000
02/08/2013,29.870000,30.810000,29.590000,30.120000
02/11/2013,30.760000,32.120000,30.630000,30.780000
02/12/2013,30.560000,30.630000,29.730000,29.730000
02/13/2013,29.520000,30.500000,29.330000,30.150000
02/14/2013,30.240000,30.670000,29.500000,29.640000
02/15/2013,29.730000,29.890000,28.620000,28.720000
02/19/2013,29.860000,29.860000,28.780000,29.300000
02/20/2013,29.220000,31.110000,29.220000,30.920000
02/21/2013,31.200000,32.290000,30.940000,30.940000
02/22/2013,30.880000,31.070000,30.340000,30.340000
02/25/2013,30.600000,34.270000,30.100000,34.250000
02/26/2013,33.890000,34.630000,33.070000,33.270000
02/27/2013,33.410000,33.440000,31.510000,31.880000
02/28/2013,32.320000,32.350000,30.930000,31.100000
03/01/2013,31.610000,32.070000,30.570000,30.570000
03/04/2013,31.570000,31.710000,30.170000,30.250000
03/05/2013,30.140000,30.550000,29.720000,30.060000
03/06/2013,29.980000,30.270000,29.360000,29.360000
03/07/2013,29.270000,29.520000,28.840000,28.890000
03/08/2013,28.660000,29.120000,27.790000,27.840000
03/11/2013,23.200000,23.590000,21.180000,21.400000
03/12/2013,21.920000,23.400000,20.450000,23.030000
03/13/2013,23.350000,23.950000,22.120000,22.160000
03/14/2013,24.550000,24.580000,22.860000,23.070000
03/15/2013,23.680000,23.940000,21.570000,21.570000
03/18/2013,24.970000,26.120000,24.970000,25.760000
03/19/2013,26.380000,28.180000,26.190000,27.950000
03/20/2013,28.160000,28.700000,27.900000,27.930000
03/21/2013,28.500000,28.540000,27.600000,28.070000
03/22/2013,28.480000,28.750000,27.890000,28.650000
03/25/2013,30.370000,30.370000,29.480000,29.740000
03/26/2013,30.080000,30.080000,29.260000,29.260000
03/27/2013,29.870000,30.730000,29.570000,29.760000
03/28/2013,30.020000,30.420000,29.940000,30.190000
04/01/2013,32.930000,33.280000,32.440000,32.590000
04/02/2013,32.770000,33.060000,32.370000,32.690000
04/03/2013,33.300000,33.520000,33.000000,33.030000
04/04/2013,33.340000,34.200000,33.310000,33.710000
04/05/2013,34.660000,34.870000,34.250000,34.320000
04/08/2013,35.590000,36.390000,35.240000,35.410000
04/09/2013,35.510000,35.950000,35.100000,35.400000
04/10/2013,35.550000,36.550000,35.510000,36.180000
04/11/2013,36.280000,36.910000,36.270000,36.460000
04/12/2013,36.680000,37.520000,34.780000,37.350000
04/15/2013,39.740000,41.030000,39.430000,40.800000
04/16/2013,39.990000,40.010000,39.260000,39.330000
04/17/2013,39.610000,41.340000,39.600000,40.980000
04/18/2013,41.080000,43.750000,41.020000,43.360000
04/19/2013,43.260000,43.510000,41.480000,41.480000
04/22/2013,42.410000,43.250000,41.220000,43.220000
04/23/2013,42.890000,46.120000,42.310000,42.940000
04/24/2013,42.870000,43.490000,42.680000,43.000000
04/25/2013,43.000000,43.000000,39.740000,40.050000
04/26/2013,27.900000,30.850000,27.890000,29.150000
04/29/2013,29.950000,31.230000,29.940000,30.980000
04/30/2013,30.750000,31.030000,29.690000,29.910000
05/01/2013,29.990000,31.540000,29.990000,30.780000
05/02/2013,30.510000,30.810000,29.720000,29.720000
05/03/2013,29.050000,29.050000,27.870000,27.940000
05/06/2013,28.760000,29.530000,28.750000,28.860000
05/07/2013,28.730000,29.190000,27.810000,27.810000
05/08/2013,27.850000,28.050000,27.330000,27.340000
05/09/2013,27.410000,27.640000,26.500000,26.700000
05/10/2013,26.710000,27.250000,26.540000,26.620000
05/13/2013,26.800000,26.870000,25.930000,26.480000
05/14/2013,26.370000,26.480000,25.320000,25.430000
05/15/2013,25.840000,27.410000,25.630000,27.270000
05/16/2013,27.610000,28.020000,27.230000,27.230000
05/17/2013,27.160000,27.420000,26.570000,26.580000
05/20/2013,27.610000,28.280000,26.630000,27.270000
05/21/2013,27.050000,27.600000,26.870000,26.960000
05/22/2013,26.920000,27.200000,26.450000,26.760000
05/23/2013,27.230000,27.850000,27.010000,27.040000
05/24/2013,27.670000,27.670000,26.640000,26.640000
05/28/2013,27.550000,28.870000,27.420000,27.850000
05/29/2013,28.170000,28.780000,27.790000,28.050000
05/30/2013,28.050000,28.300000,27.500000,27.560000
05/31/2013,27.610000,28.190000,27.360000,27.980000
06/03/2013,28.990000,29.790000,28.960000,28.960000
06/04/2013,28.830000,29.170000,28.400000,28.920000
06/05/2013,29.030000,30.680000,28.850000,29.800000
06/06/2013,29.850000,31.050000,29.830000,29.830000
06/07/2013,29.330000,29.590000,24.110000,29.450000
06/10/2013,30.190000,30.250000,29.030000,29.470000
06/11/2013,30.150000,30.150000,28.640000,28.660000
06/12/2013,28.540000,29.240000,28.490000,29.080000
06/13/2013,29.120000,29.320000,28.540000,28.580000
06/14/2013,28.560000,29.220000,28.490000,28.920000
06/17/2013,28.060000,28.680000,27.870000,28.250000
06/18/2013,28.240000,28.590000,27.250000,27.610000
06/19/2013,28.030000,28.610000,27.530000,27.620000
06/20/2013,28.630000,31.080000,28.590000,31.010000
06/21/2013,31.040000,32.260000,29.940000,30.430000
06/24/2013,32.860000,34.540000,31.510000,32.090000
06/25/2013,32.150000,32.200000,30.780000,31.190000
06/26/2013,31.240000,31.270000,30.530000,30.660000
06/27/2013,30.870000,31.360000,30.710000,30.990000
06/28/2013,31.520000,31.910000,30.570000,30.630000
07/01/2013,32.470000,33.740000,32.470000,33.540000
07/02/2013,33.820000,34.320000,33.480000,33.480000
07/03/2013,34.020000,34.350000,33.540000,33.540000
07/05/2013,34.170000,34.500000,33.970000,33.980000
07/08/2013,35.600000,35.800000,34.820000,35.530000
07/09/2013,35.640000,36.000000,34.810000,34.970000
07/10/2013,35.140000,35.640000,34.980000,35.300000
07/11/2013,35.190000,36.590000,34.890000,36.580000
07/12/2013,36.740000,37.760000,36.580000,36.860000
07/15/2013,38.940000,39.290000,38.820000,39.060000
07/16/2013,39.030000,39.290000,38.020000,38.060000
07/17/2013,37.990000,38.050000,37.210000,37.230000
07/18/2013,37.470000,38.160000,37.100000,37.350000
07/19/2013,37.390000,37.910000,37.100000,37.210000
07/22/2013,37.440000,38.120000,36.900000,37.080000
07/23/2013,36.910000,36.930000,35.580000,35.590000
07/24/2013,35.180000,39.120000,34.950000,36.100000
07/25/2013,36.030000,37.980000,36.030000,37.580000
07/26/2013,28.700000,28.770000,25.900000,26.150000
07/29/2013,27.030000,28.680000,26.400000,26.500000
07/30/2013,26.200000,26.650000,25.570000,25.970000
07/31/2013,25.860000,26.470000,25.790000,26.390000
08/01/2013,26.200000,26.980000,26.150000,26.330000
08/02/2013,26.320000,26.330000,24.690000,24.790000
08/05/2013,25.400000,25.950000,25.330000,25.330000
08/06/2013,25.220000,25.940000,25.220000,25.640000
08/07/2013,25.670000,26.210000,25.640000,25.750000
08/08/2013,25.610000,26.010000,25.310000,25.340000
08/09/2013,25.290000,25.530000,24.930000,24.930000
08/12/2013,24.980000,25.040000,24.010000,24.010000
08/13/2013,24.090000,25.030000,23.680000,23.750000
08/14/2013,23.750000,24.390000,23.750000,24.070000
08/15/2013,24.560000,26.560000,24.560000,26.430000
08/16/2013,26.290000,26.780000,25.630000,25.790000
08/19/2013,26.380000,26.400000,25.080000,25.630000
08/20/2013,25.620000,25.630000,24.870000,24.980000
08/21/2013,25.400000,26.080000,25.270000,25.870000
08/22/2013,25.770000,31.060000,21.690000,25.960000
08/23/2013,25.880000,26.220000,25.170000,25.250000
08/26/2013,26.450000,26.650000,25.850000,26.320000
08/27/2013,27.010000,28.090000,26.120000,27.940000
08/28/2013,28.180000,28.270000,27.210000,27.460000
08/29/2013,27.670000,27.670000,26.870000,27.110000
08/30/2013,27.040000,27.900000,27.040000,27.450000
09/03/2013,28.000000,28.030000,27.050000,27.720000
09/04/2013,27.520000,27.780000,26.910000,26.960000
09/05/2013,26.790000,27.230000,26.740000,26.750000
09/06/2013,26.330000,27.310000,26.210000,26.910000
09/09/2013,27.380000,27.530000,26.660000,26.750000
09/10/2013,26.440000,26.890000,25.030000,25.230000
09/11/2013,25.220000,25.350000,24.520000,24.720000
09/12/2013,24.500000,24.960000,23.920000,24.930000
09/13/2013,24.720000,25.060000,24.380000,24.400000
09/16/2013,23.500000,24.400000,22.920000,23.570000
09/17/2013,23.560000,24.790000,23.310000,24.550000
09/18/2013,24.850000,25.310000,24.220000,25.130000
09/19/2013,25.010000,25.760000,24.950000,25.140000
09/20/2013,25.210000,27.180000,25.130000,26.390000
09/23/2013,28.460000,29.040000,27.960000,28.600000
09/24/2013,28.770000,29.120000,28.530000,29.050000
09/25/2013,29.370000,29.820000,29.120000,29.630000
09/26/2013,29.870000,30.640000,29.670000,30.400000
09/27/2013,30.800000,30.990000,30.510000,30.560000
09/30/2013,32.600000,32.850000,32.420000,32.630000
10/01/2013,32.650000,33.110000,32.540000,32.760000
10/02/2013,33.320000,34.060000,33.220000,33.670000
10/03/2013,33.980000,35.430000,33.730000,34.650000
10/04/2013,34.880000,35.010000,34.110000,34.290000
10/07/2013,36.290000,37.030000,36.280000,37.020000
10/08/2013,37.090000,40.780000,36.650000,40.020000
10/09/2013,39.880000,42.160000,38.680000,40.760000
10/10/2013,39.880000,39.900000,38.520000,38.550000
10/11/2013,38.830000,39.160000,37.610000,37.620000
10/14/2013,40.200000,40.310000,38.910000,39.360000
10/15/2013,39.250000,39.550000,38.610000,39.360000
10/16/2013,38.980000,39.430000,37.290000,37.450000
10/17/2013,37.570000,37.690000,35.900000,35.900000
10/18/2013,35.120000,38.480000,34.750000,37.830000
10/21/2013,38.910000,40.130000,38.110000,39.010000
10/22/2013,38.960000,40.490000,36.340000,39.740000
10/23/2013,39.850000,42.550000,39.690000,42.070000
10/24/2013,42.210000,43.810000,41.510000,43.430000
10/25/2013,30.710000,33.390000,30.450000,30.870000
10/28/2013,31.550000,31.850000,29.850000,30.000000
10/29/2013,29.240000,30.170000,28.960000,29.610000
10/30/2013,29.750000,30.360000,28.710000,28.770000
10/31/2013,29.140000,29.730000,28.990000,29.130000
11/01/2013,28.960000,30.150000,28.110000,28.140000
11/04/2013,29.020000,29.680000,28.300000,28.460000
11/05/2013,28.760000,28.940000,27.950000,28.780000
11/06/2013,28.650000,29.450000,28.530000,28.840000
11/07/2013,28.580000,31.170000,28.500000,30.430000
11/08/2013,30.220000,30.550000,28.010000,28.010000
11/11/2013,29.240000,29.240000,27.900000,28.380000
11/12/2013,28.700000,28.970000,27.860000,28.250000
11/13/2013,28.540000,28.730000,26.830000,27.290000
11/14/2013,26.930000,28.600000,26.790000,27.780000
11/15/2013,27.940000,29.040000,25.940000,28.190000
11/18/2013,28.840000,28.840000,27.660000,28.050000
11/19/2013,28.060000,28.950000,28.060000,28.800000
11/20/2013,29.040000,29.280000,28.030000,28.310000
11/21/2013,28.770000,28.770000,26.160000,27.750000
11/22/2013,27.790000,28.120000,27.590000,27.720000
11/25/2013,28.600000,28.860000,27.740000,28.750000
11/26/2013,28.750000,29.080000,28.030000,28.030000
11/27/2013,28.040000,28.270000,27.680000,27.980000
11/29/2013,28.470000,29.240000,27.980000,28.630000
12/02/2013,29.190000,31.260000,28.310000,30.580000
12/03/2013,30.660000,30.920000,29.730000,30.010000
12/04/2013,30.030000,30.410000,29.730000,29.940000
12/05/2013,29.920000,30.790000,29.530000,29.810000
12/06/2013,29.510000,29.820000,28.320000,28.370000
12/09/2013,29.150000,29.260000,27.760000,27.820000
12/10/2013,27.840000,28.870000,27.450000,28.050000
12/11/2013,28.070000,29.490000,27.460000,29.470000
12/12/2013,29.620000,30.090000,28.980000,29.210000
12/13/2013,29.130000,30.060000,29.130000,29.610000
12/16/2013,29.490000,30.260000,28.450000,30.250000
12/17/2013,30.620000,31.520000,30.540000,31.520000
12/18/2013,31.930000,32.810000,31.090000,31.210000
12/19/2013,31.760000,31.770000,31.110000,31.640000
12/20/2013,31.640000,32.350000,31.420000,31.510000
12/23/2013,32.930000,33.130000,32.120000,32.170000
12/24/2013,32.290000,33.030000,32.270000,32.520000
12/26/2013,33.580000,33.920000,33.350000,33.350000
12/27/2013,33.540000,34.200000,33.380000,34.020000
12/30/2013,35.540000,35.570000,34.960000,35.010000
12/31/2013,35.250000,35.420000,34.800000,34.870000
01/02/2014,35.760000,36.180000,35.380000,35.380000
01/03/2014,35.630000,36.000000,35.510000,35.580000
01/06/2014,37.190000,37.330000,35.900000,35.950000
01/07/2014,36.140000,36.150000,34.280000,34.290000
01/08/2014,34.630000,35.040000,34.570000,34.860000
01/09/2014,34.860000,35.540000,34.710000,35.290000
01/10/2014,35.500000,35.580000,34.520000,34.560000
01/13/2014,38.480000,38.840000,37.460000,38.710000
01/14/2014,38.350000,38.480000,37.130000,37.550000
01/15/2014,37.670000,37.860000,36.390000,36.450000
01/16/2014,36.310000,38.650000,35.430000,38.650000
01/17/2014,37.010000,37.600000,35.530000,37.460000
01/21/2014,37.930000,38.030000,36.980000,37.620000
01/22/2014,37.590000,38.250000,36.260000,36.300000
01/23/2014,36.470000,37.500000,36.430000,36.920000
01/24/2014,37.160000,39.350000,37.160000,38.910000
01/27/2014,39.110000,40.730000,38.920000,40.200000
01/28/2014,39.650000,40.170000,39.650000,39.820000
01/29/2014,39.900000,43.010000,39.660000,42.630000
01/30/2014,42.890000,47.000000,42.830000,47.000000
01/31/2014,33.300000,33.430000,29.520000,32.170000
02/03/2014,33.600000,36.620000,31.790000,35.880000
02/04/2014,35.480000,35.520000,32.230000,32.270000
02/05/2014,32.690000,35.530000,32.400000,33.520000
02/06/2014,32.890000,32.940000,31.220000,31.610000
02/07/2014,30.490000,31.140000,30.110000,30.320000
02/10/2014,30.980000,31.220000,28.980000,29.610000
02/11/2014,29.800000,30.210000,28.370000,29.560000
02/12/2014,30.200000,32.720000,29.940000,32.020000
02/13/2014,32.400000,33.800000,29.160000,29.180000
02/14/2014,29.110000,30.000000,27.650000,28.410000
02/18/2014,29.870000,29.870000,28.110000,28.170000
02/19/2014,28.430000,29.740000,28.170000,29.480000
02/20/2014,29.220000,29.710000,28.470000,28.470000
02/21/2014,28.270000,28.270000,27.240000,27.490000
02/24/2014,28.140000,28.490000,25.970000,25.970000
02/25/2014,26.190000,28.090000,26.090000,27.740000
02/26/2014,27.340000,28.570000,27.340000,28.020000
02/27/2014,28.130000,28.520000,27.250000,27.710000
02/28/2014,27.750000,28.320000,27.480000,27.930000
03/03/2014,29.460000,30.110000,28.110000,29.280000
03/04/2014,28.420000,28.560000,26.820000,26.870000
03/05/2014,26.850000,27.830000,26.780000,26.830000
03/06/2014,26.400000,27.880000,26.390000,26.670000
03/07/2014,26.470000,27.150000,25.820000,25.820000
03/10/2014,26.630000,27.210000,26.190000,26.230000
03/11/2014,26.290000,26.550000,25.740000,26.350000
03/12/2014,26.680000,27.290000,26.100000,26.140000
03/13/2014,25.860000,28.360000,25.330000,28.020000
03/14/2014,28.140000,28.210000,25.970000,27.520000
03/17/2014,26.610000,26.610000,24.150000,24.930000
03/18/2014,25.110000,25.470000,24.750000,25.020000
03/19/2014,25.580000,27.920000,25.580000,26.290000
03/20/2014,26.670000,27.510000,26.630000,27.100000
03/21/2014,28.050000,29.040000,27.550000,28.690000
03/24/2014,30.710000,32.590000,28.180000,31.870000
03/25/2014,31.710000,32.430000,30.970000,31.800000
03/26/2014,31.850000,33.600000,31.830000,33.600000
03/27/2014,33.950000,37.050000,33.930000,36.820000
03/28/2014,36.800000,36.990000,35.140000,35.730000
03/31/2014,36.880000,37.350000,36.560000,37.020000
04/01/2014,36.940000,37.670000,36.820000,37.600000
04/02/2014,37.900000,38.420000,37.530000,37.700000
04/03/2014,38.560000,40.140000,38.060000,39.810000
04/04/2014,39.750000,43.510000,39.510000,42.330000
04/07/2014,44.150000,46.770000,44.050000,45.300000
04/08/2014,45.390000,47.280000,42.660000,43.060000
04/09/2014,43.050000,44.850000,43.030000,43.470000
04/10/2014,45.030000,49.330000,43.980000,49.090000
04/11/2014,49.270000,49.940000,48.170000,49.240000
04/14/2014,51.580000,51.580000,49.390000,49.400000
04/15/2014,49.690000,50.340000,48.400000,48.520000
04/16/2014,45.120000,51.410000,45.120000,46.470000
04/17/2014,45.930000,47.270000,43.170000,43.390000
04/21/2014,44.040000,46.230000,42.860000,42.970000
04/22/2014,42.250000,43.710000,41.700000,43.640000
04/23/2014,43.440000,44.860000,42.950000,43.240000
04/24/2014,43.090000,46.140000,41.150000,41.450000
04/25/2014,34.630000,34.870000,32.360000,34.170000
04/28/2014,34.940000,39.100000,34.640000,37.000000
04/29/2014,36.920000,37.530000,34.740000,34.750000
04/30/2014,34.700000,35.000000,32.620000,32.620000
05/01/2014,32.200000,32.420000,31.370000,31.400000
05/02/2014,31.190000,32.470000,30.410000,30.410000
05/05/2014,31.590000,32.110000,29.990000,30.010000
05/06/2014,30.040000,31.780000,29.990000,31.780000
05/07/2014,31.910000,34.570000,31.850000,33.340000
05/08/2014,33.740000,34.070000,32.750000,33.930000
05/09/2014,33.570000,34.250000,32.000000,32.070000
05/12/2014,32.450000,32.910000,29.720000,29.720000
05/13/2014,29.820000,29.910000,28.620000,28.630000
05/14/2014,28.880000,29.430000,28.530000,29.270000
05/15/2014,29.120000,31.800000,29.010000,29.550000
05/16/2014,30.030000,30.560000,28.370000,28.870000
05/19/2014,29.750000,30.180000,28.760000,28.820000
05/20/2014,28.630000,28.930000,28.120000,28.340000
05/21/2014,28.120000,28.150000,27.430000,27.660000
05/22/2014,27.420000,28.060000,27.320000,27.440000
05/23/2014,27.100000,27.560000,25.900000,25.980000
05/27/2014,26.770000,27.030000,26.660000,26.900000
05/28/2014,26.910000,27.730000,26.880000,27.120000
05/29/2014,27.000000,27.300000,26.490000,26.490000
05/30/2014,26.490000,27.560000,26.430000,26.810000
06/02/2014,27.570000,28.050000,27.060000,27.060000
06/03/2014,27.240000,27.640000,26.990000,27.050000
06/04/2014,27.050000,27.340000,26.890000,27.070000
06/05/2014,26.920000,32.130000,26.920000,31.060000
06/06/2014,31.140000,31.860000,30.640000,30.640000
06/09/2014,31.280000,31.780000,30.250000,30.340000
06/10/2014,30.500000,30.850000,28.770000,28.770000
06/11/2014,29.180000,30.290000,29.180000,30.270000
06/12/2014,30.300000,30.580000,30.210000,30.270000
06/13/2014,30.410000,31.050000,29.270000,29.310000
06/16/2014,28.980000,29.510000,28.980000,29.050000
06/17/2014,29.610000,30.490000,29.130000,29.190000
06/18/2014,29.530000,30.250000,28.490000,28.660000
06/19/2014,28.960000,29.390000,28.740000,28.770000
06/20/2014,29.020000,29.330000,28.790000,28.910000
06/23/2014,31.300000,31.530000,29.440000,29.460000
06/24/2014,29.900000,30.800000,29.820000,30.640000
06/25/2014,31.050000,31.460000,30.840000,30.950000
06/26/2014,31.420000,32.000000,31.340000,31.390000
06/27/2014,31.720000,32.000000,31.130000,31.140000
06/30/2014,33.230000,33.530000,33.040000,33.060000
07/01/2014,33.460000,34.090000,33.010000,33.410000
07/02/2014,33.960000,34.230000,33.130000,33.250000
07/03/2014,33.700000,34.030000,33.360000,33.420000
07/07/2014,35.960000,36.050000,34.550000,34.720000
07/08/2014,35.230000,36.010000,34.740000,35.730000
07/09/2014,36.040000,37.070000,35.230000,35.360000
07/10/2014,35.700000,36.630000,35.700000,35.930000
07/11/2014,35.630000,37.770000,35.630000,36.340000
07/14/2014,38.650000,38.770000,37.840000,38.210000
07/15/2014,38.010000,38.150000,36.860000,37.140000
07/16/2014,37.150000,38.000000,36.480000,36.480000
07/17/2014,36.920000,37.820000,36.550000,37.100000
07/18/2014,36.680000,37.980000,36.560000,37.320000
07/21/2014,37.820000,38.150000,37.270000,37.750000
07/22/2014,37.800000,38.070000,37.190000,37.240000
07/23/2014,37.070000,37.360000,36.520000,36.830000
07/24/2014,36.880000,38.250000,36.250000,37.300000
07/25/2014,28.550000,30.190000,28.370000,28.690000
07/28/2014,29.250000,30.600000,28.060000,28.060000
07/29/2014,28.000000,28.540000,27.750000,27.760000
07/30/2014,27.470000,28.840000,27.300000,27.300000
07/31/2014,28.050000,30.520000,27.920000,30.380000
08/01/2014,30.560000,32.370000,29.920000,30.860000
08/04/2014,30.920000,31.040000,29.150000,29.310000
08/05/2014,30.060000,30.900000,29.550000,30.340000
08/06/2014,30.240000,30.790000,30.060000,30.220000
08/07/2014,29.450000,30.510000,29.440000,30.220000
08/08/2014,30.140000,30.420000,27.910000,27.960000
08/11/2014,27.840000,27.850000,25.700000,25.790000
08/12/2014,25.780000,25.990000,25.150000,25.430000
08/13/2014,25.060000,26.690000,24.440000,25.170000
08/14/2014,25.030000,25.030000,23.630000,24.500000
08/15/2014,24.450000,26.800000,23.860000,25.790000
08/18/2014,25.590000,25.630000,23.850000,24.180000
08/19/2014,24.080000,24.410000,23.290000,23.560000
08/20/2014,23.660000,24.360000,23.460000,23.610000
08/21/2014,23.540000,24.130000,23.370000,23.400000
08/22/2014,23.910000,24.000000,22.930000,22.970000
08/25/2014,23.730000,23.860000,23.270000,23.510000
08/26/2014,23.490000,25.090000,23.490000,23.750000
08/27/2014,23.850000,24.610000,23.780000,24.080000
08/28/2014,24.420000,24.940000,23.920000,23.930000
08/29/2014,23.910000,24.430000,22.520000,22.520000
09/02/2014,23.620000,24.470000,23.280000,24.240000
09/03/2014,24.300000,24.710000,24.200000,24.610000
09/04/2014,24.480000,26.300000,24.480000,25.070000
09/05/2014,25.050000,25.690000,24.080000,24.740000
09/08/2014,25.310000,26.580000,25.310000,25.870000
09/09/2014,25.840000,28.100000,25.840000,27.870000
09/10/2014,27.660000,29.170000,27.650000,28.090000
09/11/2014,28.280000,29.180000,28.100000,28.100000
09/12/2014,28.270000,28.380000,27.280000,27.330000
09/15/2014,27.570000,31.880000,27.510000,29.650000
09/16/2014,30.080000,32.200000,27.720000,27.720000
09/17/2014,28.330000,29.300000,27.240000,27.390000
09/18/2014,27.600000,27.860000,27.100000,27.280000
09/19/2014,27.310000,27.990000,26.310000,26.680000
09/22/2014,28.530000,30.690000,28.420000,30.330000
09/23/2014,30.780000,31.040000,30.270000,30.690000
09/24/2014,30.790000,31.370000,29.030000,29.300000
09/25/2014,29.750000,31.260000,29.630000,30.890000
09/26/2014,31.100000,32.730000,30.140000,30.560000
09/29/2014,32.590000,33.500000,32.360000,32.470000
09/30/2014,32.850000,33.510000,32.810000,33.120000
10/01/2014,33.710000,35.050000,33.690000,34.430000
10/02/2014,34.960000,35.770000,33.780000,34.320000
10/03/2014,34.100000,34.220000,33.020000,33.140000
10/06/2014,34.510000,34.690000,34.160000,34.250000
10/07/2014,35.240000,35.660000,34.890000,35.660000
10/08/2014,36.200000,36.800000,35.640000,35.980000
10/09/2014,36.310000,37.580000,35.850000,37.500000
10/10/2014,37.860000,39.700000,37.790000,39.270000
10/13/2014,43.970000,47.750000,43.790000,47.630000
10/14/2014,47.460000,47.460000,45.300000,45.550000
10/15/2014,47.700000,52.660000,46.960000,48.870000
10/16/2014,51.190000,53.170000,49.280000,49.580000
10/17/2014,47.810000,48.530000,45.790000,46.010000
10/20/2014,46.440000,46.870000,44.480000,44.650000
10/21/2014,43.520000,45.290000,43.520000,44.510000
10/22/2014,44.770000,44.860000,43.320000,44.760000
10/23/2014,44.420000,44.770000,42.800000,44.250000
10/24/2014,32.870000,32.940000,27.280000,30.350000
10/27/2014,31.160000,31.230000,28.630000,28.640000
10/28/2014,28.530000,28.530000,26.720000,26.980000
10/29/2014,26.890000,27.520000,26.890000,27.080000
10/30/2014,27.340000,28.090000,26.990000,27.180000
10/31/2014,26.810000,26.920000,25.880000,25.880000
11/03/2014,26.840000,27.300000,26.430000,26.640000
11/04/2014,26.930000,27.450000,26.830000,26.950000
11/05/2014,27.000000,28.980000,27.000000,28.730000
11/06/2014,28.840000,29.530000,28.340000,28.340000
11/07/2014,28.220000,28.380000,27.470000,27.540000
11/10/2014,27.900000,28.440000,26.800000,27.010000
11/11/2014,27.060000,27.500000,26.460000,26.730000
11/12/2014,27.130000,27.340000,26.830000,27.190000
11/13/2014,27.690000,28.500000,27.370000,28.360000
11/14/2014,28.560000,32.060000,28.480000,30.310000
11/17/2014,31.610000,31.630000,30.510000,30.630000
11/18/2014,30.960000,32.130000,30.430000,30.470000
11/19/2014,30.830000,31.390000,30.810000,31.240000
11/20/2014,31.520000,32.390000,31.510000,31.580000
11/21/2014,31.610000,31.630000,29.460000,29.830000
11/24/2014,30.320000,30.360000,28.230000,28.570000
11/25/2014,28.460000,29.230000,28.060000,28.090000
11/26/2014,28.230000,28.470000,27.610000,27.610000
11/28/2014,27.860000,28.800000,27.570000,28.600000
12/01/2014,29.550000,31.650000,28.770000,30.960000
12/02/2014,30.750000,31.440000,30.340000,30.340000
12/03/2014,30.150000,32.990000,30.140000,32.470000
12/04/2014,32.450000,34.360000,31.950000,32.640000
12/05/2014,32.680000,33.510000,32.150000,32.210000
12/08/2014,32.920000,34.610000,32.900000,34.010000
12/09/2014,34.910000,36.360000,34.500000,34.640000
12/10/2014,34.610000,36.660000,34.330000,36.590000
12/11/2014,35.920000,36.840000,34.640000,36.010000
12/12/2014,36.730000,38.360000,36.300000,38.360000
12/15/2014,38.520000,40.750000,38.140000,38.710000
12/16/2014,39.540000,41.640000,39.310000,41.200000
12/17/2014,40.920000,42.270000,38.870000,39.070000
12/18/2014,38.010000,39.810000,36.880000,37.070000
12/19/2014,37.290000,37.290000,35.730000,35.950000
12/22/2014,37.750000,37.760000,34.750000,35.010000
12/23/2014,35.180000,35.180000,33.640000,33.930000
12/24/2014,34.120000,34.760000,34.120000,34.670000
12/26/2014,35.640000,35.900000,35.070000,35.810000
12/29/2014,37.830000,38.100000,37.030000,37.790000
12/30/2014,38.150000,38.650000,37.890000,38.010000
12/31/2014,38.150000,38.400000,37.770000,38.110000
01/02/2015,38.930000,39.970000,38.870000,39.400000
01/05/2015,41.810000,43.220000,41.810000,42.700000
01/06/2015,43.070000,43.950000,42.990000,43.350000
01/07/2015,43.250000,43.850000,43.100000,43.420000
01/08/2015,43.500000,43.810000,41.750000,41.770000
01/09/2015,41.900000,42.430000,41.330000,41.380000
01/12/2015,46.760000,47.800000,46.580000,46.820000
01/13/2015,46.350000,48.230000,45.430000,48.200000
01/14/2015,48.160000,49.450000,48.160000,48.200000
01/15/2015,47.960000,48.890000,47.960000,48.600000
01/16/2015,48.520000,48.740000,45.540000,45.560000
01/20/2015,45.270000,45.970000,44.120000,44.170000
01/21/2015,43.980000,47.660000,43.920000,45.630000
01/22/2015,44.970000,45.530000,43.390000,43.480000
01/23/2015,43.390000,44.830000,43.380000,43.820000
01/26/2015,44.740000,45.360000,43.640000,44.980000
01/27/2015,44.860000,47.280000,44.830000,45.510000
01/28/2015,45.080000,47.470000,44.960000,47.030000
01/29/2015,46.850000,47.860000,45.130000,45.490000
01/30/2015,31.910000,33.220000,29.330000,31.770000
02/02/2015,32.020000,32.280000,31.150000,31.590000
02/03/2015,31.490000,31.500000,29.360000,29.390000
02/04/2015,29.630000,29.650000,28.720000,28.850000
02/05/2015,28.340000,29.740000,28.170000,28.590000
02/06/2015,28.320000,28.380000,27.350000,27.640000
02/09/2015,28.600000,28.970000,28.240000,28.290000
02/10/2015,28.190000,28.520000,27.870000,27.870000
02/11/2015,28.060000,28.550000,27.750000,27.900000
02/12/2015,28.000000,28.000000,26.880000,27.000000
02/13/2015,26.960000,26.980000,26.020000,26.020000
02/17/2015,27.670000,28.000000,26.940000,26.940000
02/18/2015,26.990000,27.120000,26.180000,26.200000
02/19/2015,26.350000,26.470000,25.880000,26.060000
02/20/2015,26.830000,26.830000,24.960000,25.290000
02/23/2015,26.030000,26.220000,25.260000,25.570000
02/24/2015,25.850000,26.090000,25.370000,25.390000
02/25/2015,25.410000,26.400000,24.970000,26.230000
02/26/2015,26.030000,27.290000,26.030000,26.570000
02/27/2015,26.270000,26.620000,25.600000,25.600000
03/02/2015,26.430000,26.560000,25.790000,25.790000
03/03/2015,25.830000,26.010000,25.470000,25.540000
03/04/2015,25.670000,26.300000,25.670000,25.790000
03/05/2015,27.290000,27.290000,25.730000,25.870000
03/06/2015,25.980000,26.380000,25.650000,26.290000
03/09/2015,27.150000,27.660000,26.600000,26.730000
03/10/2015,27.320000,28.590000,27.320000,27.800000
03/11/2015,27.960000,28.210000,27.440000,27.760000
03/12/2015,27.600000,27.960000,26.950000,27.250000
03/13/2015,27.190000,27.910000,26.890000,27.370000
03/16/2015,27.130000,27.720000,26.810000,26.840000
03/17/2015,27.290000,27.450000,26.710000,27.220000
03/18/2015,27.570000,28.660000,26.520000,26.630000
03/19/2015,27.000000,27.120000,26.100000,26.330000
03/20/2015,26.680000,26.770000,25.720000,26.000000
03/23/2015,28.020000,28.290000,27.210000,27.390000
03/24/2015,27.900000,28.120000,27.780000,27.890000
03/25/2015,28.150000,29.250000,28.150000,29.070000
03/26/2015,29.620000,31.620000,29.620000,30.950000
03/27/2015,31.390000,31.680000,30.860000,30.990000
03/30/2015,32.980000,33.060000,32.030000,32.080000
03/31/2015,32.680000,32.900000,32.480000,32.660000
04/01/2015,33.100000,34.060000,33.100000,33.900000
04/02/2015,34.250000,34.480000,33.730000,33.740000
04/06/2015,36.490000,36.750000,36.270000,36.340000
04/07/2015,36.710000,36.970000,36.290000,36.370000
04/08/2015,36.670000,37.260000,36.670000,37.210000
04/09/2015,37.570000,38.170000,37.560000,38.090000
04/10/2015,38.330000,39.250000,38.200000,38.510000
04/13/2015,41.000000,41.380000,40.640000,40.760000
04/14/2015,40.460000,41.580000,39.530000,39.680000
04/15/2015,39.890000,40.230000,38.900000,39.090000
04/16/2015,38.910000,40.560000,38.910000,39.830000
04/17/2015,40.470000,41.680000,40.470000,41.290000
04/20/2015,41.650000,44.600000,41.650000,42.880000
04/21/2015,43.390000,43.910000,43.060000,43.170000
04/22/2015,43.520000,45.340000,43.520000,45.130000
04/23/2015,45.120000,46.530000,41.010000,41.550000
04/24/2015,27.120000,28.950000,26.140000,26.640000
04/27/2015,27.330000,27.570000,24.910000,24.910000
04/28/2015,25.040000,25.360000,24.500000,24.590000
04/29/2015,24.610000,25.250000,24.450000,24.480000
04/30/2015,24.700000,25.960000,24.700000,25.830000
05/01/2015,25.640000,26.510000,25.020000,25.020000
05/04/2015,25.910000,26.140000,24.500000,24.500000
05/05/2015,24.910000,25.400000,24.890000,25.380000
05/06/2015,25.290000,26.150000,25.200000,25.420000
05/07/2015,25.610000,26.230000,25.290000,25.300000
05/08/2015,25.140000,25.140000,23.730000,23.990000
05/11/2015,24.880000,24.880000,24.050000,24.310000
05/12/2015,24.340000,25.200000,24.340000,24.780000
05/13/2015,24.660000,24.730000,24.050000,24.050000
05/14/2015,24.080000,24.150000,23.100000,23.280000
05/15/2015,23.460000,23.670000,22.720000,22.820000
05/18/2015,23.340000,23.990000,23.100000,23.290000
05/19/2015,23.350000,23.750000,23.260000,23.510000
05/20/2015,23.510000,24.080000,23.510000,23.550000
05/21/2015,23.730000,24.160000,23.150000,23.200000
05/22/2015,23.290000,23.430000,22.310000,22.400000
05/26/2015,23.620000,23.840000,23.590000,23.650000
05/27/2015,23.810000,23.990000,23.310000,23.360000
05/28/2015,23.520000,23.930000,23.320000,23.330000
05/29/2015,23.540000,23.690000,22.820000,23.460000
06/01/2015,24.260000,24.450000,23.370000,23.370000
06/02/2015,23.550000,24.080000,23.300000,23.360000
06/03/2015,23.610000,24.760000,23.460000,23.540000
06/04/2015,23.820000,24.830000,23.450000,24.060000
06/05/2015,24.110000,24.720000,23.440000,23.440000
06/08/2015,24.200000,24.630000,24.110000,24.290000
06/09/2015,24.220000,25.010000,24.220000,24.500000
06/10/2015,24.300000,24.500000,23.210000,23.240000
06/11/2015,23.290000,23.450000,22.930000,22.980000
06/12/2015,23.130000,23.220000,22.580000,22.580000
06/15/2015,22.120000,23.080000,22.120000,22.420000
06/16/2015,22.750000,22.890000,21.740000,21.800000
06/17/2015,22.260000,22.900000,22.160000,22.240000
06/18/2015,22.750000,22.880000,21.950000,22.880000
06/19/2015,23.010000,23.500000,22.030000,22.030000
06/22/2015,24.000000,24.000000,23.070000,23.250000
06/23/2015,23.750000,26.600000,23.690000,26.270000
06/24/2015,26.600000,26.810000,25.970000,26.310000
06/25/2015,26.640000,27.450000,26.620000,27.170000
06/26/2015,27.570000,28.150000,27.550000,27.820000
06/29/2015,30.220000,32.420000,30.220000,32.300000
06/30/2015,32.300000,32.590000,32.060000,32.120000
07/01/2015,32.140000,32.140000,31.590000,31.650000
07/02/2015,31.900000,32.120000,31.750000,31.750000
07/06/2015,34.530000,34.670000,34.080000,34.300000
07/07/2015,34.680000,36.040000,34.620000,34.620000
07/08/2015,35.070000,36.510000,35.060000,36.420000
07/09/2015,36.390000,36.720000,36.160000,36.640000
07/10/2015,36.440000,36.560000,36.170000,36.360000
07/13/2015,40.960000,40.960000,39.590000,39.790000
07/14/2015,40.800000,40.800000,39.120000,39.360000
07/15/2015,39.370000,39.390000,38.650000,38.880000
07/16/2015,38.290000,38.380000,37.910000,38.050000
07/17/2015,37.700000,42.480000,37.600000,41.550000
07/20/2015,41.590000,46.930000,41.590000,45.640000
07/21/2015,46.110000,48.680000,45.860000,47.530000
07/22/2015,47.420000,47.810000,45.890000,46.100000
07/23/2015,46.610000,49.310000,45.740000,48.550000
07/24/2015,34.090000,34.090000,29.190000,30.210000
07/27/2015,30.950000,31.490000,29.100000,29.220000
07/28/2015,28.640000,29.200000,27.410000,27.410000
07/29/2015,27.430000,27.900000,26.430000,26.570000
07/30/2015,26.580000,27.540000,25.510000,25.510000
07/31/2015,25.650000,25.950000,24.480000,24.480000
08/03/2015,25.550000,26.740000,25.400000,26.030000
08/04/2015,26.140000,26.600000,25.830000,25.870000
08/05/2015,25.770000,26.630000,25.520000,26.240000
08/06/2015,26.160000,28.370000,26.070000,28.300000
08/07/2015,28.360000,30.100000,28.190000,28.910000
08/10/2015,29.390000,29.400000,26.480000,26.480000
08/11/2015,26.400000,28.150000,26.370000,27.760000
08/12/2015,27.930000,30.710000,27.930000,28.820000
08/13/2015,28.590000,29.480000,28.550000,28.870000
08/14/2015,28.700000,29.060000,27.810000,27.810000
08/17/2015,28.380000,28.720000,26.450000,26.450000
08/18/2015,26.190000,27.200000,26.190000,26.880000
08/19/2015,26.980000,28.530000,26.940000,27.420000
08/20/2015,27.010000,32.740000,27.010000,32.730000
08/21/2015,32.810000,39.120000,32.810000,38.480000
08/24/2015,38.480000,64.990000,38.480000,52.170000
08/25/2015,44.060000,47.660000,41.340000,47.650000
08/26/2015,43.000000,45.630000,40.870000,41.520000
08/27/2015,37.770000,40.270000,37.250000,38.360000
08/28/2015,37.710000,38.830000,35.960000,37.670000
08/31/2015,37.590000,38.360000,36.520000,37.280000
09/01/2015,39.800000,46.220000,38.940000,45.250000
09/02/2015,42.140000,43.890000,40.610000,40.610000
09/03/2015,38.940000,40.510000,37.530000,39.950000
09/04/2015,39.680000,42.440000,39.680000,41.810000
09/08/2015,39.820000,40.910000,39.000000,39.040000
09/09/2015,37.060000,39.460000,36.260000,38.560000
09/10/2015,38.000000,39.260000,37.780000,39.100000
09/11/2015,38.230000,39.310000,37.830000,37.870000
09/14/2015,37.290000,38.090000,36.380000,36.440000
09/15/2015,36.400000,37.400000,34.660000,34.800000
09/16/2015,34.570000,35.300000,32.830000,32.830000
09/17/2015,32.720000,35.110000,30.810000,33.000000
09/18/2015,32.960000,35.290000,32.780000,35.190000
09/21/2015,35.960000,36.290000,33.800000,34.260000
09/22/2015,34.680000,36.810000,34.680000,34.990000
09/23/2015,35.070000,36.030000,34.990000,35.220000
09/24/2015,35.750000,38.070000,35.750000,36.500000
09/25/2015,35.720000,38.950000,35.360000,38.800000
09/28/2015,40.570000,50.210000,40.570000,48.230000
09/29/2015,48.170000,51.760000,47.720000,51.240000
09/30/2015,49.820000,50.430000,45.810000,46.050000
10/01/2015,46.230000,47.360000,45.670000,45.740000
10/02/2015,46.970000,48.050000,43.610000,43.670000
10/05/2015,44.790000,45.400000,43.630000,44.030000
10/06/2015,43.770000,46.260000,43.640000,45.230000
10/07/2015,44.770000,47.610000,44.720000,45.890000
10/08/2015,46.690000,48.430000,46.690000,47.410000
10/09/2015,47.070000,47.750000,46.320000,46.400000
10/12/2015,52.380000,52.540000,49.600000,49.640000
10/13/2015,49.920000,50.440000,49.100000,49.100000
10/14/2015,49.350000,50.630000,49.350000,49.830000
10/15/2015,49.410000,49.530000,46.350000,46.800000
10/16/2015,46.550000,47.210000,44.720000,44.720000
10/19/2015,45.330000,47.320000,44.070000,44.460000
10/20/2015,44.730000,49.070000,44.540000,46.290000
10/21/2015,46.850000,49.460000,46.750000,48.460000
10/22/2015,47.950000,50.190000,46.600000,47.760000
10/23/2015,30.700000,30.700000,26.000000,27.140000
10/26/2015,27.480000,27.660000,24.810000,25.030000
10/27/2015,25.180000,25.460000,24.590000,24.850000
10/28/2015,24.880000,25.250000,24.050000,24.290000
10/29/2015,24.490000,26.580000,24.070000,26.050000
10/30/2015,26.130000,27.010000,25.760000,25.760000
11/02/2015,26.900000,27.060000,25.660000,25.750000
11/03/2015,25.750000,26.440000,25.680000,25.700000
11/04/2015,25.420000,27.430000,25.320000,26.720000
11/05/2015,26.160000,30.150000,26.160000,27.600000
11/06/2015,27.730000,29.350000,27.640000,28.400000
11/09/2015,29.060000,31.080000,29.050000,30.590000
11/10/2015,30.640000,30.910000,29.560000,29.760000
11/11/2015,29.320000,30.310000,29.220000,30.220000
11/12/2015,30.530000,31.380000,30.100000,30.380000
11/13/2015,30.500000,33.290000,30.240000,33.120000
11/16/2015,33.890000,35.750000,32.960000,33.490000
11/17/2015,33.280000,34.300000,32.950000,32.970000
11/18/2015,32.980000,32.980000,31.470000,31.670000
11/19/2015,31.650000,33.920000,31.650000,32.260000
11/20/2015,31.850000,33.760000,30.800000,30.980000
11/23/2015,31.800000,32.100000,29.620000,30.160000
11/24/2015,30.350000,33.940000,30.350000,32.220000
11/25/2015,31.800000,32.060000,30.550000,30.550000
11/27/2015,30.490000,31.790000,30.470000,31.110000
11/30/2015,31.320000,33.380000,30.820000,32.290000
12/01/2015,31.900000,32.000000,28.690000,28.690000
12/02/2015,28.640000,29.740000,27.310000,29.310000
12/03/2015,28.610000,32.900000,28.590000,30.830000
12/04/2015,30.790000,31.870000,28.630000,28.950000
12/07/2015,29.850000,32.110000,29.510000,30.260000
12/08/2015,30.910000,32.190000,29.730000,29.980000
12/09/2015,29.900000,33.730000,29.720000,32.570000
12/10/2015,32.470000,34.800000,31.130000,31.130000
12/11/2015,32.680000,36.900000,32.470000,35.340000
12/14/2015,36.710000,37.500000,33.860000,33.960000
12/15/2015,32.480000,32.540000,29.620000,31.300000
12/16/2015,30.830000,31.280000,29.720000,29.760000
12/17/2015,29.340000,30.890000,29.340000,30.640000
12/18/2015,30.700000,33.680000,30.460000,32.940000
12/21/2015,34.830000,34.880000,33.630000,33.630000
12/22/2015,33.970000,34.070000,32.380000,32.380000
12/23/2015,32.470000,33.450000,32.270000,32.310000
12/24/2015,32.770000,32.960000,31.560000,32.170000
12/28/2015,35.140000,35.570000,34.700000,34.800000
12/29/2015,34.980000,35.830000,34.800000,35.090000
12/30/2015,35.530000,36.120000,35.450000,35.820000
12/31/2015,36.410000,37.150000,36.090000,36.440000
01/04/2016,41.240000,46.620000,41.150000,45.120000
01/05/2016,44.670000,45.340000,44.050000,44.270000
01/06/2016,45.490000,45.540000,43.670000,43.770000
01/07/2016,45.290000,47.480000,44.850000,47.070000
01/08/2016,46.020000,46.620000,45.020000,46.150000
01/11/2016,50.630000,52.550000,49.840000,50.170000
01/12/2016,48.970000,49.370000,46.980000,47.390000
01/13/2016,47.490000,54.170000,46.780000,53.120000
01/14/2016,52.540000,55.050000,47.920000,48.490000
01/15/2016,51.390000,54.320000,50.710000,52.620000
01/19/2016,51.630000,52.970000,50.810000,51.920000
01/20/2016,52.320000,56.610000,52.320000,53.480000
01/21/2016,53.240000,53.890000,49.470000,51.140000
01/22/2016,49.870000,49.990000,46.490000,47.590000
01/25/2016,47.990000,50.610000,47.820000,50.280000
01/26/2016,49.770000,49.900000,46.000000,48.390000
01/27/2016,48.520000,51.180000,48.320000,50.760000
01/28/2016,50.030000,51.340000,48.620000,50.630000
01/29/2016,38.850000,38.850000,33.290000,33.420000
02/01/2016,35.290000,35.580000,33.970000,34.630000
02/02/2016,35.820000,38.970000,34.990000,37.370000
02/03/2016,37.390000,43.050000,37.390000,39.540000
02/04/2016,40.280000,41.240000,37.960000,38.560000
02/05/2016,39.190000,44.530000,39.000000,44.180000
02/08/2016,46.510000,50.020000,46.180000,48.300000
02/09/2016,49.940000,50.840000,48.060000,48.670000
02/10/2016,47.680000,48.030000,43.950000,44.920000
02/11/2016,45.950000,47.730000,45.590000,46.010000
02/12/2016,45.050000,45.050000,39.690000,39.690000
02/16/2016,40.090000,40.530000,38.200000,38.280000
02/17/2016,37.270000,38.280000,36.500000,36.880000
02/18/2016,36.270000,37.760000,36.150000,37.550000
02/19/2016,38.140000,39.040000,33.870000,33.870000
02/22/2016,33.890000,34.840000,32.630000,34.270000
02/23/2016,34.360000,36.040000,34.340000,35.670000
02/24/2016,36.880000,38.720000,35.850000,35.860000
02/25/2016,35.720000,36.750000,34.980000,35.140000
02/26/2016,34.160000,37.280000,34.150000,35.960000
02/29/2016,36.990000,37.280000,33.710000,34.630000
03/01/2016,34.180000,35.270000,31.410000,31.410000
03/02/2016,31.410000,32.710000,31.020000,32.300000
03/03/2016,32.180000,33.780000,32.180000,33.320000
03/04/2016,32.780000,33.650000,32.490000,32.710000
03/07/2016,33.950000,35.890000,33.950000,34.310000
03/08/2016,34.980000,36.480000,34.550000,35.800000
03/09/2016,35.700000,36.810000,34.760000,34.820000
03/10/2016,34.180000,36.220000,33.800000,34.600000
03/11/2016,33.490000,33.490000,31.090000,31.160000
03/14/2016,31.420000,31.810000,29.720000,29.750000
03/15/2016,30.870000,31.080000,29.630000,29.770000
03/16/2016,30.080000,30.470000,28.780000,29.030000
03/17/2016,29.750000,31.920000,29.750000,31.180000
03/18/2016,31.160000,33.380000,31.110000,32.580000
03/21/2016,34.670000,35.920000,32.420000,32.420000
03/22/2016,33.440000,34.250000,32.380000,32.410000
03/23/2016,33.050000,33.320000,32.680000,32.740000
03/24/2016,33.670000,34.250000,32.810000,32.850000
03/28/2016,36.100000,36.700000,35.240000,35.600000
03/29/2016,36.230000,36.710000,35.590000,35.620000
03/30/2016,35.810000,35.810000,34.570000,34.610000
03/31/2016,34.920000,35.560000,34.860000,35.130000
04/01/2016,35.970000,36.170000,34.980000,35.020000
04/04/2016,36.820000,38.760000,36.760000,38.250000
04/05/2016,38.970000,40.020000,38.770000,40.010000
04/06/2016,40.310000,41.220000,40.280000,40.650000
04/07/2016,41.210000,43.050000,41.190000,42.670000
04/08/2016,42.710000,43.030000,41.940000,42.130000
04/11/2016,47.860000,48.860000,47.140000,47.830000
04/12/2016,47.520000,48.400000,47.240000,47.560000
04/13/2016,47.160000,47.500000,45.700000,45.780000
04/14/2016,45.210000,46.240000,44.530000,44.630000
04/15/2016,44.330000,44.620000,43.000000,43.000000
04/18/2016,43.700000,44.240000,41.670000,41.690000
04/19/2016,41.700000,43.790000,41.480000,41.990000
04/20/2016,41.470000,43.360000,41.450000,41.570000
04/21/2016,42.310000,42.530000,41.540000,41.870000
04/22/2016,41.820000,43.460000,41.640000,43.280000
04/25/2016,43.460000,43.660000,41.430000,41.430000
04/26/2016,41.510000,41.700000,40.860000,41.400000
04/27/2016,41.540000,42.770000,41.400000,42.170000
04/28/2016,41.790000,43.050000,41.140000,42.250000
04/29/2016,27.290000,29.440000,26.470000,28.140000
05/02/2016,28.510000,28.790000,25.870000,26.440000
05/03/2016,26.920000,27.710000,26.800000,27.620000
05/04/2016,27.940000,28.400000,26.580000,27.910000
05/05/2016,27.710000,29.460000,27.420000,28.430000
05/06/2016,28.950000,28.960000,26.600000,26.650000
05/09/2016,27.530000,27.930000,26.560000,26.560000
05/10/2016,26.060000,26.740000,25.070000,26.310000
05/11/2016,26.060000,27.900000,26.060000,27.390000
05/12/2016,27.470000,28.660000,27.200000,28.480000
05/13/2016,28.270000,28.820000,27.580000,27.600000
05/16/2016,28.070000,28.260000,26.470000,26.610000
05/17/2016,26.700000,27.460000,26.580000,27.210000
05/18/2016,27.550000,27.620000,26.470000,26.900000
05/19/2016,27.160000,27.810000,27.120000,27.290000
05/20/2016,27.260000,27.360000,25.150000,25.150000
05/23/2016,26.400000,26.520000,25.380000,25.420000
05/24/2016,25.360000,25.430000,24.520000,24.520000
05/25/2016,24.320000,25.260000,23.790000,23.800000
05/26/2016,23.870000,24.340000,23.460000,23.460000
05/27/2016,23.420000,23.650000,23.040000,23.040000
05/31/2016,24.340000,24.570000,24.070000,24.210000
06/01/2016,24.390000,25.290000,24.390000,24.540000
06/02/2016,24.400000,24.890000,24.050000,24.420000
06/03/2016,24.470000,24.610000,23.440000,23.450000
06/06/2016,24.320000,24.740000,24.120000,24.270000
06/07/2016,23.910000,24.600000,23.910000,24.420000
06/08/2016,24.350000,24.420000,23.210000,23.220000
06/09/2016,23.440000,23.710000,23.160000,23.460000
06/10/2016,23.870000,24.790000,23.870000,24.620000
06/13/2016,24.390000,26.290000,24.140000,26.090000
06/14/2016,26.970000,27.650000,26.340000,26.620000
06/15/2016,26.630000,27.270000,26.410000,27.120000
06/16/2016,28.060000,29.580000,26.860000,26.930000
06/17/2016,27.410000,29.500000,27.410000,28.390000
06/20/2016,29.630000,29.730000,26.900000,27.300000
06/21/2016,27.640000,28.470000,27.640000,28.250000
06/22/2016,29.010000,29.910000,28.550000,29.900000
06/23/2016,29.280000,29.790000,28.320000,28.320000
06/24/2016,31.690000,35.080000,30.780000,34.280000
06/27/2016,35.960000,38.400000,35.960000,36.700000
06/28/2016,36.390000,36.390000,33.700000,33.820000
06/29/2016,33.930000,34.180000,33.230000,33.470000
06/30/2016,33.330000,34.130000,33.190000,34.100000
07/01/2016,34.480000,34.830000,33.950000,34.100000
07/05/2016,36.990000,38.140000,36.500000,37.460000
07/06/2016,37.960000,39.050000,37.920000,38.110000
07/07/2016,38.260000,39.030000,38.260000,38.570000
07/08/2016,38.320000,38.830000,36.160000,36.180000
07/11/2016,40.890000,41.210000,39.920000,39.940000
07/12/2016,39.890000,41.600000,39.800000,40.530000
07/13/2016,40.200000,40.930000,39.520000,40.150000
07/14/2016,39.570000,40.490000,38.920000,38.990000
07/15/2016,38.160000,38.960000,38.100000,38.180000
07/18/2016,38.490000,39.400000,37.790000,37.790000
07/19/2016,37.640000,38.410000,37.440000,37.990000
07/20/2016,38.050000,38.250000,37.690000,37.770000
07/21/2016,37.360000,38.110000,37.340000,37.350000
07/22/2016,37.780000,37.780000,36.450000,37.610000
07/25/2016,38.010000,38.050000,36.720000,36.880000
07/26/2016,36.820000,37.660000,36.620000,36.790000
07/27/2016,36.750000,37.220000,36.100000,37.110000
07/28/2016,37.150000,37.840000,35.010000,36.770000
07/29/2016,25.400000,25.790000,21.040000,21.120000
08/01/2016,21.960000,22.080000,20.360000,20.360000
08/02/2016,20.670000,21.430000,20.500000,21.000000
08/03/2016,21.370000,21.470000,20.520000,20.880000
08/04/2016,21.010000,21.680000,20.290000,20.320000
08/05/2016,20.050000,20.360000,19.010000,19.010000
08/08/2016,20.020000,20.300000,19.140000,19.140000
08/09/2016,19.300000,19.520000,18.920000,18.920000
08/10/2016,18.810000,19.050000,18.530000,18.690000
08/11/2016,18.520000,18.770000,18.070000,18.610000
08/12/2016,18.760000,19.060000,18.700000,18.750000
08/15/2016,19.260000,19.430000,18.610000,18.630000
08/16/2016,18.950000,19.410000,18.780000,19.410000
08/17/2016,19.680000,20.000000,18.210000,18.700000
08/18/2016,18.700000,19.300000,18.380000,18.550000
08/19/2016,19.140000,19.610000,18.440000,18.660000
08/22/2016,18.650000,20.870000,18.480000,18.480000
08/23/2016,18.380000,18.660000,18.140000,18.470000
08/24/2016,18.520000,19.500000,18.520000,19.220000
08/25/2016,19.390000,19.930000,19.390000,19.880000
08/26/2016,19.650000,20.870000,19.180000,20.710000
08/29/2016,21.690000,21.900000,19.990000,20.000000
08/30/2016,20.170000,20.440000,19.500000,19.550000
08/31/2016,19.500000,20.130000,19.500000,19.580000
09/01/2016,19.790000,20.710000,19.790000,20.110000
09/02/2016,19.930000,20.070000,18.740000,18.740000
09/06/2016,19.820000,20.490000,19.400000,20.190000
09/07/2016,20.360000,20.990000,19.890000,19.930000
09/08/2016,19.870000,20.120000,18.780000,18.790000
09/09/2016,18.890000,22.740000,18.720000,22.740000
09/12/2016,15.920000,16.070000,11.610000,11.610000
09/13/2016,13.280000,17.740000,12.530000,17.700000
09/14/2016,17.700000,18.290000,16.400000,17.980000
09/15/2016,18.320000,19.580000,16.150000,16.150000
09/16/2016,16.830000,18.790000,15.540000,16.480000
09/19/2016,19.570000,20.500000,18.610000,19.080000
09/20/2016,19.420000,20.390000,19.400000,19.660000
09/21/2016,20.070000,21.760000,20.070000,20.910000
09/22/2016,21.070000,21.780000,20.530000,20.780000
09/23/2016,21.470000,22.770000,21.470000,21.780000
09/26/2016,24.620000,25.150000,24.600000,24.870000
09/27/2016,24.940000,25.700000,24.550000,24.910000
09/28/2016,25.260000,27.980000,25.160000,27.440000
09/29/2016,27.120000,29.040000,27.120000,27.620000
09/30/2016,27.890000,28.480000,27.460000,27.850000
10/03/2016,29.740000,29.740000,28.230000,28.320000
10/04/2016,28.800000,29.740000,28.800000,29.500000
10/05/2016,29.650000,30.020000,29.430000,29.820000
10/06/2016,30.370000,30.920000,30.260000,30.300000
10/07/2016,30.070000,30.670000,29.720000,29.920000
10/10/2016,31.230000,31.380000,30.840000,30.850000
10/11/2016,31.300000,32.530000,30.870000,32.480000
10/12/2016,32.830000,33.250000,32.650000,32.870000
10/13/2016,33.410000,34.450000,32.820000,32.840000
10/14/2016,32.580000,33.260000,32.160000,32.900000
10/17/2016,35.070000,36.540000,35.070000,35.950000
10/18/2016,35.430000,35.610000,34.880000,35.160000
10/19/2016,35.250000,35.820000,34.920000,35.580000
10/20/2016,35.650000,36.360000,35.280000,35.920000
10/21/2016,35.960000,36.040000,35.040000,35.080000
10/24/2016,35.090000,35.350000,33.620000,33.660000
10/25/2016,33.700000,34.780000,33.700000,34.640000
10/26/2016,34.830000,36.860000,34.760000,36.410000
10/27/2016,35.180000,36.570000,33.280000,33.280000
10/28/2016,24.600000,25.240000,22.560000,23.300000
10/31/2016,24.130000,24.130000,21.940000,22.420000
11/01/2016,22.420000,25.330000,22.380000,24.630000
11/02/2016,24.990000,26.270000,24.170000,25.960000
11/03/2016,25.910000,26.140000,24.960000,25.770000
11/04/2016,26.380000,27.160000,25.300000,26.300000
11/07/2016,26.000000,26.300000,24.060000,24.930000
11/08/2016,24.860000,25.290000,24.050000,24.810000
11/09/2016,26.480000,27.110000,25.030000,25.050000
11/10/2016,24.750000,33.660000,24.740000,28.970000
11/11/2016,29.540000,29.990000,27.940000,27.960000
11/14/2016,28.720000,33.510000,28.720000,31.820000
11/15/2016,31.240000,32.120000,27.780000,27.980000
11/16/2016,28.360000,28.460000,27.490000,27.490000
11/17/2016,27.320000,27.900000,26.740000,27.640000
11/18/2016,27.310000,27.800000,26.440000,26.530000
11/21/2016,25.740000,26.930000,22.390000,22.400000
11/22/2016,22.590000,23.790000,22.370000,23.500000
11/23/2016,23.510000,24.630000,21.710000,23.960000
11/25/2016,24.510000,24.870000,24.250000,24.390000
11/28/2016,25.630000,26.410000,24.550000,25.940000
11/29/2016,26.120000,26.120000,24.970000,25.560000
11/30/2016,25.520000,26.260000,25.090000,25.960000
12/01/2016,25.830000,27.370000,25.830000,27.120000
12/02/2016,27.320000,27.960000,25.890000,25.890000
12/05/2016,26.410000,27.130000,24.800000,24.910000
12/06/2016,24.820000,25.390000,24.070000,24.340000
12/07/2016,24.540000,25.010000,23.960000,24.060000
12/08/2016,21.530000,24.510000,21.530000,23.980000
12/09/2016,23.380000,23.850000,23.320000,23.590000
12/12/2016,16.670000,18.480000,16.400000,18.220000
12/13/2016,18.370000,20.150000,18.040000,19.280000
12/14/2016,18.990000,23.280000,18.830000,22.650000
12/15/2016,22.820000,23.610000,21.940000,22.520000
12/16/2016,22.670000,22.790000,20.430000,20.740000
12/19/2016,22.690000,22.880000,21.260000,21.440000
12/20/2016,21.320000,21.840000,21.300000,21.720000
12/21/2016,21.730000,22.310000,21.730000,21.940000
12/22/2016,22.330000,24.050000,21.910000,23.790000
12/23/2016,24.170000,24.570000,23.780000,23.780000
12/27/2016,23.790000,26.960000,23.790000,26.580000
12/28/2016,26.670000,28.090000,26.440000,27.300000
12/29/2016,27.540000,28.370000,27.530000,27.970000
12/30/2016,28.510000,30.060000,28.490000,29.800000
01/03/2017,31.830000,32.100000,30.170000,30.240000
01/04/2017,30.310000,30.570000,28.660000,28.710000
01/05/2017,28.850000,29.360000,28.820000,29.300000
01/06/2017,29.630000,30.410000,28.940000,28.950000
01/09/2017,30.550000,31.080000,30.410000,30.480000
01/10/2017,30.780000,30.910000,30.190000,30.280000
01/11/2017,28.090000,31.340000,28.090000,30.580000
01/12/2017,30.900000,32.010000,30.880000,31.160000
01/13/2017,31.160000,31.960000,30.240000,30.240000
01/17/2017,32.450000,32.930000,31.410000,31.410000
01/18/2017,31.890000,31.950000,30.720000,30.730000
01/19/2017,30.750000,30.780000,30.190000,30.380000
01/20/2017,29.870000,31.470000,29.870000,30.870000
01/23/2017,31.390000,32.010000,30.120000,30.220000
01/24/2017,30.220000,31.570000,29.210000,29.330000
01/25/2017,29.330000,29.670000,28.530000,28.550000
01/26/2017,28.650000,30.250000,28.590000,29.990000
01/27/2017,29.740000,30.150000,29.040000,29.420000
01/30/2017,30.130000,32.750000,28.300000,30.280000
01/31/2017,30.570000,30.620000,29.310000,30.140000
02/01/2017,30.150000,31.240000,29.810000,30.760000
02/02/2017,30.850000,32.420000,29.850000,30.210000
02/03/2017,22.400000,23.650000,20.580000,20.630000
02/06/2017,21.280000,21.350000,18.960000,18.960000
02/07/2017,19.150000,19.300000,18.370000,18.470000
02/08/2017,18.400000,18.710000,18.050000,18.310000
02/09/2017,18.380000,18.680000,17.960000,18.180000
02/10/2017,18.110000,18.290000,16.890000,16.890000
02/13/2017,17.210000,17.940000,17.170000,17.620000
02/14/2017,17.860000,18.040000,17.490000,17.500000
02/15/2017,17.720000,18.360000,17.680000,17.880000
02/16/2017,18.190000,18.730000,17.860000,18.100000
02/17/2017,18.310000,18.710000,17.900000,17.910000
02/21/2017,18.920000,19.490000,17.140000,18.300000
02/22/2017,18.300000,19.040000,18.300000,18.420000
02/23/2017,18.440000,19.170000,16.280000,18.770000
02/24/2017,19.000000,21.210000,18.790000,18.790000
02/27/2017,19.670000,19.670000,18.430000,18.430000
02/28/2017,18.500000,18.830000,18.420000,18.550000
03/01/2017,18.170000,18.690000,17.010000,18.230000
03/02/2017,18.140000,18.360000,17.460000,17.540000
03/03/2017,17.130000,17.650000,16.390000,16.800000
03/06/2017,17.520000,18.020000,17.250000,17.280000
03/07/2017,17.480000,18.200000,16.760000,16.880000
03/08/2017,16.980000,17.160000,15.720000,16.790000
03/09/2017,16.810000,17.060000,15.080000,16.370000
03/10/2017,16.360000,16.750000,16.160000,16.160000
03/13/2017,5.910000,7.380000,4.730000,5.130000
03/14/2017,6.650000,7.890000,6.620000,7.130000
03/15/2017,8.340000,11.140000,7.820000,8.610000
03/16/2017,9.400000,10.910000,9.220000,10.340000
03/17/2017,11.160000,11.350000,10.350000,10.450000
03/20/2017,13.890000,14.400000,13.120000,13.190000
03/21/2017,13.980000,17.360000,13.820000,16.790000
03/22/2017,17.410000,18.000000,16.880000,16.880000
03/23/2017,17.630000,17.780000,16.700000,17.460000
03/24/2017,17.990000,18.090000,16.760000,17.370000
03/27/2017,20.470000,20.470000,17.600000,19.150000
03/28/2017,19.960000,19.960000,19.000000,19.160000
03/29/2017,19.340000,20.870000,19.330000,20.840000
03/30/2017,20.840000,21.710000,20.840000,21.070000
03/31/2017,21.360000,22.530000,21.320000,21.990000
04/03/2017,23.600000,24.970000,23.420000,23.870000
04/04/2017,23.840000,25.390000,23.840000,24.790000
04/05/2017,25.050000,27.800000,24.930000,26.240000
04/06/2017,26.580000,27.560000,26.050000,26.540000
04/07/2017,26.540000,27.530000,25.660000,26.240000
04/10/2017,27.450000,28.350000,27.440000,27.870000
04/11/2017,28.090000,28.650000,26.970000,28.530000
04/12/2017,28.670000,28.970000,28.510000,28.560000
04/13/2017,29.030000,29.390000,27.850000,28.070000
04/17/2017,30.250000,30.530000,28.810000,28.810000
04/18/2017,29.280000,29.280000,27.430000,28.010000
04/19/2017,28.030000,28.170000,27.600000,27.600000
04/20/2017,27.620000,27.790000,26.620000,26.620000
04/21/2017,26.700000,27.140000,26.430000,26.640000
04/24/2017,26.060000,26.380000,25.220000,26.160000
04/25/2017,26.000000,26.780000,26.000000,26.410000
04/26/2017,26.170000,27.610000,26.170000,27.310000
04/27/2017,27.000000,28.960000,26.410000,27.830000
04/28/2017,22.320000,23.640000,18.870000,18.880000
05/01/2017,14.840000,19.380000,14.840000,18.860000
05/02/2017,18.710000,19.340000,18.700000,18.820000
05/03/2017,18.910000,19.730000,18.320000,18.970000
05/04/2017,18.660000,19.390000,16.860000,19.180000
05/05/2017,19.000000,19.410000,18.890000,18.930000
05/08/2017,19.270000,20.180000,18.380000,19.710000
05/09/2017,19.480000,20.610000,19.320000,19.420000
05/10/2017,19.510000,20.010000,19.100000,19.560000
05/11/2017,19.650000,19.830000,19.140000,19.140000
05/12/2017,18.940000,20.070000,18.880000,19.580000
05/15/2017,20.470000,20.560000,18.200000,18.260000
05/16/2017,18.420000,18.680000,17.760000,17.940000
05/17/2017,18.010000,22.180000,17.800000,22.170000
05/18/2017,22.240000,22.240000,20.170000,20.220000
05/19/2017,19.960000,20.160000,18.360000,18.660000
05/22/2017,19.080000,19.670000,18.870000,19.030000
05/23/2017,19.000000,19.590000,18.540000,18.750000
05/24/2017,18.630000,18.750000,17.980000,18.170000
05/25/2017,18.220000,20.190000,18.220000,19.200000
05/26/2017,19.390000,19.950000,19.200000,19.350000
05/30/2017,19.340000,21.040000,19.340000,20.470000
05/31/2017,20.480000,21.100000,20.050000,20.220000
06/01/2017,20.270000,20.410000,19.260000,19.280000
06/02/2017,19.410000,19.790000,18.880000,19.280000
06/05/2017,20.000000,20.370000,19.380000,19.380000
06/06/2017,19.830000,19.830000,18.920000,19.610000
06/07/2017,19.680000,19.920000,19.160000,19.160000
06/08/2017,19.140000,20.000000,19.140000,19.790000
06/09/2017,20.030000,25.370000,19.370000,24.910000
06/12/2017,23.710000,26.210000,21.760000,22.460000
06/13/2017,21.660000,23.220000,18.240000,18.550000
06/14/2017,18.050000,20.540000,18.050000,19.840000
06/15/2017,21.150000,25.110000,20.170000,22.440000
06/16/2017,21.900000,24.950000,20.920000,21.560000
06/19/2017,22.950000,23.340000,20.430000,20.440000
06/20/2017,20.850000,21.830000,20.100000,21.820000
06/21/2017,21.750000,22.730000,20.920000,21.100000
06/22/2017,21.480000,21.920000,21.100000,21.150000
06/23/2017,21.410000,21.520000,21.010000,21.270000
06/26/2017,22.870000,24.220000,22.870000,23.940000
06/27/2017,24.320000,25.770000,24.110000,25.640000
06/28/2017,25.820000,26.850000,24.070000,24.180000
06/29/2017,24.820000,28.270000,24.460000,26.480000
06/30/2017,26.690000,26.760000,25.780000,25.990000
07/03/2017,27.500000,28.140000,26.990000,28.040000
07/05/2017,28.800000,29.120000,26.960000,27.020000
07/06/2017,27.750000,28.550000,26.380000,27.380000
07/07/2017,26.960000,27.480000,25.600000,26.090000
07/10/2017,26.090000,27.440000,26.090000,27.400000
07/11/2017,27.430000,28.280000,27.430000,27.730000
07/12/2017,26.640000,27.770000,26.640000,27.050000
07/13/2017,27.550000,27.660000,27.000000,27.000000
07/14/2017,27.160000,27.260000,25.900000,26.310000
07/17/2017,27.690000,28.000000,27.290000,27.620000
07/18/2017,27.620000,29.050000,27.240000,28.560000
07/19/2017,28.560000,29.600000,28.200000,28.200000
07/20/2017,28.280000,28.910000,28.120000,28.270000
07/21/2017,27.560000,29.200000,27.560000,27.740000
07/24/2017,28.570000,28.820000,27.930000,28.010000
07/25/2017,28.850000,29.190000,28.120000,28.410000
07/26/2017,28.530000,28.600000,27.370000,27.530000
07/27/2017,27.530000,31.060000,27.210000,29.140000
07/28/2017,23.200000,24.610000,21.930000,23.190000
07/31/2017,23.880000,24.930000,23.170000,23.850000
08/01/2017,23.790000,23.950000,22.570000,22.790000
08/02/2017,22.490000,23.860000,22.100000,22.600000
08/03/2017,22.340000,23.240000,22.280000,22.480000
08/04/2017,22.220000,22.620000,21.060000,21.170000
08/07/2017,21.710000,22.480000,21.320000,22.040000
08/08/2017,21.880000,22.630000,21.880000,22.400000
08/09/2017,22.720000,23.480000,22.240000,22.970000
08/10/2017,23.300000,26.140000,23.300000,24.770000
08/11/2017,24.430000,25.360000,23.100000,23.210000
08/14/2017,22.220000,22.700000,21.310000,21.390000
08/15/2017,21.620000,22.010000,21.110000,21.110000
08/16/2017,20.920000,21.560000,20.400000,20.860000
08/17/2017,20.910000,23.400000,20.890000,23.360000
08/18/2017,23.230000,24.520000,22.220000,22.270000
08/21/2017,23.350000,24.430000,22.800000,22.830000
08/22/2017,22.910000,22.970000,20.820000,20.850000
08/23/2017,21.350000,22.040000,21.240000,21.420000
08/24/2017,21.270000,24.170000,21.270000,22.890000
08/25/2017,22.750000,23.300000,21.650000,21.730000
08/28/2017,22.430000,22.730000,21.890000,21.960000
08/29/2017,22.380000,22.860000,21.160000,21.410000
08/30/2017,21.540000,22.070000,21.220000,21.710000
08/31/2017,21.670000,22.350000,21.460000,21.550000
09/01/2017,21.330000,22.140000,20.500000,20.570000
09/05/2017,21.630000,23.190000,21.630000,22.330000
09/06/2017,22.300000,23.260000,21.690000,21.850000
09/07/2017,21.420000,22.320000,21.420000,21.490000
09/08/2017,21.780000,22.200000,21.320000,21.800000
09/11/2017,18.130000,18.230000,16.000000,16.720000
09/12/2017,16.780000,17.310000,15.490000,17.280000
09/13/2017,18.060000,18.820000,16.950000,18.690000
09/14/2017,19.090000,19.900000,18.740000,19.140000
09/15/2017,19.500000,19.590000,17.710000,18.320000
09/18/2017,19.610000,22.240000,19.590000,21.150000
09/19/2017,21.000000,21.670000,20.270000,20.560000
09/20/2017,21.120000,22.080000,20.560000,21.950000
09/21/2017,22.330000,22.800000,21.790000,22.320000
09/22/2017,22.720000,22.950000,21.560000,21.820000
09/25/2017,23.810000,26.450000,23.720000,25.610000
09/26/2017,25.930000,26.550000,24.170000,25.280000
09/27/2017,25.300000,26.810000,24.250000,24.970000
09/28/2017,25.240000,26.050000,25.190000,25.620000
09/29/2017,25.680000,25.680000,24.250000,24.530000
10/02/2017,25.930000,26.120000,24.770000,25.540000
10/03/2017,26.080000,27.240000,25.550000,26.440000
10/04/2017,27.230000,27.730000,26.520000,26.770000
10/05/2017,27.070000,27.840000,26.580000,27.210000
10/06/2017,27.770000,28.040000,26.830000,27.060000
10/09/2017,28.280000,29.290000,27.260000,28.210000
10/10/2017,28.540000,30.110000,28.290000,29.320000
10/11/2017,29.150000,30.110000,28.840000,29.400000
10/12/2017,29.760000,29.930000,28.880000,29.100000
10/13/2017,28.820000,29.280000,28.570000,28.680000
10/16/2017,30.000000,30.460000,29.790000,29.860000
10/17/2017,30.070000,30.370000,29.140000,29.560000
10/18/2017,29.680000,29.820000,28.910000,29.720000
10/19/2017,30.040000,31.440000,28.850000,29.070000
10/20/2017,28.990000,28.990000,28.070000,28.230000
10/23/2017,28.650000,28.850000,27.740000,28.810000
10/24/2017,28.520000,28.870000,27.610000,27.630000
10/25/2017,27.580000,28.500000,27.510000,28.150000
10/26/2017,28.090000,28.750000,26.340000,26.340000
10/27/2017,22.630000,24.970000,20.970000,24.240000
10/30/2017,24.520000,25.430000,23.140000,23.170000
10/31/2017,23.000000,23.170000,22.320000,22.630000
11/01/2017,22.400000,23.420000,22.400000,23.190000
11/02/2017,23.280000,23.670000,22.460000,23.460000
11/03/2017,23.170000,23.860000,23.000000,23.640000
11/06/2017,24.080000,24.570000,23.110000,23.110000
11/07/2017,23.560000,23.560000,22.900000,22.990000
11/08/2017,22.730000,23.820000,22.710000,22.730000
11/09/2017,22.570000,24.030000,22.570000,22.890000
11/10/2017,23.610000,23.610000,22.550000,22.570000
11/13/2017,23.310000,23.670000,22.160000,22.190000
11/14/2017,22.590000,23.740000,20.620000,22.190000
11/15/2017,22.570000,23.870000,22.220000,23.510000
11/16/2017,23.110000,23.270000,20.860000,20.920000
11/17/2017,20.850000,21.380000,19.970000,20.940000
11/20/2017,21.500000,21.770000,20.790000,20.790000
11/21/2017,20.800000,20.930000,19.910000,20.010000
11/22/2017,19.770000,20.530000,19.770000,20.220000
11/24/2017,20.310000,21.050000,20.270000,20.720000
11/27/2017,21.620000,23.900000,21.620000,22.520000
11/28/2017,22.520000,22.840000,21.860000,22.000000
11/29/2017,22.670000,27.220000,20.690000,25.850000
11/30/2017,25.160000,25.550000,23.870000,23.990000
12/01/2017,23.560000,27.770000,23.110000,24.300000
12/04/2017,24.010000,30.440000,24.010000,29.840000
12/05/2017,28.580000,29.440000,24.860000,26.290000
12/06/2017,26.420000,26.820000,24.770000,24.970000
12/07/2017,24.580000,25.160000,22.670000,23.860000
12/08/2017,22.650000,23.280000,22.320000,22.900000
12/11/2017,15.620000,17.610000,13.560000,15.770000
12/12/2017,15.900000,17.640000,15.900000,17.590000
12/13/2017,16.840000,18.420000,16.140000,17.070000
12/14/2017,16.830000,17.910000,16.550000,17.550000
12/15/2017,16.410000,18.500000,16.410000,17.060000
12/18/2017,18.920000,20.620000,18.920000,20.510000
12/19/2017,21.250000,21.480000,20.620000,21.180000
12/20/2017,20.820000,22.130000,20.820000,21.780000
12/21/2017,20.710000,22.240000,20.710000,20.850000
12/22/2017,21.200000,21.620000,20.080000,20.080000
12/26/2017,24.000000,24.070000,22.590000,23.190000
12/27/2017,23.100000,24.020000,22.940000,23.450000
12/28/2017,23.160000,24.040000,23.110000,23.210000
12/29/2017,23.380000,24.680000,23.380000,24.610000
01/02/2018,26.420000,26.890000,26.420000,26.590000
01/03/2018,26.500000,27.000000,25.870000,26.150000
01/04/2018,26.200000,27.260000,26.200000,26.450000
01/05/2018,26.120000,27.020000,26.050000,26.150000
01/08/2018,27.120000,29.510000,27.060000,27.830000
01/09/2018,28.170000,28.710000,27.190000,28.040000
01/10/2018,28.430000,29.680000,27.490000,28.740000
01/11/2018,28.670000,29.240000,28.430000,28.430000
01/12/2018,28.840000,30.320000,28.610000,30.080000
01/16/2018,32.050000,37.200000,32.050000,35.480000
01/17/2018,34.790000,35.410000,33.490000,34.650000
01/18/2018,34.680000,35.120000,34.250000,34.250000
01/19/2018,33.860000,35.010000,33.860000,34.270000
01/22/2018,34.690000,35.070000,32.530000,34.020000
01/23/2018,33.940000,35.850000,33.470000,35.570000
01/24/2018,35.440000,38.040000,34.720000,37.720000
01/25/2018,37.590000,39.080000,37.240000,38.390000
01/26/2018,38.480000,40.290000,38.150000,39.170000
01/29/2018,39.580000,45.080000,39.380000,45.080000
01/30/2018,44.580000,45.330000,43.690000,44.340000
01/31/2018,44.550000,45.320000,43.890000,44.280000
02/01/2018,43.940000,44.090000,39.520000,39.530000
02/02/2018,30.630000,36.000000,30.560000,36.000000
02/05/2018,36.790000,44.960000,33.020000,41.650000
02/06/2018,45.830000,46.590000,36.610000,36.790000
02/07/2018,35.660000,37.010000,32.880000,37.010000
02/08/2018,36.780000,44.870000,36.780000,44.310000
02/09/2018,42.240000,51.560000,41.550000,43.700000
02/12/2018,42.450000,42.600000,36.890000,37.220000
02/13/2018,37.860000,37.860000,35.740000,35.740000
02/14/2018,35.950000,36.300000,31.260000,31.420000
02/15/2018,30.910000,33.440000,30.910000,30.920000
02/16/2018,31.280000,32.700000,30.160000,31.690000
02/20/2018,33.160000,33.160000,30.690000,32.340000
02/21/2018,31.850000,32.970000,30.230000,31.850000
02/22/2018,31.970000,32.740000,30.810000,32.250000
02/23/2018,31.530000,31.960000,29.270000,29.680000
02/26/2018,30.590000,30.590000,28.860000,28.860000
02/27/2018,29.060000,30.050000,28.420000,29.780000
02/28/2018,29.390000,30.400000,28.460000,30.300000
03/01/2018,30.120000,35.440000,29.400000,33.320000
03/02/2018,33.880000,37.070000,30.990000,31.200000
03/05/2018,32.370000,33.360000,28.680000,28.680000
03/06/2018,28.150000,29.020000,27.880000,27.880000
03/07/2018,28.900000,29.750000,28.130000,28.130000
03/08/2018,28.340000,28.340000,26.630000,26.700000
03/09/2018,26.830000,26.830000,24.290000,24.390000
03/12/2018,19.490000,22.410000,19.110000,21.830000
03/13/2018,22.000000,26.240000,22.000000,25.060000
03/14/2018,24.940000,25.010000,23.230000,24.470000
03/15/2018,25.780000,26.130000,24.740000,25.080000
03/16/2018,25.340000,25.630000,23.610000,24.320000
03/19/2018,29.360000,30.580000,26.720000,28.810000
03/20/2018,29.210000,29.210000,27.560000,27.930000
03/21/2018,28.950000,30.800000,27.990000,30.310000
03/22/2018,32.260000,35.270000,30.700000,35.270000
03/23/2018,35.350000,40.030000,34.930000,40.030000
03/26/2018,39.640000,40.770000,35.670000,35.810000
03/27/2018,35.540000,41.880000,34.270000,40.710000
03/28/2018,45.110000,53.720000,44.130000,48.270000
03/29/2018,49.320000,54.110000,40.780000,41.220000
04/02/2018,44.690000,49.340000,44.650000,48.000000
04/03/2018,47.510000,49.940000,42.410000,43.620000
04/04/2018,46.240000,46.750000,41.210000,41.320000
04/05/2018,40.810000,41.410000,39.570000,39.910000
04/06/2018,41.280000,43.390000,40.730000,43.000000
04/09/2018,44.130000,44.270000,42.220000,44.050000
04/10/2018,43.060000,44.030000,41.980000,42.090000
04/11/2018,42.380000,42.980000,40.510000,41.120000
04/12/2018,40.880000,40.970000,38.660000,38.760000
04/13/2018,39.090000,40.000000,38.670000,39.850000
04/16/2018,41.380000,41.710000,38.210000,38.380000
04/17/2018,38.350000,38.350000,35.630000,36.690000
04/18/2018,36.540000,38.320000,36.150000,37.070000
04/19/2018,37.130000,41.320000,36.240000,40.340000
04/20/2018,40.650000,41.140000,39.130000,40.390000
04/23/2018,41.080000,41.390000,39.560000,40.580000
04/24/2018,40.040000,43.270000,39.190000,41.920000
04/25/2018,42.260000,45.130000,40.780000,40.870000
04/26/2018,41.610000,41.710000,37.930000,38.310000
04/27/2018,34.000000,34.050000,28.030000,28.300000
04/30/2018,28.970000,29.160000,26.520000,27.880000
05/01/2018,28.390000,28.810000,25.500000,26.780000
05/02/2018,27.800000,27.800000,26.590000,27.400000
05/03/2018,27.860000,30.210000,26.770000,26.890000
05/04/2018,27.330000,27.640000,25.020000,25.050000
05/07/2018,25.790000,26.000000,24.570000,24.600000
05/08/2018,24.950000,25.800000,23.520000,24.840000
05/09/2018,24.710000,25.150000,24.310000,24.320000
05/10/2018,24.870000,24.870000,23.510000,23.510000
05/11/2018,23.820000,24.760000,23.640000,23.690000
05/14/2018,24.170000,24.500000,23.140000,23.670000
05/15/2018,24.380000,26.480000,24.280000,25.360000
05/16/2018,25.350000,25.710000,23.570000,23.950000
05/17/2018,24.330000,25.770000,23.400000,24.390000
05/18/2018,24.620000,25.020000,24.110000,24.350000
05/21/2018,24.630000,25.290000,24.040000,24.140000
05/22/2018,23.990000,24.570000,23.050000,23.350000
05/23/2018,24.000000,24.540000,22.390000,22.470000
05/24/2018,22.870000,23.680000,22.700000,22.720000
05/25/2018,22.730000,23.060000,21.700000,21.700000
05/29/2018,23.630000,24.110000,22.640000,23.580000
05/30/2018,23.270000,23.630000,21.730000,21.840000
05/31/2018,22.650000,22.730000,20.530000,21.150000
06/01/2018,20.850000,21.090000,19.990000,20.380000
06/04/2018,20.930000,21.080000,20.340000,20.740000
06/05/2018,20.900000,22.700000,20.900000,21.940000
06/06/2018,22.040000,23.380000,22.010000,23.100000
06/07/2018,23.160000,23.830000,23.120000,23.260000
06/08/2018,23.410000,23.550000,20.860000,21.540000
06/11/2018,16.030000,16.740000,14.460000,15.980000
06/12/2018,16.500000,16.790000,15.660000,16.190000
06/13/2018,16.880000,17.770000,15.950000,17.530000
06/14/2018,18.020000,18.270000,17.180000,17.530000
06/15/2018,18.200000,18.700000,17.500000,17.500000
06/18/2018,20.440000,20.880000,19.240000,20.750000
06/19/2018,21.630000,23.300000,20.080000,21.650000
06/20/2018,21.820000,23.440000,20.840000,22.550000
06/21/2018,22.950000,26.020000,22.910000,26.020000
06/22/2018,26.020000,26.770000,23.850000,25.700000
06/25/2018,28.260000,32.470000,27.520000,31.140000
06/26/2018,31.160000,31.270000,29.160000,29.940000
06/27/2018,30.000000,33.260000,29.250000,33.080000
06/28/2018,33.150000,33.760000,30.690000,31.520000
06/29/2018,31.280000,31.340000,29.920000,30.770000
07/02/2018,33.210000,33.580000,31.070000,31.730000
07/03/2018,31.580000,32.970000,31.430000,32.810000
07/05/2018,33.340000,34.590000,32.310000,33.500000
07/06/2018,33.850000,34.060000,31.260000,31.590000
07/09/2018,32.660000,32.890000,31.600000,31.660000
07/10/2018,31.810000,32.210000,31.090000,31.660000
07/11/2018,32.260000,32.850000,31.490000,32.040000
07/12/2018,31.930000,32.410000,30.240000,31.560000
07/13/2018,31.760000,32.070000,30.620000,30.650000
07/16/2018,32.500000,33.150000,31.090000,33.150000
07/17/2018,32.890000,35.170000,30.500000,31.130000
07/18/2018,31.110000,32.780000,30.490000,32.090000
07/19/2018,32.240000,33.950000,31.280000,33.300000
07/20/2018,33.160000,33.960000,32.190000,32.570000
07/23/2018,33.280000,34.720000,31.820000,33.100000
07/24/2018,33.140000,33.140000,30.600000,32.490000
07/25/2018,32.400000,32.760000,30.380000,31.180000
07/26/2018,32.290000,37.000000,32.010000,35.890000
07/27/2018,26.810000,29.030000,23.680000,27.400000
07/30/2018,28.120000,30.600000,26.210000,28.160000
07/31/2018,27.910000,31.890000,25.410000,27.960000
08/01/2018,27.770000,28.650000,25.590000,26.590000
08/02/2018,27.500000,27.900000,24.280000,24.630000
08/03/2018,24.600000,24.970000,22.690000,23.610000
08/06/2018,24.000000,24.600000,22.630000,22.800000
08/07/2018,22.950000,23.050000,20.630000,21.790000
08/08/2018,21.690000,22.530000,20.480000,22.060000
08/09/2018,22.210000,22.710000,20.790000,22.090000
08/10/2018,22.430000,23.870000,22.220000,22.550000
08/13/2018,22.220000,24.590000,19.070000,22.760000
08/14/2018,22.860000,23.920000,20.920000,22.460000
08/15/2018,22.880000,28.560000,22.880000,27.350000
08/16/2018,27.460000,27.460000,23.290000,25.350000
08/17/2018,25.450000,26.190000,23.780000,24.600000
08/20/2018,25.960000,26.150000,23.340000,24.570000
08/21/2018,24.740000,24.870000,21.890000,23.710000
08/22/2018,23.860000,24.430000,22.030000,23.310000
08/23/2018,23.300000,24.860000,21.780000,23.500000
08/24/2018,23.330000,24.150000,21.040000,22.740000
08/27/2018,23.860000,23.860000,21.630000,21.870000
08/28/2018,22.110000,22.820000,21.410000,21.750000
08/29/2018,24.930000,24.930000,20.360000,22.930000
08/30/2018,23.170000,25.130000,21.550000,23.990000
08/31/2018,23.800000,25.290000,22.500000,23.810000
09/04/2018,25.350000,28.090000,24.630000,26.860000
09/05/2018,26.450000,30.260000,25.370000,28.910000
09/06/2018,28.480000,34.930000,27.480000,30.050000
09/07/2018,30.690000,31.230000,27.800000,29.280000
09/10/2018,29.770000,32.700000,28.100000,31.540000
09/11/2018,31.910000,33.630000,27.760000,29.810000
09/12/2018,29.360000,32.010000,28.230000,29.920000
09/13/2018,30.160000,30.610000,27.420000,29.820000
09/14/2018,29.640000,31.230000,27.640000,29.860000
09/17/2018,30.490000,39.440000,30.060000,35.970000
09/18/2018,35.480000,35.480000,29.710000,30.690000
09/19/2018,31.590000,35.330000,31.270000,32.190000
09/20/2018,32.010000,32.430000,29.600000,30.300000
09/21/2018,30.490000,31.700000,28.190000,30.320000
09/24/2018,33.860000,35.420000,30.420000,30.420000
09/25/2018,31.950000,31.960000,29.030000,30.040000
09/26/2018,30.820000,31.690000,29.100000,31.000000
09/27/2018,31.090000,31.090000,29.640000,30.090000
09/28/2018,30.720000,31.830000,29.450000,31.030000
10/01/2018,32.610000,32.870000,30.610000,32.620000
10/02/2018,32.980000,35.140000,31.500000,34.610000
10/03/2018,34.990000,36.250000,33.810000,36.230000
10/04/2018,36.780000,41.990000,35.900000,40.250000
10/05/2018,40.530000,43.360000,38.650000,39.080000
10/08/2018,42.670000,44.580000,39.570000,42.150000
10/09/2018,42.280000,43.810000,40.110000,41.590000
10/10/2018,42.430000,48.630000,41.360000,48.460000
10/11/2018,49.170000,55.110000,47.820000,49.610000
10/12/2018,45.480000,48.470000,43.810000,45.160000
10/15/2018,47.500000,50.220000,45.790000,46.990000
10/16/2018,45.550000,46.810000,41.190000,43.880000
10/17/2018,42.020000,44.960000,41.140000,41.760000
10/18/2018,43.120000,47.910000,41.950000,46.580000
10/19/2018,45.020000,46.490000,41.750000,45.090000
10/22/2018,46.800000,46.800000,41.690000,43.850000
10/23/2018,47.230000,50.020000,43.450000,44.730000
10/24/2018,44.360000,51.390000,44.360000,51.180000
10/25/2018,49.270000,50.190000,43.900000,44.770000
10/26/2018,42.370000,43.550000,36.630000,39.810000
10/29/2018,39.460000,50.370000,37.530000,48.350000
10/30/2018,49.650000,51.270000,44.520000,45.460000
10/31/2018,43.720000,43.720000,37.930000,40.890000
11/01/2018,39.560000,41.420000,36.200000,38.160000
11/02/2018,39.380000,40.860000,36.520000,38.900000
11/05/2018,40.460000,42.730000,38.370000,39.550000
11/06/2018,39.460000,40.670000,37.160000,38.200000
11/07/2018,36.770000,37.260000,33.310000,34.670000
11/08/2018,34.390000,37.620000,34.300000,35.720000
11/09/2018,36.290000,38.570000,35.320000,37.680000
11/12/2018,40.110000,43.450000,38.530000,43.430000
11/13/2018,40.630000,45.220000,39.140000,43.220000
11/14/2018,41.220000,46.140000,40.500000,43.950000
11/15/2018,45.050000,49.420000,40.840000,42.830000
11/16/2018,44.270000,45.690000,41.390000,42.430000
11/19/2018,42.460000,47.300000,41.550000,46.490000
11/20/2018,50.150000,52.870000,44.870000,47.490000
11/21/2018,45.950000,46.710000,41.530000,43.430000
11/23/2018,44.440000,44.940000,42.170000,44.180000
11/26/2018,43.980000,45.420000,39.010000,40.230000
11/27/2018,40.940000,41.720000,38.090000,38.790000
11/28/2018,38.140000,39.310000,35.270000,37.490000
11/29/2018,37.880000,39.620000,36.070000,37.820000
11/30/2018,38.280000,39.640000,36.280000,37.590000
12/04/2018,34.580000,40.680000,31.670000,38.760000
12/06/2018,42.080000,44.200000,39.720000,39.720000
12/07/2018,40.160000,45.300000,37.670000,43.620000
12/10/2018,44.880000,49.410000,42.710000,43.760000
12/11/2018,42.140000,46.040000,40.050000,43.250000
12/12/2018,43.380000,43.380000,38.550000,41.860000
12/13/2018,41.220000,42.630000,39.880000,41.230000
12/14/2018,42.120000,45.250000,40.830000,44.170000
12/17/2018,46.370000,51.250000,44.970000,48.960000
12/18/2018,48.760000,51.820000,46.110000,48.120000
12/19/2018,48.090000,50.490000,45.430000,48.940000
12/20/2018,49.860000,54.080000,47.410000,50.240000
12/21/2018,50.590000,56.490000,49.040000,53.930000
12/24/2018,57.810000,63.590000,56.550000,60.070000
12/26/2018,57.300000,61.260000,52.480000,52.480000
12/27/2018,55.190000,58.910000,52.270000,53.230000
12/28/2018,53.520000,54.500000,48.520000,48.970000
12/31/2018,49.520000,50.620000,46.500000,48.450000
01/02/2019,51.510000,51.880000,45.890000,46.680000
01/03/2019,48.460000,50.670000,47.300000,49.950000
01/04/2019,49.090000,49.090000,43.190000,44.380000
01/07/2019,45.060000,49.210000,44.840000,46.020000
01/08/2019,45.870000,47.670000,43.960000,45.020000
01/09/2019,44.590000,46.910000,43.540000,43.950000
01/10/2019,44.800000,47.430000,43.910000,44.080000
01/11/2019,43.400000,47.910000,43.150000,43.800000
01/14/2019,46.540000,50.400000,43.940000,45.050000
01/15/2019,45.550000,45.550000,41.300000,42.510000
01/16/2019,42.050000,43.260000,40.230000,40.910000
01/17/2019,41.120000,43.240000,39.020000,40.230000
01/18/2019,39.960000,42.980000,37.820000,38.560000
01/22/2019,39.760000,45.310000,39.310000,43.660000
01/23/2019,42.700000,45.940000,42.220000,43.450000
01/24/2019,43.530000,43.960000,40.990000,41.230000
01/25/2019,41.040000,41.150000,38.740000,39.040000
01/28/2019,42.140000,44.200000,40.740000,41.600000
01/29/2019,42.110000,43.880000,41.680000,42.320000
01/30/2019,41.720000,42.080000,38.340000,39.290000
01/31/2019,39.730000,39.730000,38.000000,38.690000
02/01/2019,32.530000,34.560000,30.660000,32.530000
02/04/2019,32.530000,33.370000,29.720000,30.400000
02/05/2019,30.360000,30.920000,27.400000,28.260000
02/06/2019,28.100000,29.560000,28.080000,28.570000
02/07/2019,29.470000,31.250000,29.010000,29.730000
02/08/2019,31.020000,32.740000,29.980000,30.000000
02/11/2019,30.530000,31.110000,29.470000,29.670000
02/12/2019,30.750000,30.830000,26.470000,27.410000
02/13/2019,29.350000,29.350000,26.550000,27.320000
02/14/2019,28.740000,31.070000,27.460000,27.640000
02/15/2019,27.670000,28.810000,27.240000,27.270000
02/19/2019,29.080000,29.650000,26.170000,26.350000
02/21/2019,26.690000,27.730000,26.190000,26.350000
02/22/2019,26.880000,27.350000,24.340000,24.470000
02/25/2019,25.590000,26.210000,24.290000,25.130000
02/26/2019,25.760000,25.760000,24.380000,24.430000
02/27/2019,24.770000,26.380000,24.700000,24.830000
02/28/2019,24.770000,26.380000,24.130000,24.240000
03/01/2019,24.060000,24.860000,23.820000,23.850000
03/04/2019,24.480000,27.230000,24.120000,25.240000
03/05/2019,24.480000,27.230000,24.120000,25.620000
03/06/2019,24.990000,26.770000,24.960000,26.180000
03/07/2019,26.220000,29.640000,26.220000,29.310000
03/08/2019,31.220000,32.300000,28.580000,29.460000
03/11/2019,26.780000,27.740000,22.400000,22.990000
03/12/2019,23.490000,24.860000,21.310000,22.100000
03/13/2019,22.240000,23.440000,20.930000,21.660000
03/14/2019,22.220000,23.370000,21.900000,22.330000
03/15/2019,21.200000,25.690000,21.200000,22.270000
03/18/2019,24.300000,25.100000,23.320000,23.720000
03/19/2019,24.940000,25.390000,24.230000,25.310000
03/20/2019,25.550000,26.150000,24.470000,25.510000
03/21/2019,25.620000,27.110000,25.190000,26.130000
03/22/2019,27.050000,29.320000,25.730000,28.850000
03/25/2019,30.890000,32.210000,30.000000,30.480000
03/26/2019,29.710000,30.370000,28.680000,29.960000
03/27/2019,30.420000,32.100000,29.830000,30.860000
03/28/2019,31.060000,31.610000,30.250000,30.270000
03/29/2019,30.160000,30.550000,28.690000,28.920000
04/01/2019,30.280000,30.310000,29.050000,29.330000
04/02/2019,29.180000,30.120000,29.180000,29.920000
04/03/2019,30.330000,30.600000,29.860000,30.180000
04/04/2019,30.580000,30.840000,29.740000,30.390000
04/05/2019,29.750000,30.810000,29.730000,29.730000
04/08/2019,31.240000,31.910000,30.760000,31.120000
04/09/2019,31.770000,32.000000,31.010000,31.770000
04/10/2019,32.100000,32.350000,31.140000,31.510000
04/11/2019,31.870000,32.000000,30.960000,31.290000
04/12/2019,30.650000,31.710000,29.410000,29.740000
04/15/2019,31.400000,32.010000,30.050000,30.260000
04/16/2019,30.370000,30.730000,28.920000,29.230000
04/17/2019,29.090000,29.860000,28.350000,28.440000
04/18/2019,28.450000,28.480000,26.880000,27.160000
04/22/2019,28.070000,29.270000,27.970000,28.420000
04/23/2019,28.560000,29.100000,27.670000,27.710000
04/24/2019,28.420000,28.820000,27.980000,28.060000
04/25/2019,28.790000,28.930000,27.890000,28.320000
04/26/2019,23.500000,24.440000,21.820000,22.360000
04/29/2019,22.950000,23.160000,21.410000,21.970000
04/30/2019,21.540000,22.520000,21.400000,21.770000
05/01/2019,21.910000,22.190000,20.890000,22.180000
05/02/2019,22.390000,24.960000,21.910000,23.340000
05/03/2019,23.510000,24.340000,22.450000,22.640000
05/06/2019,25.560000,26.400000,24.880000,24.970000
05/07/2019,25.570000,30.290000,25.570000,29.110000
05/08/2019,29.300000,29.970000,27.610000,28.430000
05/09/2019,30.490000,32.200000,28.590000,28.880000
05/10/2019,28.780000,30.520000,26.670000,27.140000
05/13/2019,32.260000,32.870000,29.630000,30.710000
05/14/2019,30.440000,30.660000,27.150000,27.380000
05/15/2019,27.920000,28.760000,24.640000,25.080000
05/16/2019,24.330000,25.200000,23.560000,23.920000
05/17/2019,24.930000,26.420000,23.830000,25.670000
05/20/2019,27.350000,29.160000,26.280000,27.130000
05/21/2019,26.420000,27.890000,26.180000,26.510000
05/22/2019,26.080000,27.810000,25.090000,26.110000
05/23/2019,27.400000,30.420000,27.340000,29.620000
05/24/2019,28.420000,28.740000,26.970000,27.210000
05/28/2019,27.190000,28.000000,26.280000,27.630000
05/29/2019,28.580000,29.990000,28.180000,28.350000
05/30/2019,28.080000,28.440000,27.090000,27.690000
05/31/2019,30.060000,30.340000,28.400000,29.270000
06/03/2019,30.270000,33.990000,30.070000,33.990000
06/04/2019,32.430000,32.790000,29.620000,29.670000
06/05/2019,29.300000,31.070000,28.750000,28.800000
06/06/2019,29.100000,29.550000,27.490000,27.890000
06/07/2019,27.670000,27.950000,26.600000,26.860000
06/10/2019,26.250000,29.410000,25.840000,28.100000
06/11/2019,27.000000,28.120000,26.830000,27.460000
06/12/2019,27.710000,28.040000,27.180000,27.430000
06/13/2019,27.230000,27.370000,26.730000,27.170000
06/14/2019,27.230000,27.680000,25.970000,26.510000
06/17/2019,26.260000,26.540000,24.540000,25.150000
06/18/2019,24.310000,25.850000,23.400000,25.450000
06/19/2019,24.940000,27.110000,24.410000,24.610000
06/20/2019,24.510000,26.140000,24.290000,26.140000
06/21/2019,25.370000,26.130000,24.480000,25.740000
06/24/2019,26.630000,26.910000,25.750000,26.220000
06/25/2019,26.400000,29.330000,26.170000,28.930000
06/26/2019,27.890000,28.760000,27.130000,27.720000
06/27/2019,28.010000,28.830000,27.020000,27.520000
06/28/2019,28.420000,30.530000,26.700000,27.820000
07/01/2019,28.380000,29.320000,24.750000,25.750000
07/02/2019,25.940000,27.210000,24.640000,26.090000
07/03/2019,25.310000,26.220000,24.910000,24.910000
07/08/2019,28.030000,28.030000,26.570000,27.180000
07/09/2019,27.630000,28.250000,26.710000,28.180000
07/10/2019,26.540000,28.910000,26.540000,27.220000
07/11/2019,28.210000,28.760000,26.850000,27.700000
07/12/2019,27.850000,28.950000,26.870000,27.110000
07/15/2019,27.050000,29.920000,27.050000,27.370000
07/16/2019,27.520000,27.850000,26.300000,27.340000
07/17/2019,27.430000,29.170000,26.920000,27.780000
07/18/2019,27.540000,30.310000,26.960000,28.490000
07/19/2019,27.950000,30.670000,27.950000,28.510000
07/22/2019,28.210000,30.300000,28.080000,28.170000
07/23/2019,28.200000,29.070000,27.580000,27.700000
07/24/2019,28.930000,28.930000,26.450000,27.060000
07/25/2019,27.150000,28.150000,26.740000,26.830000
07/26/2019,22.700000,24.760000,21.710000,22.320000
07/29/2019,22.740000,26.080000,22.640000,23.770000
07/30/2019,24.260000,26.330000,23.780000,24.140000
07/31/2019,23.780000,26.310000,23.410000,24.920000
08/01/2019,25.500000,29.000000,23.980000,27.290000
08/02/2019,28.840000,31.540000,27.400000,29.230000
08/05/2019,33.110000,36.920000,32.450000,36.310000
08/06/2019,33.800000,34.440000,30.440000,30.530000
08/07/2019,33.140000,35.010000,31.120000,31.250000
08/08/2019,30.730000,31.050000,27.200000,27.200000
08/09/2019,27.150000,30.950000,27.150000,28.860000
08/12/2019,30.190000,33.060000,29.400000,32.460000
08/13/2019,30.760000,32.710000,25.230000,26.010000
08/14/2019,25.710000,34.170000,25.710000,33.920000
08/15/2019,31.680000,34.630000,30.430000,30.430000
08/16/2019,31.350000,31.350000,26.380000,26.940000
08/19/2019,25.870000,27.000000,24.700000,25.070000
08/20/2019,25.320000,27.770000,25.060000,26.800000
08/21/2019,24.400000,25.560000,24.050000,24.660000
08/22/2019,24.490000,26.680000,24.080000,25.960000
08/23/2019,27.350000,31.040000,24.170000,28.890000
08/26/2019,29.410000,32.000000,27.160000,28.190000
08/27/2019,27.720000,30.400000,27.450000,29.170000
08/28/2019,29.670000,31.070000,27.600000,27.740000
08/29/2019,26.400000,26.610000,25.040000,25.530000
08/30/2019,25.100000,26.950000,24.710000,25.880000
09/03/2019,25.340000,28.890000,25.340000,28.070000
09/04/2019,27.040000,27.590000,25.650000,25.910000
09/05/2019,26.500000,26.500000,23.570000,23.880000
09/06/2019,23.540000,24.730000,23.310000,23.860000
09/09/2019,23.450000,25.660000,23.290000,24.350000
09/10/2019,24.870000,26.020000,23.190000,24.240000
09/11/2019,24.510000,24.920000,22.270000,22.980000
09/12/2019,22.570000,23.040000,21.020000,22.830000
09/13/2019,22.450000,22.880000,21.690000,22.240000
09/16/2019,21.540000,25.360000,21.540000,23.820000
09/17/2019,23.750000,24.490000,22.860000,22.890000
09/18/2019,23.830000,25.110000,22.630000,23.540000
09/19/2019,23.300000,24.310000,22.130000,22.800000
09/20/2019,22.560000,26.790000,22.220000,24.400000
09/23/2019,26.190000,26.700000,24.990000,25.720000
09/24/2019,24.910000,29.640000,24.910000,28.650000
09/25/2019,28.450000,30.600000,26.380000,26.540000
09/26/2019,26.500000,29.130000,26.500000,27.300000
09/27/2019,27.180000,31.640000,26.570000,28.300000
09/30/2019,29.840000,30.410000,28.080000,28.400000
10/01/2019,27.110000,30.710000,27.110000,30.710000
10/02/2019,30.260000,33.720000,30.260000,31.530000
10/03/2019,31.330000,34.290000,29.980000,30.150000
10/04/2019,29.900000,30.300000,27.500000,27.540000
10/07/2019,28.500000,29.660000,27.590000,28.260000
10/08/2019,29.570000,31.440000,29.290000,31.440000
10/09/2019,30.890000,31.550000,29.310000,29.790000
10/10/2019,30.130000,30.390000,28.840000,29.460000
10/11/2019,28.400000,28.990000,26.760000,28.000000
10/14/2019,29.650000,29.850000,28.580000,29.080000
10/15/2019,28.660000,28.860000,27.510000,27.830000
10/16/2019,27.580000,28.980000,27.580000,27.830000
10/17/2019,27.610000,28.720000,26.440000,27.040000
10/18/2019,27.000000,29.690000,27.000000,28.460000
10/21/2019,28.380000,29.360000,27.480000,27.500000
10/22/2019,27.300000,28.590000,27.270000,28.300000
10/23/2019,28.520000,29.210000,28.290000,28.500000
10/24/2019,28.680000,29.090000,27.820000,28.590000
10/25/2019,23.220000,24.350000,21.210000,21.210000
10/28/2019,22.480000,22.780000,20.150000,20.240000
10/29/2019,20.370000,20.860000,20.050000,20.570000
10/30/2019,20.650000,21.380000,19.520000,20.250000
10/31/2019,19.870000,21.210000,19.870000,20.250000
11/01/2019,20.060000,20.230000,19.150000,19.150000
11/04/2019,20.080000,20.490000,19.320000,19.840000
11/05/2019,20.150000,20.530000,19.310000,19.750000
11/06/2019,19.320000,20.040000,18.750000,18.950000
11/07/2019,18.950000,19.620000,18.510000,19.290000
11/08/2019,19.050000,19.720000,18.690000,18.970000
11/11/2019,19.180000,19.650000,18.020000,18.570000
11/12/2019,18.630000,20.010000,17.790000,18.440000
11/13/2019,18.770000,20.670000,18.470000,19.910000
11/14/2019,19.750000,20.540000,19.000000,19.120000
11/15/2019,19.140000,19.760000,17.950000,19.210000
11/18/2019,18.590000,21.020000,18.590000,19.520000
11/19/2019,19.600000,20.260000,19.130000,19.180000
11/20/2019,19.680000,21.760000,19.450000,19.840000
11/21/2019,20.040000,21.810000,19.640000,20.450000
11/22/2019,20.470000,21.310000,19.750000,19.750000
11/25/2019,19.710000,20.720000,19.030000,19.500000
11/26/2019,19.570000,19.960000,18.750000,19.960000
11/27/2019,19.980000,20.750000,19.570000,19.570000
11/29/2019,20.760000,21.070000,20.030000,20.210000
12/02/2019,21.420000,24.900000,21.230000,22.290000
12/03/2019,23.590000,25.460000,23.330000,23.690000
12/04/2019,23.660000,23.660000,22.180000,22.840000
12/05/2019,22.560000,23.180000,21.520000,23.020000
12/06/2019,22.840000,22.840000,21.290000,21.550000
12/09/2019,22.220000,22.850000,21.000000,22.110000
12/10/2019,22.190000,22.590000,21.290000,21.630000
12/11/2019,21.440000,21.850000,20.750000,20.920000
12/12/2019,20.890000,21.600000,19.460000,20.520000
12/13/2019,20.250000,20.940000,18.640000,18.830000
12/16/2019,18.390000,18.960000,15.980000,18.670000
12/17/2019,18.700000,19.330000,17.350000,18.280000
12/18/2019,18.360000,19.330000,18.360000,18.620000
12/19/2019,18.180000,19.530000,18.180000,19.360000
12/20/2019,18.980000,19.850000,18.880000,19.410000
12/23/2019,20.540000,20.770000,19.620000,19.930000
12/24/2019,20.240000,20.630000,19.550000,19.860000
12/26/2019,20.820000,26.140000,20.090000,25.570000
12/27/2019,25.560000,27.890000,24.710000,25.760000
12/30/2019,25.630000,27.910000,25.630000,25.730000
12/31/2019,25.790000,26.470000,25.320000,25.720000
01/02/2020,25.650000,26.870000,25.410000,26.300000
01/03/2020,26.960000,27.430000,26.310000,26.480000
01/06/2020,27.120000,28.120000,27.120000,27.210000
01/07/2020,27.160000,28.120000,26.440000,27.390000
01/08/2020,27.850000,27.870000,26.610000,26.870000
01/09/2020,27.130000,27.580000,26.370000,26.880000
01/10/2020,27.000000,27.110000,26.030000,26.690000
01/13/2020,28.000000,29.260000,28.000000,28.300000
01/14/2020,29.240000,29.610000,27.700000,28.030000
01/15/2020,28.550000,29.070000,27.720000,28.760000
01/16/2020,28.830000,28.940000,26.800000,27.360000
01/17/2020,27.640000,28.290000,27.040000,27.310000
01/21/2020,27.500000,29.320000,27.330000,29.260000
01/22/2020,29.010000,29.370000,28.450000,28.920000
01/23/2020,28.820000,29.720000,27.800000,27.880000
01/24/2020,27.850000,29.690000,27.190000,28.070000
01/27/2020,28.270000,31.570000,28.270000,30.280000
01/28/2020,29.620000,29.980000,27.990000,28.020000
01/29/2020,27.370000,28.800000,27.160000,28.410000
01/30/2020,28.930000,30.030000,27.390000,27.550000
01/31/2020,25.590000,27.360000,24.420000,26.490000
02/03/2020,25.810000,26.410000,24.590000,25.250000
02/04/2020,24.560000,25.610000,23.190000,24.560000
02/05/2020,24.470000,26.090000,23.650000,25.670000
02/06/2020,25.460000,25.900000,24.350000,24.370000
02/07/2020,24.410000,27.650000,22.480000,26.050000
02/10/2020,26.900000,29.320000,26.850000,28.130000
02/11/2020,27.630000,30.210000,27.630000,29.340000
02/12/2020,29.140000,30.590000,27.230000,27.540000
02/13/2020,27.500000,28.370000,26.200000,26.970000
02/14/2020,26.300000,26.560000,24.000000,24.360000
02/18/2020,24.610000,26.570000,24.610000,25.500000
02/19/2020,25.310000,26.160000,24.250000,24.620000
02/20/2020,24.670000,27.130000,22.940000,24.860000
02/21/2020,24.220000,28.730000,24.220000,27.720000
02/24/2020,30.890000,34.510000,30.890000,32.950000
02/25/2020,31.290000,37.020000,30.530000,35.620000
02/26/2020,33.780000,36.650000,31.790000,35.060000
02/27/2020,37.200000,44.890000,36.490000,44.610000
02/28/2020,46.690000,54.350000,40.060000,48.060000
03/02/2020,45.680000,46.650000,38.040000,38.040000
03/03/2020,38.230000,44.870000,34.120000,42.710000
03/04/2020,39.160000,40.370000,36.190000,36.400000
03/05/2020,39.840000,47.030000,38.660000,44.490000
03/06/2020,50.060000,52.540000,45.820000,46.160000
03/09/2020,57.560000,64.440000,52.170000,54.230000
03/10/2020,49.250000,53.650000,46.990000,46.990000
03/11/2020,50.420000,53.890000,48.900000,50.890000
03/12/2020,60.380000,64.520000,55.740000,64.370000
03/13/2020,57.240000,69.040000,52.740000,52.740000
03/16/2020,52.660000,73.110000,52.660000,72.660000
03/17/2020,67.240000,77.520000,65.470000,67.620000
03/18/2020,67.140000,76.410000,65.020000,67.510000
03/19/2020,66.490000,70.710000,60.770000,62.660000
03/20/2020,63.270000,63.270000,51.020000,58.980000
03/23/2020,61.900000,63.090000,54.020000,54.020000
03/24/2020,49.160000,52.610000,45.830000,50.940000
03/25/2020,52.550000,54.790000,50.670000,54.320000
03/26/2020,51.730000,51.870000,48.700000,49.490000
03/27/2020,52.820000,54.500000,49.150000,50.820000
03/30/2020,50.270000,50.610000,46.760000,47.050000
03/31/2020,47.420000,47.420000,44.400000,45.980000
04/01/2020,47.950000,50.380000,46.670000,48.960000
04/02/2020,49.040000,49.160000,44.540000,44.540000
04/03/2020,45.320000,46.270000,43.030000,44.170000
04/06/2020,43.960000,44.410000,39.220000,39.290000
04/07/2020,39.200000,41.610000,38.720000,40.820000
04/08/2020,40.090000,41.200000,38.110000,39.700000
04/09/2020,40.100000,40.880000,38.690000,38.940000
04/13/2020,41.520000,46.170000,40.390000,45.750000
04/14/2020,45.730000,48.750000,44.380000,47.540000
04/15/2020,47.960000,51.370000,46.960000,49.910000
04/16/2020,49.900000,63.980000,49.750000,56.220000
04/17/2020,56.230000,57.860000,54.720000,55.890000
04/20/2020,55.820000,58.290000,54.290000,54.720000
04/21/2020,55.460000,58.390000,49.240000,56.640000
04/22/2020,56.430000,56.430000,50.580000,50.580000
04/23/2020,50.300000,50.300000,47.150000,48.890000
04/24/2020,48.340000,48.350000,46.200000,46.240000
04/27/2020,46.770000,46.790000,44.710000,45.790000
04/28/2020,45.940000,46.510000,43.740000,45.640000
04/29/2020,45.490000,46.090000,44.460000,45.590000
04/30/2020,45.400000,49.160000,45.140000,45.450000
05/01/2020,41.250000,41.570000,37.690000,39.710000
05/04/2020,40.780000,41.050000,37.420000,37.490000
05/05/2020,37.020000,37.290000,33.390000,34.950000
05/06/2020,34.560000,35.190000,33.250000,34.940000
05/07/2020,33.500000,33.730000,31.910000,32.720000
05/08/2020,31.730000,31.910000,29.730000,29.870000
05/11/2020,30.280000,31.850000,29.240000,29.530000
05/12/2020,29.060000,31.150000,28.140000,30.160000
05/13/2020,31.080000,37.190000,30.250000,34.200000
05/14/2020,34.960000,38.170000,32.000000,32.180000
05/15/2020,32.330000,33.830000,30.090000,30.340000
05/18/2020,29.960000,30.030000,27.780000,29.250000
05/19/2020,29.170000,32.200000,28.280000,30.880000
05/20/2020,30.190000,31.590000,29.880000,31.540000
05/21/2020,31.570000,32.430000,31.150000,32.230000
05/22/2020,32.370000,32.800000,30.410000,30.440000
05/26/2020,30.390000,30.900000,29.490000,30.540000
05/27/2020,30.580000,33.600000,29.530000,31.400000
05/28/2020,31.570000,31.990000,30.200000,31.560000
05/29/2020,31.740000,32.940000,28.100000,28.790000
06/01/2020,30.370000,32.040000,29.640000,30.170000
06/02/2020,29.880000,30.280000,29.250000,29.250000
06/03/2020,29.480000,29.540000,27.470000,28.120000
06/04/2020,28.350000,30.030000,27.640000,29.220000
06/05/2020,29.200000,29.320000,27.140000,27.850000
06/08/2020,28.840000,31.020000,26.460000,30.290000
06/09/2020,29.520000,34.340000,29.520000,33.780000
06/10/2020,34.050000,36.440000,33.230000,33.680000
06/11/2020,34.210000,42.770000,34.210000,42.020000
06/12/2020,41.850000,45.430000,38.890000,39.420000
06/15/2020,42.150000,44.520000,38.350000,38.480000
06/16/2020,37.550000,38.330000,35.910000,35.920000
06/17/2020,35.970000,37.050000,34.630000,36.110000
06/18/2020,36.340000,36.860000,34.720000,35.110000
06/19/2020,35.400000,35.620000,33.330000,34.400000
06/22/2020,36.560000,36.730000,34.730000,35.520000
06/23/2020,35.270000,36.170000,34.360000,34.890000
06/24/2020,35.560000,39.010000,35.560000,37.490000
06/25/2020,38.100000,39.170000,36.220000,36.500000
06/26/2020,36.170000,39.920000,36.060000,39.540000
06/29/2020,40.850000,41.770000,38.320000,38.320000
06/30/2020,38.690000,38.890000,36.360000,37.060000
07/01/2020,37.330000,38.840000,36.780000,38.030000
07/02/2020,37.950000,41.040000,36.550000,36.550000
07/06/2020,39.090000,42.650000,38.830000,42.650000
07/07/2020,41.870000,45.310000,41.330000,45.300000
07/08/2020,44.570000,46.540000,44.570000,46.100000
07/09/2020,46.440000,52.510000,46.230000,51.040000
07/10/2020,49.880000,52.360000,49.880000,51.540000
07/13/2020,55.850000,68.230000,55.850000,63.140000
07/14/2020,62.280000,68.310000,61.570000,66.710000
07/15/2020,66.450000,66.450000,60.260000,60.260000
07/16/2020,60.410000,61.750000,58.700000,60.680000
07/17/2020,59.970000,60.020000,54.780000,55.100000
07/20/2020,55.700000,57.610000,55.580000,57.240000
07/21/2020,57.270000,57.550000,54.470000,55.260000
07/22/2020,55.140000,55.360000,53.600000,53.610000
07/23/2020,53.350000,53.490000,49.580000,52.020000
07/24/2020,51.990000,53.540000,50.910000,51.000000
07/27/2020,52.240000,53.470000,48.840000,48.840000
07/28/2020,48.850000,50.340000,48.070000,48.680000
07/29/2020,49.010000,49.020000,46.480000,46.640000
07/30/2020,47.110000,47.880000,45.490000,45.490000
07/31/2020,45.270000,45.270000,36.740000,37.160000
08/03/2020,38.180000,38.300000,35.730000,36.710000
08/04/2020,36.860000,37.820000,36.410000,37.170000
08/05/2020,37.300000,37.500000,36.410000,37.050000
08/06/2020,37.050000,37.370000,35.630000,35.980000
08/07/2020,35.530000,37.930000,35.530000,37.920000
08/10/2020,39.410000,39.490000,37.970000,37.970000
08/11/2020,38.330000,39.370000,37.600000,37.890000
08/12/2020,37.910000,38.330000,34.540000,35.230000
08/13/2020,34.920000,37.070000,34.920000,36.980000
08/14/2020,36.330000,37.280000,34.560000,34.990000
08/17/2020,35.220000,35.880000,32.970000,34.180000
08/18/2020,34.580000,39.700000,34.390000,39.440000
08/19/2020,39.870000,39.890000,38.000000,38.730000
08/20/2020,39.290000,40.170000,37.220000,37.600000
08/21/2020,37.920000,39.050000,37.010000,39.010000
08/24/2020,39.540000,43.390000,39.540000,41.310000
08/25/2020,41.660000,42.450000,40.770000,42.350000
08/26/2020,42.690000,44.190000,41.220000,43.930000
08/27/2020,44.040000,44.950000,43.240000,44.610000
08/28/2020,44.640000,45.170000,43.640000,43.970000
08/31/2020,45.700000,47.150000,43.040000,43.990000
09/01/2020,43.990000,44.940000,42.990000,44.020000
09/02/2020,44.010000,47.420000,43.750000,46.880000
09/03/2020,46.650000,56.330000,46.560000,54.670000
09/04/2020,54.800000,62.610000,52.650000,52.850000
09/08/2020,57.800000,59.240000,51.430000,52.460000
09/09/2020,51.110000,51.600000,46.100000,46.490000
09/10/2020,46.540000,47.440000,44.830000,46.310000
09/11/2020,46.920000,47.120000,43.340000,43.690000
09/14/2020,43.470000,44.380000,41.830000,43.350000
09/15/2020,43.460000,43.660000,42.130000,42.530000
09/16/2020,42.870000,45.710000,42.840000,45.480000
09/17/2020,45.580000,48.460000,45.580000,46.450000
09/18/2020,46.580000,48.820000,44.510000,45.290000
09/21/2020,49.880000,50.880000,47.390000,48.280000
09/22/2020,48.410000,49.220000,46.750000,48.130000
09/23/2020,48.770000,51.390000,48.480000,51.110000
09/24/2020,51.300000,52.600000,50.520000,51.560000
09/25/2020,51.440000,52.590000,49.490000,49.580000
09/28/2020,51.760000,51.820000,49.130000,49.140000
09/29/2020,49.120000,49.960000,48.890000,49.110000
09/30/2020,49.480000,49.660000,47.750000,48.480000
10/01/2020,48.480000,51.070000,48.250000,49.970000
10/02/2020,49.960000,52.430000,49.960000,51.680000
10/05/2020,53.620000,53.660000,51.020000,51.020000
10/06/2020,50.620000,52.970000,50.620000,52.470000
10/07/2020,52.230000,52.360000,50.150000,50.250000
10/08/2020,49.880000,50.690000,49.300000,49.300000
10/09/2020,49.390000,49.480000,46.620000,46.620000
10/12/2020,49.330000,52.910000,49.220000,49.890000
10/13/2020,50.370000,51.010000,49.950000,50.270000
10/14/2020,50.300000,53.980000,50.130000,53.220000
10/15/2020,53.790000,55.460000,53.410000,54.120000
10/19/2020,55.280000,57.350000,54.770000,56.180000
10/20/2020,56.140000,56.670000,55.060000,55.980000
10/21/2020,56.030000,56.200000,53.940000,53.960000
10/22/2020,53.690000,54.270000,51.420000,51.650000
10/23/2020,50.470000,52.000000,50.470000,51.270000
10/26/2020,52.990000,55.960000,52.940000,55.050000
10/27/2020,55.010000,55.120000,51.910000,51.920000
10/28/2020,53.160000,56.580000,52.960000,55.300000
10/29/2020,54.920000,55.650000,50.450000,50.720000
10/30/2020,47.990000,50.670000,46.700000,48.930000
11/02/2020,49.750000,49.810000,47.330000,47.330000
11/03/2020,46.790000,47.040000,45.300000,45.950000
11/04/2020,43.030000,43.030000,40.610000,41.840000
11/05/2020,40.040000,41.740000,38.920000,40.060000
11/06/2020,39.860000,40.750000,37.970000,38.130000
11/09/2020,37.730000,40.310000,37.110000,39.030000
11/10/2020,38.690000,42.340000,38.630000,41.050000
11/11/2020,39.800000,40.320000,36.950000,37.460000
11/12/2020,37.530000,38.860000,37.000000,38.210000
11/13/2020,38.200000,38.200000,36.500000,36.780000
11/16/2020,37.670000,38.570000,34.300000,34.380000
11/17/2020,35.270000,36.590000,34.190000,34.580000
11/18/2020,34.510000,35.000000,33.510000,35.000000
11/19/2020,35.080000,35.270000,34.300000,34.440000
11/20/2020,34.410000,34.440000,33.690000,34.340000
11/23/2020,35.020000,35.560000,32.950000,33.630000
11/24/2020,33.660000,33.670000,32.170000,32.760000
11/25/2020,32.950000,33.900000,32.650000,33.700000
11/27/2020,34.040000,34.280000,33.200000,33.950000
11/30/2020,35.010000,35.860000,34.300000,35.070000
12/01/2020,35.400000,35.870000,34.260000,35.030000
12/02/2020,35.050000,35.660000,34.600000,35.190000
12/03/2020,35.180000,35.590000,34.430000,34.610000
12/04/2020,34.490000,34.630000,33.320000,34.050000
12/07/2020,35.180000,35.430000,34.630000,34.770000
12/08/2020,35.020000,35.820000,34.370000,35.530000
12/09/2020,34.890000,37.310000,34.720000,36.330000
12/10/2020,37.140000,37.200000,35.620000,36.090000
12/11/2020,36.710000,37.810000,36.380000,36.540000
12/14/2020,37.020000,37.020000,35.380000,36.130000
12/15/2020,35.590000,36.390000,35.010000,35.650000
12/16/2020,35.630000,37.110000,35.370000,36.050000
12/17/2020,36.190000,36.940000,34.300000,35.550000
12/18/2020,34.930000,37.410000,34.930000,36.150000
12/21/2020,36.000000,39.920000,36.000000,37.030000
12/22/2020,37.000000,37.300000,36.470000,36.470000
12/23/2020,36.530000,36.540000,35.300000,35.470000
12/24/2020,34.820000,35.770000,34.820000,35.650000
12/28/2020,37.910000,38.400000,36.070000,37.630000
12/29/2020,37.620000,38.610000,36.610000,37.110000
12/30/2020,36.660000,37.250000,36.370000,36.670000
12/31/2020,36.640000,37.180000,36.100000,36.810000
01/04/2021,36.220000,42.880000,36.220000,41.160000
01/05/2021,41.170000,42.010000,39.390000,39.510000
01/06/2021,39.510000,40.960000,38.370000,40.830000
01/07/2021,40.780000,40.780000,38.510000,39.240000
01/08/2021,38.500000,40.340000,38.500000,39.340000
01/11/2021,41.620000,44.500000,41.620000,44.280000
01/12/2021,44.180000,44.310000,42.890000,43.450000
01/13/2021,43.700000,43.870000,40.590000,41.490000
01/14/2021,41.530000,43.000000,40.960000,42.710000
01/15/2021,43.110000,44.240000,40.780000,41.220000
01/19/2021,41.700000,41.760000,40.000000,40.450000
01/20/2021,40.680000,42.060000,39.810000,41.080000
01/21/2021,41.120000,43.320000,40.190000,40.800000
01/22/2021,40.250000,42.010000,40.250000,41.250000
01/25/2021,42.740000,43.370000,41.770000,42.650000
01/26/2021,42.710000,43.130000,41.940000,43.130000
01/27/2021,44.340000,49.590000,43.600000,49.000000
01/28/2021,47.940000,47.940000,44.340000,45.020000
01/29/2021,45.990000,48.350000,45.720000,46.420000
02/01/2021,45.760000,45.840000,43.470000,43.470000
02/02/2021,43.120000,43.120000,40.040000,40.180000
02/03/2021,34.180000,35.530000,33.780000,34.570000
02/04/2021,34.210000,34.220000,32.760000,33.030000
02/05/2021,33.290000,33.340000,31.110000,31.650000
02/08/2021,32.530000,32.820000,31.970000,32.490000
02/09/2021,32.850000,32.860000,31.810000,32.160000
02/10/2021,32.310000,33.120000,31.690000,32.140000
02/11/2021,31.980000,32.390000,31.460000,31.600000
02/12/2021,31.570000,32.160000,30.420000,30.650000
02/16/2021,32.390000,32.550000,31.620000,32.240000
02/17/2021,32.920000,34.320000,32.430000,32.930000
02/18/2021,34.070000,34.220000,31.920000,31.990000
02/19/2021,32.020000,33.220000,30.070000,32.370000
02/22/2021,34.460000,35.020000,33.420000,34.580000
02/23/2021,36.080000,38.600000,33.550000,33.660000
02/24/2021,34.750000,36.550000,34.010000,34.010000
02/25/2021,35.030000,40.640000,34.260000,39.520000
02/26/2021,37.720000,40.730000,35.630000,36.450000
03/01/2021,34.610000,35.110000,31.990000,32.080000
03/02/2021,32.190000,33.380000,30.960000,32.910000
03/03/2021,33.140000,38.050000,32.720000,36.830000
03/04/2021,35.800000,42.420000,35.660000,39.010000
03/05/2021,37.600000,42.610000,36.130000,36.360000
03/08/2021,37.840000,39.680000,36.360000,39.280000
03/09/2021,37.960000,38.110000,34.550000,35.510000
03/10/2021,34.610000,36.270000,33.840000,35.110000
03/11/2021,34.720000,34.720000,32.710000,32.860000
03/12/2021,33.290000,35.530000,33.290000,33.810000
03/15/2021,34.920000,35.440000,32.770000,32.770000
03/16/2021,32.880000,33.030000,31.090000,31.580000
03/17/2021,32.380000,33.730000,31.200000,31.550000
03/18/2021,32.560000,36.310000,32.400000,35.840000
03/19/2021,35.690000,35.940000,31.520000,31.560000
03/22/2021,33.020000,33.410000,30.170000,30.530000
03/23/2021,30.760000,30.930000,29.620000,30.790000
03/24/2021,30.860000,32.220000,30.430000,32.140000
03/25/2021,32.960000,34.280000,32.320000,32.820000
03/26/2021,32.990000,33.900000,31.750000,31.870000
03/29/2021,33.910000,34.130000,31.770000,31.850000
03/30/2021,32.690000,33.400000,31.650000,32.080000
03/31/2021,32.210000,32.230000,30.270000,30.360000
04/01/2021,30.090000,30.370000,28.850000,29.130000
04/05/2021,30.870000,31.080000,30.360000,30.600000
04/06/2021,30.850000,31.370000,29.950000,30.150000
04/07/2021,30.320000,31.130000,30.190000,30.700000
04/08/2021,30.810000,31.060000,30.410000,30.550000
04/09/2021,30.790000,31.530000,30.520000,30.610000
04/12/2021,32.760000,33.930000,32.430000,32.760000
04/13/2021,33.010000,34.000000,32.890000,33.950000
04/14/2021,33.960000,34.820000,33.540000,34.400000
04/15/2021,33.990000,34.080000,32.510000,32.510000
04/16/2021,32.680000,33.260000,32.420000,32.560000
04/19/2021,33.500000,35.590000,33.360000,35.030000
04/20/2021,35.350000,35.600000,34.620000,34.840000
04/21/2021,35.170000,35.320000,33.870000,33.890000
04/22/2021,33.810000,36.000000,33.510000,34.030000
04/23/2021,33.780000,33.780000,31.230000,31.520000
04/26/2021,32.430000,36.460000,32.150000,35.470000
04/27/2021,35.670000,35.770000,34.270000,34.340000
04/28/2021,34.400000,34.410000,33.120000,33.710000
04/29/2021,32.850000,33.740000,32.370000,32.570000
04/30/2021,27.250000,28.270000,26.100000,28.070000
05/03/2021,28.390000,28.510000,26.740000,28.030000
05/04/2021,28.410000,31.430000,28.380000,30.220000
05/05/2021,29.470000,29.870000,28.620000,29.520000
05/06/2021,29.750000,30.080000,28.480000,28.500000
05/07/2021,28.780000,29.010000,26.760000,27.420000
05/10/2021,28.960000,30.790000,28.710000,30.740000
05/11/2021,32.790000,32.960000,31.130000,31.220000
05/12/2021,32.810000,35.970000,31.950000,35.780000
05/13/2021,33.950000,34.210000,32.080000,32.760000
05/14/2021,31.410000,31.520000,28.160000,28.310000
05/17/2021,29.910000,31.240000,28.950000,30.160000
05/18/2021,30.100000,30.650000,28.860000,30.650000
05/19/2021,32.890000,33.990000,30.100000,30.770000
05/20/2021,30.380000,31.520000,28.110000,28.120000
05/21/2021,28.170000,28.970000,28.020000,28.530000
05/24/2021,28.900000,28.900000,25.890000,26.290000
05/25/2021,26.040000,27.520000,25.140000,26.810000
05/26/2021,26.900000,27.100000,25.830000,26.160000
05/27/2021,26.240000,26.470000,25.130000,25.630000
05/28/2021,25.810000,25.810000,24.360000,24.970000
06/01/2021,25.920000,26.490000,25.250000,26.150000
06/02/2021,26.270000,26.290000,25.370000,25.950000
06/03/2021,27.070000,27.530000,26.350000,26.650000
06/04/2021,26.040000,26.130000,24.860000,25.070000
06/07/2021,26.160000,26.200000,24.680000,25.060000
06/08/2021,25.000000,25.780000,24.600000,25.590000
06/09/2021,25.590000,26.480000,25.160000,25.990000
06/10/2021,25.460000,25.820000,24.350000,24.900000
06/11/2021,24.670000,24.910000,23.330000,23.920000
06/14/2021,24.080000,24.160000,21.720000,23.210000
06/15/2021,24.010000,24.800000,23.480000,23.800000
06/16/2021,24.210000,25.780000,23.790000,24.710000
06/17/2021,24.230000,25.650000,24.030000,24.310000
06/18/2021,27.020000,27.120000,25.700000,27.120000
06/21/2021,28.300000,28.510000,27.080000,27.180000
06/22/2021,27.320000,27.460000,26.740000,27.100000
06/23/2021,27.250000,27.500000,26.600000,26.860000
06/24/2021,26.890000,27.420000,26.190000,27.270000
06/25/2021,27.460000,28.160000,27.330000,27.550000
06/28/2021,28.860000,28.860000,27.880000,28.150000
06/29/2021,28.470000,28.680000,28.160000,28.320000
06/30/2021,29.150000,29.170000,27.670000,28.080000
07/01/2021,28.360000,28.440000,27.460000,27.590000
07/02/2021,27.440000,28.780000,27.120000,28.740000
07/06/2021,29.570000,35.240000,29.400000,33.860000
07/07/2021,34.130000,36.270000,33.540000,33.730000
07/08/2021,34.900000,36.110000,33.900000,34.680000
07/09/2021,34.420000,35.280000,33.190000,33.840000
07/12/2021,35.130000,37.670000,34.630000,34.750000
07/13/2021,35.100000,35.400000,33.690000,34.610000
07/14/2021,34.530000,34.550000,33.570000,33.930000
07/15/2021,34.260000,34.720000,33.430000,33.860000
07/16/2021,33.590000,34.680000,32.410000,34.610000
07/19/2021,36.830000,37.150000,35.700000,36.610000
07/20/2021,36.630000,36.910000,33.800000,34.020000
07/21/2021,33.870000,34.110000,32.920000,32.920000
07/22/2021,32.940000,33.490000,32.590000,32.650000
07/23/2021,32.360000,32.890000,32.190000,32.190000
07/26/2021,33.300000,33.820000,32.640000,33.080000
07/27/2021,33.500000,33.930000,32.920000,33.190000
07/28/2021,32.920000,33.010000,30.410000,31.090000
07/29/2021,31.120000,31.230000,29.810000,29.810000
07/30/2021,29.990000,29.990000,27.140000,27.890000
08/02/2021,28.310000,28.380000,25.530000,25.910000
08/03/2021,25.920000,26.870000,25.440000,25.950000
08/04/2021,26.360000,26.720000,25.760000,25.810000
08/05/2021,26.110000,26.160000,24.510000,24.780000
08/06/2021,24.890000,25.030000,24.020000,24.140000
08/09/2021,25.190000,25.190000,23.630000,23.810000
08/10/2021,23.780000,24.470000,23.600000,24.260000
08/11/2021,24.260000,24.760000,23.640000,24.350000
08/12/2021,24.620000,25.260000,23.970000,24.230000
08/13/2021,24.400000,24.620000,23.210000,23.250000
08/16/2021,24.360000,25.630000,23.460000,23.570000
08/17/2021,24.770000,26.270000,24.620000,25.750000
08/18/2021,26.230000,27.150000,25.500000,27.150000
08/19/2021,27.750000,27.870000,26.850000,27.510000
08/20/2021,27.450000,27.790000,25.050000,25.050000
08/23/2021,25.750000,25.870000,23.880000,23.950000
08/24/2021,23.020000,24.470000,23.020000,23.630000
08/25/2021,23.970000,24.000000,22.880000,22.930000
08/26/2021,23.310000,23.520000,22.980000,23.420000
08/27/2021,23.500000,23.590000,21.210000,21.890000
08/30/2021,22.760000,23.930000,22.380000,22.640000
08/31/2021,22.870000,23.860000,22.620000,22.910000
09/01/2021,23.030000,23.550000,22.720000,23.420000
09/02/2021,23.420000,23.780000,23.100000,23.590000
09/03/2021,23.890000,23.940000,22.960000,22.960000
09/07/2021,24.330000,24.500000,23.930000,24.340000
09/08/2021,24.830000,25.460000,24.560000,24.620000
09/09/2021,24.740000,24.910000,24.350000,24.730000
09/10/2021,24.220000,25.020000,23.930000,25.020000
09/13/2021,24.420000,25.390000,24.240000,24.760000
09/14/2021,24.450000,24.880000,24.120000,24.610000
09/15/2021,25.010000,25.680000,23.390000,23.770000
09/16/2021,24.640000,25.330000,23.610000,23.630000
09/17/2021,24.330000,25.900000,24.240000,25.290000
09/20/2021,29.310000,35.040000,28.500000,32.120000
09/21/2021,31.410000,32.050000,30.280000,31.190000
09/22/2021,30.980000,31.240000,28.140000,28.430000
09/23/2021,28.420000,28.640000,26.180000,26.550000
09/24/2021,27.500000,27.650000,25.700000,25.730000
09/27/2021,27.980000,29.540000,27.330000,27.540000
09/28/2021,28.910000,34.650000,28.910000,32.260000
09/29/2021,32.040000,32.590000,30.700000,32.360000
09/30/2021,31.950000,33.970000,31.340000,32.690000
10/01/2021,33.030000,33.700000,31.500000,31.740000
10/04/2021,33.280000,36.480000,33.280000,35.750000
10/05/2021,35.250000,35.410000,32.910000,33.420000
10/06/2021,34.200000,35.400000,32.710000,32.730000
10/07/2021,32.620000,32.790000,30.720000,31.340000
10/08/2021,31.350000,31.450000,30.830000,31.290000
10/11/2021,34.690000,34.860000,33.000000,33.940000
10/12/2021,33.750000,35.120000,32.910000,33.150000
10/13/2021,33.640000,33.640000,30.800000,30.920000
10/14/2021,30.630000,31.340000,29.320000,29.500000
10/15/2021,29.300000,30.470000,27.990000,28.980000
10/18/2021,30.160000,30.390000,28.430000,28.600000
10/19/2021,28.570000,29.320000,27.830000,27.970000
10/20/2021,28.050000,28.910000,27.430000,28.310000
10/21/2021,28.450000,28.640000,27.700000,27.710000
10/22/2021,28.010000,30.920000,28.000000,30.360000
10/25/2021,30.970000,31.230000,29.660000,29.930000
10/26/2021,30.020000,30.680000,29.190000,29.800000
10/27/2021,29.830000,30.570000,29.310000,30.480000
10/28/2021,29.550000,31.830000,29.550000,31.190000
10/29/2021,28.100000,28.480000,24.710000,25.080000
11/01/2021,26.040000,27.030000,24.870000,25.340000
11/02/2021,25.500000,25.810000,24.910000,24.930000
11/03/2021,25.170000,25.190000,24.480000,24.840000
11/04/2021,24.570000,27.450000,24.570000,26.590000
11/05/2021,26.780000,28.530000,26.570000,26.940000
11/08/2021,28.020000,29.590000,27.310000,27.310000
11/09/2021,27.680000,30.310000,27.100000,29.500000
11/10/2021,29.640000,31.280000,28.220000,28.970000
11/11/2021,29.080000,29.340000,27.740000,27.810000
11/12/2021,27.870000,28.750000,27.720000,27.820000
11/15/2021,28.680000,31.000000,28.430000,28.650000
11/16/2021,28.460000,29.650000,27.440000,27.780000
11/17/2021,27.110000,28.990000,27.110000,28.260000
11/18/2021,28.300000,30.140000,28.190000,29.790000
11/19/2021,30.470000,31.710000,29.590000,29.630000
11/22/2021,30.720000,31.870000,29.850000,30.980000
11/23/2021,30.460000,32.730000,30.460000,32.210000
11/24/2021,32.670000,33.280000,31.110000,31.290000
11/26/2021,32.790000,35.300000,32.710000,34.570000
11/29/2021,33.680000,34.120000,30.390000,30.560000
11/30/2021,31.700000,33.940000,31.260000,33.330000
12/01/2021,31.680000,34.500000,31.170000,34.370000
12/02/2021,33.650000,35.130000,33.380000,33.660000
12/03/2021,33.480000,40.260000,33.000000,37.480000
12/06/2021,37.150000,39.410000,35.080000,35.740000
12/07/2021,34.000000,34.150000,30.720000,30.900000
12/08/2021,31.060000,31.660000,29.980000,30.130000
12/09/2021,30.780000,31.620000,30.240000,31.300000
12/10/2021,30.660000,31.440000,29.350000,29.350000
12/13/2021,27.880000,29.240000,27.560000,28.420000
12/14/2021,29.100000,31.480000,28.460000,29.170000
12/15/2021,29.680000,32.370000,28.480000,28.820000
12/16/2021,28.770000,32.160000,28.090000,31.680000
12/17/2021,32.970000,33.660000,30.910000,31.220000
12/20/2021,34.810000,35.950000,33.910000,34.080000
12/21/2021,33.850000,34.560000,29.830000,30.060000
12/22/2021,30.480000,30.960000,28.740000,28.750000
12/23/2021,28.990000,29.030000,27.900000,28.080000
12/27/2021,30.610000,31.750000,30.080000,30.880000
12/28/2021,31.200000,31.550000,30.000000,30.280000
12/29/2021,30.440000,30.800000,29.520000,29.760000
12/30/2021,30.200000,30.210000,29.060000,29.570000
12/31/2021,29.880000,30.070000,28.770000,29.280000
01/03/2022,30.520000,30.680000,29.550000,29.640000
01/04/2022,30.090000,31.260000,29.780000,30.440000
01/05/2022,31.030000,32.510000,30.830000,32.510000
01/06/2022,32.000000,33.870000,32.000000,32.320000
01/07/2022,32.620000,33.120000,31.330000,32.080000
01/10/2022,34.940000,38.530000,34.270000,34.350000
01/11/2022,34.370000,35.500000,32.400000,32.620000
01/12/2022,32.480000,32.580000,31.280000,31.660000
01/13/2022,31.970000,34.350000,31.580000,34.350000
01/14/2022,35.730000,36.530000,33.210000,33.840000
01/18/2022,37.560000,38.410000,36.430000,36.860000
01/19/2022,36.670000,36.980000,35.680000,36.620000
01/20/2022,36.030000,37.950000,34.720000,37.640000
01/21/2022,38.230000,46.910000,38.230000,45.950000
01/24/2022,49.900000,57.740000,48.950000,49.120000
01/25/2022,50.560000,53.450000,48.940000,50.670000
01/26/2022,46.700000,50.290000,45.410000,48.940000
01/27/2022,47.470000,48.270000,44.410000,47.450000
01/28/2022,46.520000,48.750000,43.230000,43.230000
01/31/2022,43.490000,44.000000,39.860000,39.880000
02/01/2022,40.050000,40.630000,37.590000,37.590000
02/02/2022,36.900000,42.930000,36.770000,41.880000
02/03/2022,45.290000,58.420000,45.290000,58.420000
02/04/2022,42.720000,42.770000,35.780000,36.070000
02/07/2022,36.700000,36.700000,34.810000,35.590000
02/08/2022,35.810000,36.050000,33.000000,33.270000
02/09/2022,32.650000,32.940000,31.290000,31.550000
02/10/2022,33.860000,34.350000,31.040000,33.750000
02/11/2022,34.030000,39.150000,33.630000,37.440000
02/14/2022,38.450000,39.870000,36.930000,37.810000
02/15/2022,35.560000,36.010000,34.050000,34.520000
02/16/2022,35.570000,35.870000,32.740000,33.140000
02/17/2022,34.390000,37.980000,33.620000,37.930000
02/18/2022,37.180000,40.310000,36.880000,38.170000
02/22/2022,40.210000,41.310000,37.710000,39.440000
02/23/2022,37.860000,41.010000,37.850000,40.820000
02/24/2022,45.130000,45.250000,38.060000,38.060000
02/25/2022,39.030000,39.430000,35.310000,35.390000
02/28/2022,39.030000,39.630000,35.930000,36.820000
03/01/2022,38.120000,41.680000,37.430000,40.740000
03/02/2022,40.390000,41.390000,36.430000,36.910000
03/03/2022,35.730000,39.660000,35.730000,38.950000
03/04/2022,40.640000,43.170000,40.390000,40.660000
03/07/2022,41.900000,47.400000,41.210000,47.400000
03/08/2022,47.190000,49.440000,43.090000,45.560000
03/09/2022,42.250000,44.280000,41.890000,42.280000
03/10/2022,41.940000,44.480000,40.570000,40.850000
03/11/2022,40.240000,41.680000,39.730000,41.680000
03/14/2022,42.180000,44.520000,41.060000,43.880000
03/15/2022,43.520000,44.140000,41.950000,42.060000
03/16/2022,41.390000,41.550000,37.410000,37.410000
03/17/2022,38.090000,38.370000,35.640000,35.640000
03/18/2022,36.650000,36.850000,32.700000,32.760000
03/21/2022,34.630000,35.810000,33.640000,34.820000
03/22/2022,34.320000,34.880000,33.190000,34.440000
03/23/2022,35.820000,36.250000,35.160000,36.020000
03/24/2022,36.400000,36.990000,34.330000,34.340000
03/25/2022,34.800000,35.700000,34.020000,34.020000
03/28/2022,36.030000,36.060000,34.310000,34.340000
03/29/2022,34.230000,34.400000,32.350000,32.350000
03/30/2022,32.810000,34.330000,32.810000,33.700000
03/31/2022,34.070000,35.660000,33.880000,35.660000
04/01/2022,34.890000,35.990000,34.500000,34.850000
04/04/2022,36.280000,36.740000,34.460000,34.530000
04/05/2022,35.190000,36.880000,35.000000,36.430000
04/06/2022,37.970000,40.340000,37.310000,38.890000
04/07/2022,39.340000,41.730000,38.990000,39.690000
04/08/2022,40.280000,41.670000,39.580000,39.950000
04/11/2022,44.320000,45.210000,43.040000,44.890000
04/12/2022,43.510000,44.960000,42.210000,44.510000
04/13/2022,44.430000,44.970000,40.380000,40.570000
04/14/2022,40.650000,41.300000,40.040000,40.800000
04/18/2022,41.730000,42.000000,40.760000,41.520000
04/19/2022,41.850000,42.310000,40.860000,40.860000
04/20/2022,41.530000,43.610000,40.980000,43.220000
04/21/2022,43.060000,46.860000,41.980000,46.340000
04/22/2022,46.400000,49.390000,45.660000,48.530000
04/25/2022,50.230000,52.470000,48.570000,48.570000
04/26/2022,49.410000,54.660000,49.400000,54.040000
04/27/2022,53.490000,54.860000,50.880000,52.820000
04/28/2022,50.660000,54.140000,49.640000,50.430000
04/29/2022,44.490000,50.240000,42.670000,48.540000
05/02/2022,50.210000,53.250000,47.100000,47.210000
05/03/2022,47.400000,47.760000,45.420000,45.450000
05/04/2022,45.580000,48.550000,42.510000,42.520000
05/05/2022,44.670000,53.480000,44.360000,50.700000
05/06/2022,51.980000,54.910000,49.580000,50.240000
05/09/2022,53.800000,57.860000,53.090000,57.320000
05/10/2022,54.270000,58.460000,54.000000,55.410000
05/11/2022,56.790000,57.880000,53.560000,56.710000
05/12/2022,57.490000,61.070000,56.360000,57.660000
05/13/2022,57.330000,58.160000,52.800000,52.960000
05/16/2022,55.330000,57.080000,53.560000,54.190000
05/17/2022,52.300000,52.920000,50.090000,50.200000
05/18/2022,51.520000,58.140000,51.400000,57.390000
05/19/2022,57.430000,58.840000,54.000000,54.280000
05/20/2022,52.790000,58.200000,52.370000,54.310000
05/23/2022,54.950000,57.200000,54.180000,54.490000
05/24/2022,56.970000,60.150000,56.070000,56.690000
05/25/2022,57.260000,57.430000,52.950000,53.520000
05/26/2022,53.240000,53.690000,50.120000,50.640000
05/27/2022,48.190000,49.720000,46.830000,46.880000
05/31/2022,48.710000,50.780000,48.410000,50.040000
06/01/2022,49.920000,52.500000,49.020000,51.390000
06/02/2022,51.630000,51.950000,48.450000,48.500000
06/03/2022,49.250000,50.090000,47.570000,48.980000
06/06/2022,48.160000,48.160000,46.150000,46.380000
06/07/2022,47.600000,48.790000,42.940000,42.940000
06/08/2022,43.480000,43.500000,41.440000,42.150000
06/09/2022,42.620000,43.700000,41.320000,43.680000
06/10/2022,45.990000,48.680000,45.550000,46.580000
06/13/2022,52.220000,56.980000,51.700000,56.880000
06/14/2022,55.680000,56.390000,53.020000,54.260000
06/15/2022,52.830000,52.830000,48.190000,48.970000
06/16/2022,52.040000,56.220000,51.300000,54.370000
06/17/2022,53.720000,53.720000,50.050000,50.360000
06/21/2022,50.430000,50.900000,48.270000,48.660000
06/22/2022,49.970000,49.980000,47.470000,49.180000
06/23/2022,49.320000,50.520000,48.970000,50.340000
06/24/2022,50.580000,61.530000,48.010000,52.400000
06/27/2022,51.150000,53.040000,51.150000,52.390000
06/28/2022,52.870000,57.040000,51.900000,56.870000
06/29/2022,57.870000,58.850000,56.960000,57.890000
06/30/2022,59.630000,62.530000,58.660000,59.290000
07/01/2022,59.430000,59.840000,56.720000,56.720000
07/05/2022,61.030000,61.340000,58.400000,58.700000
07/06/2022,58.950000,59.440000,57.010000,57.760000
07/07/2022,57.470000,57.700000,54.310000,54.340000
07/08/2022,54.790000,54.960000,52.080000,52.320000
07/11/2022,55.120000,55.800000,54.120000,55.090000
07/12/2022,54.880000,56.430000,53.710000,55.520000
07/13/2022,57.300000,57.940000,54.900000,55.600000
07/14/2022,56.090000,57.350000,54.260000,54.280000
07/15/2022,52.950000,53.620000,51.580000,52.400000
07/18/2022,52.410000,53.630000,50.300000,53.080000
07/19/2022,51.790000,52.530000,50.990000,51.290000
07/20/2022,50.830000,50.940000,49.180000,49.660000
07/21/2022,49.790000,50.680000,47.560000,47.850000
07/22/2022,47.480000,49.690000,47.420000,48.900000
07/25/2022,50.210000,50.560000,49.040000,50.020000
07/26/2022,52.680000,54.140000,52.110000,54.140000
07/27/2022,51.990000,51.990000,47.710000,48.590000
07/28/2022,48.230000,51.670000,47.840000,49.150000
07/29/2022,38.680000,40.670000,37.130000,37.610000
08/01/2022,39.590000,39.840000,37.960000,38.840000
08/02/2022,40.110000,41.160000,38.640000,40.570000
08/03/2022,39.600000,39.800000,38.220000,38.550000
08/04/2022,38.790000,39.330000,38.390000,38.590000
08/05/2022,39.890000,39.890000,37.040000,37.050000
08/08/2022,37.680000,38.770000,36.680000,37.700000
08/09/2022,38.620000,39.310000,38.360000,38.520000
08/10/2022,36.210000,36.450000,35.050000,35.050000
08/11/2022,35.050000,36.820000,34.480000,36.240000
08/12/2022,35.690000,36.000000,34.280000,34.330000
08/15/2022,36.410000,36.640000,35.210000,35.410000
08/16/2022,35.780000,35.780000,34.750000,35.310000
08/17/2022,36.350000,36.650000,35.130000,35.860000
08/18/2022,36.210000,36.790000,34.820000,34.890000
08/19/2022,36.270000,37.260000,35.900000,36.390000
08/22/2022,39.820000,41.000000,39.540000,40.220000
08/23/2022,40.580000,40.760000,39.270000,40.340000
08/24/2022,41.020000,41.300000,39.100000,39.790000
08/25/2022,39.560000,39.860000,37.510000,37.550000
08/26/2022,38.170000,42.340000,37.600000,42.340000
08/29/2022,44.410000,44.550000,42.340000,42.760000
08/30/2022,42.350000,44.800000,42.200000,42.860000
08/31/2022,42.720000,43.660000,42.050000,43.400000
09/01/2022,44.040000,45.630000,42.930000,42.930000
09/02/2022,41.650000,43.760000,40.480000,42.940000
09/06/2022,44.110000,46.390000,44.070000,44.790000
09/07/2022,44.890000,44.940000,41.800000,41.950000
09/08/2022,43.250000,43.430000,40.970000,40.990000
09/09/2022,40.180000,40.180000,37.920000,37.970000
09/12/2022,38.610000,39.170000,38.350000,38.980000
09/13/2022,41.990000,45.550000,41.270000,44.830000
09/14/2022,44.370000,44.910000,42.980000,43.480000
09/15/2022,43.890000,44.590000,42.590000,43.730000
09/16/2022,46.370000,47.270000,45.180000,45.680000
09/19/2022,48.020000,48.020000,43.650000,43.740000
09/20/2022,45.040000,46.730000,44.330000,45.600000
09/21/2022,45.280000,46.270000,43.080000,46.260000
09/22/2022,47.020000,47.900000,46.000000,46.450000
09/23/2022,48.620000,50.720000,48.120000,49.170000
09/26/2022,53.400000,53.970000,51.830000,53.830000
09/27/2022,53.380000,56.690000,52.320000,55.550000
09/28/2022,56.600000,57.430000,54.000000,54.430000
09/29/2022,55.760000,58.010000,55.560000,56.710000
09/30/2022,57.280000,57.590000,54.600000,56.150000
10/03/2022,55.990000,56.860000,53.840000,54.450000
10/04/2022,52.810000,52.950000,52.000000,52.230000
10/05/2022,53.580000,54.230000,52.750000,53.310000
10/06/2022,53.580000,54.730000,52.920000,54.580000
10/07/2022,55.390000,57.240000,55.220000,56.570000
10/10/2022,57.650000,59.390000,57.500000,58.090000
10/11/2022,59.090000,59.810000,57.640000,59.170000
10/12/2022,59.650000,60.120000,59.120000,59.630000
10/13/2022,60.090000,60.910000,58.560000,59.020000
10/14/2022,58.390000,60.210000,57.980000,60.140000
10/17/2022,60.050000,60.050000,57.810000,57.880000
10/18/2022,56.860000,58.410000,56.360000,57.180000
10/19/2022,58.550000,59.200000,57.820000,58.150000
10/20/2022,58.070000,58.070000,55.540000,56.520000
10/21/2022,56.600000,57.120000,54.790000,54.830000
10/24/2022,55.360000,56.440000,54.460000,54.850000
10/25/2022,54.600000,54.850000,52.960000,53.230000
10/26/2022,54.890000,55.010000,52.850000,54.230000
10/27/2022,55.300000,63.190000,54.850000,63.060000
10/28/2022,54.750000,57.460000,44.620000,45.220000
10/31/2022,46.330000,46.710000,44.130000,44.130000
11/01/2022,44.050000,46.860000,43.330000,46.350000
11/02/2022,46.730000,47.690000,45.290000,47.480000
11/03/2022,47.630000,48.820000,46.740000,47.560000
11/04/2022,46.880000,47.440000,44.760000,45.570000
11/07/2022,46.970000,48.270000,46.090000,46.240000
11/08/2022,46.450000,48.610000,45.400000,47.190000
11/09/2022,47.660000,50.020000,47.660000,50.020000
11/10/2022,43.960000,46.220000,42.630000,45.840000
11/11/2022,45.980000,46.940000,44.630000,44.820000
11/14/2022,47.640000,48.020000,47.030000,47.860000
11/15/2022,46.520000,50.140000,46.410000,48.010000
11/16/2022,49.260000,49.750000,48.450000,48.680000
11/17/2022,49.790000,50.450000,48.030000,48.380000
11/18/2022,47.360000,48.620000,46.810000,47.020000
11/21/2022,48.160000,49.580000,46.670000,47.050000
11/22/2022,46.500000,47.210000,44.960000,44.960000
11/23/2022,45.360000,45.830000,43.600000,44.150000
11/25/2022,44.620000,44.970000,44.080000,44.550000
11/28/2022,45.800000,45.810000,44.860000,45.410000
11/29/2022,45.650000,46.990000,45.270000,45.280000
11/30/2022,45.570000,46.410000,41.610000,41.610000
12/01/2022,41.950000,42.610000,41.310000,41.470000
12/02/2022,42.610000,42.660000,40.130000,40.320000
12/05/2022,42.550000,43.340000,41.990000,42.810000
12/06/2022,42.790000,45.610000,42.790000,45.080000
12/07/2022,45.560000,46.800000,44.910000,46.090000
12/08/2022,45.710000,46.840000,43.680000,44.020000
12/09/2022,44.820000,45.120000,43.710000,44.670000
12/12/2022,46.780000,47.980000,46.580000,46.580000
12/13/2022,41.360000,44.710000,40.860000,43.300000
12/14/2022,43.660000,44.930000,41.840000,41.880000
12/15/2022,43.240000,44.550000,43.220000,43.770000
12/16/2022,44.650000,44.900000,43.030000,43.190000
12/19/2022,44.410000,44.970000,43.850000,44.710000
12/20/2022,45.230000,45.470000,43.440000,43.880000
12/21/2022,43.070000,43.590000,41.840000,42.050000
12/22/2022,42.830000,47.130000,42.830000,44.980000
12/23/2022,45.210000,45.860000,43.310000,43.830000
12/27/2022,46.460000,47.700000,46.430000,46.860000
12/28/2022,46.860000,47.870000,46.180000,47.680000
12/29/2022,48.380000,48.420000,47.040000,47.250000
12/30/2022,50.560000,50.560000,48.710000,48.900000
01/03/2023,55.320000,56.550000,55.030000,55.820000
01/04/2023,57.070000,58.520000,56.350000,56.540000
01/05/2023,57.220000,57.730000,56.730000,57.000000
01/06/2023,57.060000,57.650000,54.950000,55.110000
01/09/2023,55.650000,56.750000,55.150000,56.750000
01/10/2023,56.020000,56.350000,55.360000,55.360000
01/11/2023,54.510000,56.210000,54.510000,55.600000
01/12/2023,54.430000,55.620000,53.690000,53.690000
01/13/2023,54.540000,54.540000,52.100000,52.100000
01/17/2023,54.750000,55.250000,54.150000,54.380000
01/18/2023,53.850000,55.090000,53.560000,54.430000
01/19/2023,55.120000,55.600000,54.150000,54.360000
01/20/2023,53.960000,53.990000,51.540000,51.780000
01/23/2023,51.670000,52.230000,50.360000,51.020000
01/24/2023,51.310000,51.800000,50.420000,51.800000
01/25/2023,52.420000,54.130000,51.430000,51.640000
01/26/2023,51.200000,51.230000,49.680000,49.680000
01/27/2023,49.800000,50.550000,49.380000,50.550000
01/30/2023,52.280000,53.100000,52.120000,52.850000
01/31/2023,52.750000,52.920000,51.550000,51.590000
02/01/2023,51.830000,52.490000,44.850000,51.420000
02/02/2023,48.300000,55.650000,48.300000,52.760000
02/03/2023,40.090000,40.710000,38.360000,39.740000
02/06/2023,41.170000,41.850000,40.230000,40.650000
02/07/2023,41.120000,43.130000,40.310000,40.380000
02/08/2023,40.810000,43.010000,40.810000,42.110000
02/09/2023,41.650000,44.280000,41.650000,43.930000
02/10/2023,44.730000,45.000000,42.560000,42.790000
02/13/2023,44.530000,44.630000,42.990000,42.990000
02/14/2023,42.620000,42.910000,40.300000,40.420000
02/15/2023,41.130000,41.200000,38.410000,38.410000
02/16/2023,40.860000,41.420000,38.760000,40.850000
02/17/2023,41.880000,42.750000,40.150000,40.300000
02/21/2023,43.720000,43.800000,42.360000,42.710000
02/22/2023,42.520000,42.560000,41.180000,41.650000
02/23/2023,41.080000,42.410000,40.440000,40.710000
02/24/2023,41.920000,43.450000,41.380000,41.510000
02/27/2023,41.580000,41.610000,40.380000,40.760000
02/28/2023,41.060000,41.330000,38.900000,39.600000
03/01/2023,39.960000,41.460000,39.030000,40.530000
03/02/2023,41.040000,47.660000,39.450000,39.680000
03/03/2023,39.130000,39.130000,35.960000,36.770000
03/06/2023,37.500000,37.930000,36.410000,37.760000
03/07/2023,37.990000,38.250000,36.920000,37.720000
03/08/2023,37.810000,38.510000,36.860000,37.110000
03/09/2023,37.310000,40.490000,36.730000,40.350000
03/10/2023,40.540000,45.010000,40.150000,42.360000
03/13/2023,46.520000,48.250000,42.370000,44.030000
03/14/2023,40.990000,42.040000,39.140000,39.840000
03/15/2023,43.380000,52.010000,41.930000,45.330000
03/16/2023,43.130000,43.670000,39.380000,39.390000
03/17/2023,40.140000,42.870000,39.990000,41.640000
03/20/2023,43.120000,44.030000,41.170000,41.240000
03/21/2023,39.990000,40.240000,38.120000,38.440000
03/22/2023,38.540000,41.620000,31.440000,39.450000
03/23/2023,39.400000,42.870000,38.740000,41.810000
03/24/2023,43.820000,45.430000,42.600000,42.780000
03/27/2023,46.150000,46.700000,45.230000,46.050000
03/28/2023,47.160000,47.780000,46.480000,46.510000
03/29/2023,46.610000,46.900000,46.230000,46.450000
03/30/2023,45.840000,46.870000,45.830000,46.370000
03/31/2023,45.980000,46.150000,45.080000,45.190000
04/03/2023,46.860000,47.220000,45.870000,46.050000
04/04/2023,46.200000,47.180000,45.830000,46.940000
04/05/2023,47.270000,48.700000,47.210000,48.340000
04/06/2023,48.590000,48.790000,46.700000,46.740000
04/10/2023,48.540000,49.010000,47.630000,47.890000
04/11/2023,48.470000,48.710000,47.380000,47.930000
04/12/2023,47.180000,47.690000,46.190000,46.870000
04/13/2023,46.100000,46.100000,45.090000,45.480000
04/14/2023,46.030000,46.100000,44.960000,44.990000
04/17/2023,45.940000,45.940000,44.810000,44.840000
04/18/2023,44.620000,44.870000,44.130000,44.440000
04/19/2023,44.600000,45.020000,44.130000,44.140000
04/20/2023,44.680000,44.870000,43.700000,44.540000
04/21/2023,44.260000,44.750000,43.200000,43.230000
04/24/2023,43.710000,45.270000,42.220000,42.220000
04/25/2023,44.320000,46.930000,44.130000,46.760000
04/26/2023,45.720000,47.420000,44.930000,46.400000
04/27/2023,46.210000,49.270000,46.080000,47.970000
04/28/2023,36.800000,37.010000,33.150000,33.160000
05/01/2023,33.900000,34.290000,32.460000,33.250000
05/02/2023,33.500000,35.610000,33.500000,34.060000
05/03/2023,34.020000,36.830000,33.320000,35.150000
05/04/2023,35.470000,36.750000,35.060000,35.780000
05/05/2023,34.470000,34.770000,31.900000,31.900000
05/08/2023,33.410000,33.790000,32.320000,32.420000
05/09/2023,33.180000,33.390000,31.930000,31.930000
05/10/2023,30.250000,32.240000,30.100000,31.230000
05/11/2023,32.070000,33.060000,31.860000,32.030000
05/12/2023,32.050000,32.630000,31.560000,31.590000
05/15/2023,32.930000,33.770000,31.990000,32.280000
05/16/2023,32.850000,33.200000,32.200000,33.000000
05/17/2023,32.930000,33.370000,31.860000,31.970000
05/18/2023,31.750000,32.480000,31.160000,31.510000
05/19/2023,31.390000,32.280000,31.390000,31.510000
05/22/2023,31.660000,31.870000,31.180000,31.590000
05/23/2023,32.210000,33.020000,31.650000,32.770000
05/24/2023,33.700000,34.380000,33.360000,33.860000
05/25/2023,34.330000,35.080000,34.160000,34.520000
05/26/2023,34.000000,34.040000,31.950000,33.590000
05/30/2023,34.220000,35.680000,34.060000,34.080000
05/31/2023,34.530000,35.530000,33.780000,33.790000
06/01/2023,33.540000,33.710000,31.850000,31.940000
06/02/2023,31.740000,31.950000,30.290000,30.290000
06/05/2023,30.890000,31.240000,29.380000,30.060000
06/06/2023,30.150000,30.200000,28.570000,28.670000
06/07/2023,28.790000,32.360000,28.580000,31.870000
06/08/2023,31.870000,31.980000,30.200000,30.430000
06/09/2023,30.500000,31.260000,30.410000,30.810000
06/12/2023,31.870000,32.150000,31.030000,31.490000
06/13/2023,30.950000,31.740000,30.880000,31.080000
06/14/2023,31.420000,32.230000,28.350000,31.000000
06/15/2023,31.610000,32.170000,30.890000,31.100000
06/16/2023,31.350000,32.340000,30.160000,30.340000
06/20/2023,31.980000,32.030000,30.910000,31.000000
06/21/2023,30.830000,31.150000,30.240000,30.770000
06/22/2023,32.310000,33.930000,31.900000,33.630000
06/23/2023,35.290000,35.950000,34.570000,34.690000
06/26/2023,39.260000,39.530000,38.400000,39.210000
06/27/2023,40.190000,40.560000,39.470000,40.060000
06/28/2023,41.600000,41.770000,40.650000,41.050000
06/29/2023,41.080000,41.510000,40.450000,40.540000
06/30/2023,40.320000,40.320000,38.630000,38.670000
07/03/2023,39.940000,40.200000,39.070000,39.830000
07/05/2023,40.360000,40.570000,39.990000,40.330000
07/06/2023,40.750000,41.730000,40.750000,41.020000
07/07/2023,41.100000,41.140000,39.760000,40.070000
07/10/2023,41.140000,42.670000,41.140000,42.230000
07/11/2023,42.100000,42.300000,41.600000,41.670000
07/12/2023,41.240000,41.250000,40.460000,40.800000
07/13/2023,40.700000,41.490000,40.390000,41.270000
07/14/2023,41.440000,42.300000,41.200000,41.950000
07/17/2023,42.700000,43.000000,42.490000,43.000000
07/18/2023,43.100000,44.450000,43.100000,44.350000
07/19/2023,44.550000,45.300000,43.960000,44.210000
07/20/2023,44.030000,45.610000,43.990000,45.600000
07/21/2023,45.390000,45.690000,43.850000,43.880000
07/24/2023,43.950000,44.080000,42.900000,43.150000
07/25/2023,43.230000,43.600000,43.020000,43.580000
07/26/2023,42.920000,43.580000,42.140000,42.950000
07/27/2023,42.720000,42.950000,40.990000,42.810000
07/28/2023,42.240000,42.380000,40.840000,41.180000
07/31/2023,42.030000,42.380000,41.520000,41.870000
08/01/2023,42.010000,43.120000,41.880000,42.790000
08/02/2023,43.750000,46.030000,43.750000,45.450000
08/03/2023,46.440000,47.270000,43.840000,44.340000
08/04/2023,32.590000,32.590000,30.400000,32.190000
08/07/2023,32.490000,32.740000,31.180000,31.210000
08/08/2023,32.360000,34.060000,32.050000,32.270000
08/09/2023,32.130000,32.830000,31.490000,32.580000
08/10/2023,31.800000,32.240000,30.260000,31.270000
08/11/2023,31.880000,32.330000,29.930000,29.930000
08/14/2023,31.320000,31.650000,29.720000,29.750000
08/15/2023,30.340000,31.760000,30.060000,31.580000
08/16/2023,31.760000,32.250000,30.910000,32.250000
08/17/2023,31.980000,33.240000,31.900000,32.750000
08/18/2023,33.850000,34.010000,32.190000,32.440000
08/21/2023,33.210000,33.370000,31.180000,31.240000
08/22/2023,31.240000,32.100000,31.180000,31.700000
08/23/2023,31.810000,32.040000,30.510000,30.510000
08/24/2023,30.590000,32.350000,30.420000,32.250000
08/25/2023,32.010000,32.420000,29.560000,29.780000
08/28/2023,30.940000,31.980000,29.480000,31.980000
08/29/2023,29.480000,29.540000,28.040000,28.210000
08/30/2023,28.360000,28.670000,27.550000,27.550000
08/31/2023,27.640000,27.860000,26.790000,26.840000
09/01/2023,26.560000,27.090000,26.170000,26.170000
09/05/2023,28.190000,28.510000,27.470000,27.480000
09/06/2023,28.140000,28.750000,27.760000,28.190000
09/07/2023,29.200000,29.320000,27.770000,28.000000
09/08/2023,28.150000,28.400000,26.770000,27.040000
09/11/2023,27.610000,27.610000,26.440000,26.830000
09/12/2023,27.310000,27.620000,26.920000,27.270000
09/13/2023,27.300000,28.030000,26.580000,28.030000
09/14/2023,27.170000,29.090000,26.190000,29.090000
09/15/2023,26.920000,28.140000,26.840000,27.560000
09/18/2023,28.760000,28.790000,27.340000,27.520000
09/19/2023,28.260000,29.540000,28.120000,28.400000
09/20/2023,28.360000,29.440000,27.750000,29.300000
09/21/2023,31.570000,33.500000,31.540000,33.500000
09/22/2023,33.260000,33.820000,32.000000,33.710000
09/25/2023,36.800000,37.130000,35.690000,35.720000
09/26/2023,37.410000,41.600000,37.300000,40.390000
09/27/2023,40.880000,42.320000,40.230000,40.750000
09/28/2023,42.450000,42.810000,39.250000,39.880000
09/29/2023,39.520000,40.780000,38.530000,40.390000
10/02/2023,43.030000,43.070000,41.600000,42.000000
10/03/2023,43.470000,46.390000,43.360000,46.050000
10/04/2023,46.180000,46.180000,44.380000,44.380000
10/05/2023,44.950000,45.970000,44.620000,44.670000
10/06/2023,45.450000,45.590000,42.000000,42.470000
10/09/2023,44.330000,44.900000,42.420000,42.680000
10/10/2023,42.650000,42.770000,41.290000,41.460000
10/11/2023,41.330000,41.510000,40.730000,40.830000
10/12/2023,40.630000,42.000000,40.100000,41.230000
10/13/2023,41.050000,44.380000,41.050000,43.770000
10/16/2023,44.010000,44.010000,41.320000,41.320000
10/17/2023,42.910000,44.490000,41.800000,42.160000
10/18/2023,43.610000,45.050000,43.580000,44.840000
10/19/2023,43.070000,45.670000,42.470000,45.310000
10/20/2023,45.720000,47.380000,45.190000,47.090000
10/23/2023,47.720000,47.950000,43.700000,45.180000
10/24/2023,44.530000,44.870000,43.230000,44.090000
10/25/2023,44.950000,50.770000,44.950000,50.770000
10/26/2023,50.770000,50.770000,48.040000,49.860000
10/27/2023,36.200000,36.200000,33.630000,35.060000
10/30/2023,35.380000,35.530000,33.870000,33.910000
10/31/2023,34.080000,34.510000,32.650000,32.710000
11/01/2023,32.550000,32.630000,30.150000,30.180000
11/02/2023,29.520000,29.620000,28.490000,29.160000
11/03/2023,28.230000,28.230000,27.140000,27.170000
11/06/2023,28.070000,28.230000,27.080000,27.080000
11/07/2023,27.210000,27.710000,26.660000,27.530000
11/08/2023,27.760000,27.980000,27.080000,27.080000
11/09/2023,27.350000,28.340000,27.290000,27.880000
11/10/2023,27.990000,28.220000,27.060000,27.090000
11/13/2023,28.860000,29.140000,28.020000,28.210000
11/14/2023,27.290000,27.690000,27.100000,27.320000
11/15/2023,27.540000,28.900000,27.360000,28.850000
11/16/2023,29.530000,29.730000,28.760000,29.190000
11/17/2023,28.730000,28.970000,27.630000,27.760000
11/20/2023,28.140000,28.140000,26.180000,26.180000
11/21/2023,27.070000,28.070000,26.940000,26.990000
11/22/2023,26.630000,26.770000,25.820000,25.850000
11/24/2023,26.410000,26.570000,25.560000,25.560000
11/27/2023,26.400000,26.720000,25.700000,25.950000
11/28/2023,26.170000,26.170000,25.070000,25.130000
11/29/2023,25.060000,25.340000,24.690000,25.210000
11/30/2023,25.460000,25.610000,24.980000,25.020000
12/01/2023,25.330000,25.400000,24.420000,24.520000
12/04/2023,26.080000,26.960000,26.040000,26.250000
12/05/2023,26.650000,27.120000,26.410000,26.410000
12/06/2023,26.610000,26.980000,26.360000,26.530000
12/07/2023,26.530000,26.870000,26.150000,26.210000
12/08/2023,26.450000,26.520000,25.120000,25.150000
12/11/2023,27.200000,27.590000,26.040000,26.090000
12/12/2023,26.240000,26.240000,24.700000,24.700000
12/13/2023,25.250000,26.040000,24.930000,24.930000
12/14/2023,25.120000,26.590000,25.050000,26.070000
12/15/2023,25.980000,25.980000,25.220000,25.510000
12/18/2023,26.190000,26.590000,25.580000,25.690000
12/19/2023,25.780000,26.070000,25.700000,25.890000
12/20/2023,26.030000,27.080000,25.570000,26.890000
12/21/2023,26.870000,27.590000,26.520000,26.570000
12/22/2023,26.690000,26.840000,26.250000,26.260000
12/26/2023,28.100000,28.160000,26.460000,26.880000
12/27/2023,26.560000,26.680000,26.240000,26.360000
12/28/2023,27.700000,27.820000,27.310000,27.740000
12/29/2023,29.160000,29.480000,28.520000,29.100000
01/02/2024,35.860000,36.360000,35.050000,35.440000
01/03/2024,36.990000,37.300000,35.470000,36.660000
01/04/2024,35.910000,39.290000,35.860000,37.170000
01/05/2024,37.230000,37.290000,34.760000,36.360000
01/08/2024,37.020000,37.380000,36.300000,36.300000
01/09/2024,37.100000,37.220000,36.060000,36.300000
01/10/2024,36.650000,36.780000,36.210000,36.210000
01/11/2024,36.180000,36.710000,36.120000,36.290000
01/12/2024,36.430000,36.460000,35.940000,36.030000
01/16/2024,37.400000,37.590000,36.740000,37.160000
01/17/2024,38.070000,38.490000,37.900000,37.930000
01/18/2024,37.610000,37.900000,37.310000,37.310000
01/19/2024,37.480000,37.900000,36.370000,36.370000
01/22/2024,36.990000,37.420000,36.970000,37.420000
01/23/2024,36.740000,37.260000,36.730000,36.840000
01/24/2024,36.510000,37.470000,36.410000,37.430000
01/25/2024,37.420000,38.030000,37.390000,37.610000
01/26/2024,37.730000,38.090000,37.420000,37.720000
01/29/2024,38.230000,38.240000,37.670000,37.970000
01/30/2024,38.050000,40.630000,38.050000,40.630000
01/31/2024,39.760000,41.150000,39.220000,39.640000
02/01/2024,39.550000,39.880000,38.140000,38.140000
02/02/2024,27.210000,27.210000,25.970000,26.160000
02/05/2024,27.080000,27.190000,26.270000,26.580000
02/06/2024,26.470000,26.730000,25.410000,25.690000
02/07/2024,25.720000,25.820000,25.000000,25.040000
02/08/2024,25.220000,25.760000,25.190000,25.510000
02/09/2024,25.810000,26.910000,25.430000,26.030000
02/12/2024,27.170000,27.410000,26.870000,27.300000
02/13/2024,28.370000,29.370000,28.020000,28.770000
02/14/2024,28.610000,28.690000,27.230000,27.250000
02/15/2024,27.310000,28.480000,27.300000,27.720000
02/16/2024,28.210000,28.800000,27.970000,28.350000
02/20/2024,29.680000,29.980000,28.740000,29.190000
02/21/2024,29.530000,29.940000,29.280000,29.480000
02/22/2024,28.660000,28.660000,27.830000,28.290000
02/23/2024,28.130000,28.320000,27.080000,27.180000
02/26/2024,28.040000,28.300000,27.980000,28.030000
02/27/2024,28.110000,28.190000,27.040000,27.040000
02/28/2024,27.260000,27.360000,26.780000,26.930000
02/29/2024,26.810000,26.890000,25.560000,25.560000
03/01/2024,26.000000,26.070000,25.240000,25.530000
03/04/2024,26.320000,26.510000,26.070000,26.220000
03/05/2024,26.400000,27.650000,26.180000,27.530000
03/06/2024,26.910000,27.780000,26.800000,27.650000
03/07/2024,27.390000,27.580000,27.170000,27.580000
03/08/2024,27.230000,27.970000,26.690000,27.010000
03/11/2024,28.230000,28.990000,27.700000,27.760000
03/12/2024,26.940000,27.540000,26.000000,27.130000
03/13/2024,26.150000,26.430000,26.000000,26.080000
03/14/2024,26.180000,26.440000,25.860000,26.260000
03/15/2024,26.410000,27.590000,26.410000,26.940000
03/18/2024,27.490000,27.490000,26.490000,26.780000
03/19/2024,26.860000,26.880000,25.390000,25.650000
03/20/2024,25.040000,28.670000,24.420000,24.440000
03/21/2024,25.460000,26.710000,25.410000,26.710000
03/22/2024,28.070000,28.440000,27.940000,28.090000
03/25/2024,33.120000,33.380000,32.650000,33.250000
03/26/2024,34.010000,34.950000,33.950000,34.820000
03/27/2024,35.790000,36.850000,35.480000,35.540000
03/28/2024,36.110000,36.260000,34.840000,35.550000
04/01/2024,38.410000,39.520000,37.040000,37.550000
04/02/2024,38.210000,39.490000,37.720000,38.700000
04/03/2024,39.110000,39.410000,37.520000,38.220000
04/04/2024,38.100000,42.990000,37.540000,39.370000
04/05/2024,39.300000,39.720000,38.630000,39.440000
04/08/2024,40.330000,40.330000,38.940000,39.380000
04/09/2024,39.260000,40.310000,39.080000,39.200000
04/10/2024,39.620000,43.550000,39.380000,39.830000
04/11/2024,40.100000,40.180000,38.950000,39.390000
04/12/2024,39.850000,41.850000,39.850000,41.390000
04/15/2024,41.530000,42.400000,40.880000,41.910000
04/16/2024,41.860000,42.250000,41.090000,41.490000
04/17/2024,41.370000,42.800000,41.310000,42.090000
04/18/2024,42.100000,42.560000,41.440000,42.270000
04/19/2024,42.640000,43.660000,42.300000,43.480000
04/22/2024,42.710000,42.770000,41.240000,42.060000
04/23/2024,41.660000,42.540000,41.080000,41.080000
04/24/2024,41.330000,42.480000,41.250000,42.470000
04/25/2024,44.320000,45.730000,43.910000,44.760000
04/26/2024,43.070000,43.740000,42.120000,42.520000
04/29/2024,42.510000,44.990000,42.430000,44.180000
04/30/2024,44.100000,47.940000,43.600000,47.850000
05/01/2024,30.270000,31.830000,27.200000,28.530000
05/02/2024,28.070000,28.460000,26.510000,26.610000
05/03/2024,26.190000,26.190000,24.800000,24.800000
05/06/2024,25.390000,25.660000,24.460000,24.590000
05/07/2024,24.660000,24.670000,23.760000,24.040000
05/08/2024,24.450000,24.740000,24.100000,24.100000
05/09/2024,24.120000,24.480000,23.590000,23.590000
05/10/2024,23.860000,24.020000,23.370000,23.380000
05/13/2024,24.190000,24.750000,24.150000,24.430000
05/14/2024,24.990000,25.260000,24.450000,24.690000
05/15/2024,24.290000,25.990000,24.170000,25.380000
05/16/2024,25.660000,25.720000,24.740000,25.270000
05/17/2024,25.190000,25.260000,23.740000,24.140000
05/20/2024,24.730000,24.860000,24.130000,24.570000
05/21/2024,24.990000,25.290000,24.150000,24.190000
05/22/2024,24.120000,24.560000,23.580000,24.450000
05/23/2024,23.740000,25.060000,23.460000,24.770000
05/24/2024,24.690000,24.720000,23.090000,23.570000
05/28/2024,24.700000,25.090000,24.310000,24.610000
05/29/2024,25.390000,25.510000,24.970000,25.430000
05/30/2024,25.610000,26.520000,25.610000,26.240000
05/31/2024,26.020000,27.140000,25.880000,26.110000
06/03/2024,26.420000,26.920000,25.090000,25.770000
06/04/2024,25.920000,26.720000,25.630000,25.760000
06/05/2024,25.560000,25.750000,24.440000,24.480000
06/06/2024,24.600000,24.740000,24.270000,24.530000
06/07/2024,24.740000,24.770000,23.580000,23.780000
06/10/2024,24.720000,24.830000,23.710000,23.760000
06/11/2024,23.890000,24.420000,23.710000,23.710000
06/12/2024,23.410000,27.940000,23.370000,24.020000
06/13/2024,24.200000,25.680000,24.200000,25.310000
06/14/2024,25.920000,27.150000,25.530000,25.540000
06/17/2024,26.780000,26.970000,26.110000,26.250000
06/18/2024,26.490000,29.890000,26.440000,29.890000
06/20/2024,27.970000,28.000000,27.430000,27.600000
06/21/2024,28.330000,29.790000,27.090000,27.090000
06/24/2024,30.090000,31.190000,29.610000,30.500000
06/25/2024,31.000000,31.370000,30.150000,30.750000
06/26/2024,31.450000,32.340000,30.730000,31.410000
06/27/2024,32.770000,34.110000,32.210000,33.810000
06/28/2024,34.870000,37.230000,34.520000,36.710000
07/01/2024,40.770000,40.990000,38.870000,39.120000
07/02/2024,40.100000,41.140000,39.840000,39.950000
07/03/2024,41.040000,41.270000,39.690000,40.570000
07/05/2024,40.830000,40.960000,38.930000,39.200000
07/08/2024,39.930000,40.900000,39.930000,40.350000
07/09/2024,40.350000,40.480000,39.750000,39.940000
07/10/2024,39.940000,40.830000,39.920000,40.310000
07/11/2024,40.290000,41.420000,40.010000,40.800000
07/12/2024,41.060000,41.650000,40.030000,40.500000
07/15/2024,41.330000,42.940000,41.210000,41.380000
07/16/2024,41.260000,41.800000,41.260000,41.530000
07/17/2024,42.180000,45.650000,42.180000,45.030000
07/18/2024,44.570000,46.700000,44.160000,45.820000
07/19/2024,46.210000,46.700000,44.380000,44.850000
07/22/2024,44.980000,44.980000,42.940000,43.280000
07/23/2024,43.030000,43.100000,41.390000,42.850000
07/24/2024,42.750000,45.110000,42.740000,45.020000
07/25/2024,44.750000,46.920000,44.380000,45.950000
07/26/2024,45.560000,45.700000,44.430000,45.040000
07/29/2024,45.390000,45.520000,44.300000,44.720000
07/30/2024,44.360000,46.520000,44.230000,45.700000
07/31/2024,44.460000,47.340000,42.300000,43.360000
08/01/2024,42.460000,47.510000,41.460000,46.730000
08/02/2024,37.130000,43.510000,37.130000,39.270000
08/05/2024,58.100000,58.100000,43.530000,48.170000
08/06/2024,46.210000,46.210000,37.630000,39.690000
08/07/2024,35.860000,41.540000,34.180000,38.570000
08/08/2024,37.230000,37.510000,34.380000,34.930000
08/09/2024,35.360000,35.640000,33.350000,33.550000
08/12/2024,33.930000,34.440000,32.600000,33.290000
08/13/2024,32.620000,32.620000,31.190000,31.190000
08/14/2024,30.490000,31.360000,30.390000,30.680000
08/15/2024,29.170000,29.550000,28.520000,29.550000
08/16/2024,29.470000,29.470000,28.040000,28.290000
08/19/2024,29.180000,29.220000,27.230000,27.400000
08/20/2024,27.690000,27.990000,27.360000,27.800000
08/21/2024,27.840000,28.880000,27.680000,28.380000
08/22/2024,28.250000,30.710000,28.050000,30.590000
08/23/2024,29.870000,30.100000,28.410000,28.520000
08/26/2024,29.400000,29.790000,29.010000,29.210000
08/27/2024,29.770000,30.500000,29.170000,29.670000
08/28/2024,29.710000,31.960000,29.650000,30.690000
08/29/2024,29.590000,29.900000,28.490000,29.030000
08/30/2024,28.610000,28.610000,26.830000,27.320000
09/03/2024,29.000000,31.700000,28.760000,31.350000
09/04/2024,32.250000,32.840000,30.520000,32.100000
09/05/2024,31.740000,32.090000,30.700000,31.380000
09/06/2024,31.000000,34.670000,30.770000,34.530000
09/09/2024,34.410000,34.410000,31.500000,31.610000
09/10/2024,31.140000,32.610000,30.880000,31.470000
09/11/2024,31.250000,33.960000,29.670000,29.760000
09/12/2024,29.760000,30.230000,29.040000,29.080000
09/13/2024,29.310000,29.460000,28.350000,28.470000
09/16/2024,30.170000,30.850000,29.320000,29.490000
09/17/2024,29.130000,30.130000,28.910000,29.170000
09/18/2024,29.440000,34.350000,28.240000,29.290000
09/19/2024,27.930000,28.080000,27.200000,27.370000
09/20/2024,27.530000,27.890000,26.370000,26.370000
09/23/2024,27.900000,28.410000,26.870000,27.010000
09/24/2024,27.280000,28.460000,26.800000,26.800000
09/25/2024,27.080000,27.980000,26.590000,27.980000
09/26/2024,28.700000,30.630000,28.660000,30.430000
09/27/2024,31.650000,32.480000,31.370000,32.410000
09/30/2024,36.860000,37.310000,36.580000,36.760000
10/01/2024,37.980000,39.620000,37.900000,38.410000
10/02/2024,39.690000,39.920000,39.330000,39.500000
10/03/2024,40.580000,41.270000,39.730000,40.710000
10/04/2024,39.540000,40.430000,39.170000,39.170000
10/07/2024,41.450000,42.680000,41.450000,42.360000
10/08/2024,42.150000,42.280000,40.800000,40.810000
10/09/2024,41.030000,41.130000,39.670000,39.910000
10/10/2024,40.020000,40.100000,39.470000,39.520000
10/11/2024,39.540000,39.670000,38.640000,38.780000
10/14/2024,39.270000,39.370000,38.120000,38.810000
10/15/2024,38.690000,39.730000,38.640000,39.300000
10/16/2024,39.450000,39.700000,39.020000,39.170000
10/17/2024,38.900000,39.120000,38.180000,38.250000
10/18/2024,38.580000,39.020000,37.790000,37.900000
10/21/2024,38.680000,39.070000,38.090000,38.320000
10/22/2024,38.770000,39.910000,38.770000,39.460000
10/23/2024,39.740000,41.850000,39.740000,41.570000
10/24/2024,41.390000,41.750000,40.820000,40.840000
10/25/2024,40.370000,41.110000,39.500000,41.070000
10/28/2024,40.650000,41.030000,40.190000,40.970000
10/29/2024,41.120000,41.250000,40.330000,40.400000
10/30/2024,40.190000,40.760000,39.810000,40.730000
10/31/2024,41.300000,44.480000,41.270000,44.450000
11/01/2024,32.950000,32.950000,29.390000,29.420000
11/04/2024,30.800000,31.050000,29.070000,29.340000
11/05/2024,29.360000,29.360000,28.260000,28.530000
11/06/2024,26.350000,28.080000,26.030000,27.090000
11/07/2024,26.840000,27.490000,25.770000,26.080000
11/08/2024,25.810000,25.880000,24.730000,25.090000
11/11/2024,26.030000,26.630000,25.820000,26.460000
11/12/2024,26.660000,27.190000,26.460000,26.710000
11/13/2024,26.750000,27.020000,26.110000,26.580000
11/14/2024,26.810000,26.970000,26.300000,26.710000
11/15/2024,27.400000,31.790000,27.310000,30.810000
11/18/2024,31.060000,31.120000,29.730000,30.540000
11/19/2024,31.840000,31.940000,29.230000,29.530000
11/20/2024,29.920000,32.340000,29.900000,30.840000
11/21/2024,30.680000,33.680000,30.680000,32.140000
11/22/2024,32.010000,32.200000,30.560000,30.820000
11/25/2024,30.250000,30.250000,28.810000,28.940000
11/26/2024,28.760000,28.780000,27.400000,27.610000
11/27/2024,27.700000,27.960000,27.180000,27.280000
11/29/2024,27.780000,27.800000,26.640000,27.060000
12/02/2024,27.600000,27.600000,25.240000,26.730000
12/03/2024,26.810000,26.820000,25.650000,25.650000
12/04/2024,25.080000,26.730000,25.030000,25.930000
12/05/2024,26.100000,26.200000,25.510000,25.880000
12/06/2024,25.880000,26.130000,25.360000,25.910000
12/09/2024,27.220000,28.650000,27.220000,27.680000
12/10/2024,28.270000,28.270000,27.520000,27.670000
12/11/2024,27.440000,28.140000,27.230000,27.280000
12/12/2024,27.690000,28.160000,27.330000,27.450000
12/13/2024,27.370000,27.780000,27.190000,27.650000
12/16/2024,28.740000,29.200000,28.550000,28.630000
12/17/2024,29.090000,29.810000,29.090000,29.520000
12/18/2024,29.870000,34.680000,28.910000,34.320000
12/19/2024,32.330000,35.470000,31.960000,35.320000
12/20/2024,36.690000,36.690000,30.690000,31.010000
12/23/2024,31.740000,32.270000,29.060000,29.390000
12/24/2024,29.290000,29.290000,26.460000,26.460000
12/26/2024,28.220000,28.640000,27.720000,28.360000
12/27/2024,29.920000,31.540000,29.720000,30.200000
12/30/2024,33.470000,34.590000,32.220000,32.660000
12/31/2024,32.980000,34.240000,32.790000,33.810000
01/02/2025,34.950000,36.390000,33.760000,35.130000
01/03/2025,34.700000,35.330000,34.120000,34.460000
01/06/2025,37.230000,37.230000,36.510000,36.850000
01/07/2025,37.360000,39.250000,37.360000,39.050000
01/08/2025,39.920000,40.270000,36.850000,39.190000
01/10/2025,39.590000,41.420000,39.550000,40.020000
01/13/2025,41.810000,42.070000,40.270000,40.360000
01/14/2025,40.020000,40.670000,39.510000,40.290000
01/15/2025,38.840000,38.840000,37.730000,37.800000
01/16/2025,37.730000,38.300000,37.440000,38.300000
01/17/2025,37.070000,37.520000,36.700000,36.970000
01/21/2025,36.640000,37.090000,36.310000,36.840000
01/22/2025,36.500000,37.590000,36.120000,37.400000
01/23/2025,37.770000,37.990000,36.990000,37.300000
01/24/2025,37.430000,37.820000,37.070000,37.200000
01/27/2025,40.700000,41.300000,38.350000,39.340000
01/28/2025,39.050000,39.630000,38.810000,39.380000
01/29/2025,39.580000,45.460000,39.560000,40.430000
01/30/2025,39.640000,41.110000,39.150000,39.650000
01/31/2025,39.500000,39.900000,38.740000,39.650000
02/03/2025,41.690000,42.330000,40.360000,40.630000
02/04/2025,40.350000,40.350000,39.480000,39.690000
02/05/2025,40.260000,40.880000,40.060000,40.490000
02/06/2025,40.360000,40.690000,38.450000,38.550000
02/07/2025,28.530000,28.530000,27.050000,28.180000
02/10/2025,28.640000,28.640000,26.650000,26.660000
02/11/2025,27.110000,27.320000,26.480000,26.490000
02/12/2025,27.420000,27.890000,26.500000,27.240000
02/13/2025,27.440000,27.770000,26.360000,26.450000
02/14/2025,26.830000,27.420000,26.110000,26.450000
02/18/2025,28.000000,28.820000,27.840000,27.840000
02/19/2025,28.470000,28.690000,27.250000,27.520000
02/20/2025,28.090000,29.010000,27.660000,27.680000
02/21/2025,27.790000,30.880000,27.790000,30.080000
02/24/2025,30.120000,32.250000,29.400000,31.840000
02/25/2025,32.380000,35.040000,31.740000,33.600000
02/26/2025,33.020000,33.020000,31.100000,32.270000
02/27/2025,30.700000,35.300000,30.650000,35.270000
02/28/2025,35.540000,36.290000,32.810000,33.060000
03/03/2025,33.460000,38.230000,32.540000,36.650000
03/04/2025,39.140000,41.970000,35.730000,37.920000
03/05/2025,37.940000,38.360000,34.370000,35.030000
03/06/2025,37.430000,40.150000,36.430000,39.380000
03/07/2025,39.370000,42.380000,37.820000,38.420000
03/10/2025,42.020000,44.750000,41.570000,43.800000
03/11/2025,43.950000,44.750000,40.750000,42.130000
03/12/2025,39.900000,42.140000,38.380000,38.380000
03/13/2025,39.370000,41.850000,38.800000,40.730000
03/14/2025,38.250000,38.940000,35.890000,35.980000
03/17/2025,37.030000,37.300000,35.030000,36.070000
03/18/2025,37.810000,39.340000,36.960000,36.970000
03/19/2025,37.100000,37.100000,33.590000,34.200000
03/20/2025,35.670000,35.810000,33.120000,34.360000
03/21/2025,35.220000,35.280000,32.550000,32.550000
03/24/2025,31.460000,31.850000,30.310000,31.040000
03/25/2025,30.830000,30.830000,29.970000,30.570000
03/26/2025,29.650000,32.530000,29.620000,32.100000
03/27/2025,32.720000,33.500000,31.880000,33.160000
03/28/2025,34.790000,37.960000,34.580000,37.570000
03/31/2025,43.800000,44.980000,41.090000,41.090000
04/01/2025,43.040000,43.330000,41.240000,41.990000
04/02/2025,44.720000,44.810000,42.390000,43.240000
04/03/2025,49.750000,51.860000,48.140000,51.250000
04/04/2025,57.480000,64.300000,57.480000,64.300000
04/07/2025,71.280000,73.100000,58.020000,64.950000
04/08/2025,55.630000,70.990000,54.370000,68.330000
04/09/2025,66.860000,70.160000,49.910000,50.050000
04/10/2025,53.220000,68.370000,53.220000,61.980000
04/11/2025,62.870000,64.690000,56.780000,57.340000
04/14/2025,53.560000,57.610000,52.470000,53.430000
04/15/2025,54.400000,54.400000,49.620000,50.560000
04/16/2025,53.020000,56.840000,49.990000,53.900000
04/17/2025,52.590000,53.150000,50.800000,51.430000
04/21/2025,54.070000,55.680000,53.440000,53.710000
04/22/2025,52.230000,52.520000,49.730000,50.660000
04/23/2025,46.620000,50.060000,46.350000,49.680000
04/24/2025,49.530000,49.530000,46.870000,47.250000
04/25/2025,46.920000,46.920000,44.670000,45.150000
04/28/2025,45.650000,47.130000,44.570000,45.580000
04/29/2025,47.610000,47.890000,44.480000,44.740000
04/30/2025,47.590000,50.550000,45.910000,46.780000
05/01/2025,43.950000,46.340000,43.750000,45.260000
05/02/2025,35.250000,36.560000,34.340000,34.910000
05/05/2025,37.360000,37.780000,35.440000,35.910000
05/06/2025,37.330000,37.330000,35.410000,36.770000
05/07/2025,37.260000,37.660000,35.420000,35.970000
05/08/2025,35.000000,36.250000,34.030000,35.430000
05/09/2025,34.380000,35.310000,33.700000,34.650000
05/12/2025,30.360000,31.650000,29.680000,30.600000
05/13/2025,30.380000,30.640000,29.550000,30.500000
05/14/2025,30.550000,32.200000,30.200000,31.880000
05/15/2025,33.420000,33.420000,31.930000,31.940000
05/16/2025,31.960000,32.060000,30.570000,30.570000
05/19/2025,31.980000,32.080000,31.160000,31.610000
05/20/2025,32.000000,33.030000,31.750000,32.170000
05/21/2025,33.420000,34.710000,32.020000,33.910000
05/22/2025,34.200000,34.720000,32.710000,33.520000
05/23/2025,36.880000,37.210000,34.030000,35.290000
05/27/2025,34.110000,34.700000,32.230000,32.250000
05/28/2025,32.320000,32.830000,31.710000,32.620000
05/29/2025,31.770000,33.180000,31.590000,31.860000
05/30/2025,32.480000,34.450000,31.380000,31.790000
06/02/2025,32.810000,33.300000,30.560000,30.560000
06/03/2025,30.220000,30.900000,28.770000,30.610000
06/04/2025,30.510000,30.990000,30.170000,30.380000
06/05/2025,30.060000,31.820000,29.900000,31.470000
06/06/2025,30.400000,30.400000,29.150000,29.540000
06/09/2025,30.690000,31.010000,29.430000,29.760000
06/10/2025,29.890000,30.350000,29.350000,29.380000
06/11/2025,28.900000,30.170000,28.410000,29.890000
06/12/2025,30.430000,30.440000,29.200000,29.540000
06/13/2025,31.380000,31.600000,29.250000,31.030000
06/16/2025,30.860000,30.960000,29.140000,29.550000
06/17/2025,30.230000,31.460000,29.430000,30.830000
06/18/2025,30.310000,34.440000,29.050000,30.740000
06/20/2025,30.250000,32.040000,29.740000,31.330000
06/23/2025,32.500000,32.690000,29.720000,30.140000
06/24/2025,28.560000,28.970000,27.590000,28.080000
06/25/2025,27.080000,28.680000,26.950000,28.200000
06/26/2025,28.800000,29.720000,28.720000,29.720000
06/27/2025,30.430000,31.380000,30.320000,30.870000
06/30/2025,35.060000,35.690000,34.480000,35.640000
07/01/2025,36.570000,37.600000,36.480000,37.080000
07/02/2025,38.540000,38.740000,37.550000,37.990000
07/03/2025,37.290000,37.600000,37.030000,37.080000
07/07/2025,38.380000,39.250000,38.380000,39.080000
07/08/2025,38.970000,39.590000,38.290000,39.210000
07/09/2025,38.720000,38.740000,37.210000,37.400000
07/10/2025,37.420000,38.240000,37.330000,37.670000
07/11/2025,37.670000,38.370000,37.040000,37.080000
07/14/2025,38.170000,38.230000,36.800000,36.800000
07/15/2025,36.520000,37.180000,36.410000,36.970000
07/16/2025,37.090000,38.440000,36.420000,36.890000
07/17/2025,36.940000,36.990000,35.900000,36.530000
07/18/2025,36.500000,36.980000,35.640000,35.750000
07/21/2025,36.170000,36.170000,34.600000,34.990000
07/22/2025,35.190000,36.080000,35.170000,36.040000
07/23/2025,35.630000,35.910000,35.310000,35.710000
07/24/2025,35.510000,35.860000,34.080000,34.730000
07/25/2025,34.680000,34.680000,33.020000,33.820000
07/28/2025,33.680000,34.570000,33.230000,34.490000
07/29/2025,34.360000,35.260000,34.220000,35.050000
07/30/2025,35.160000,35.720000,32.240000,35.300000
07/31/2025,34.680000,37.560000,34.340000,37.560000
08/01/2025,29.330000,33.330000,28.770000,31.300000
08/04/2025,30.190000,31.040000,28.730000,28.770000
08/05/2025,28.910000,29.020000,27.860000,28.470000
08/06/2025,28.330000,28.330000,27.110000,27.480000
08/07/2025,27.130000,28.360000,26.950000,27.120000
08/08/2025,26.890000,26.940000,25.970000,25.970000
08/11/2025,26.930000,27.160000,26.440000,26.700000
08/12/2025,26.170000,27.080000,25.390000,25.790000
08/13/2025,25.470000,26.180000,25.190000,25.600000
08/14/2025,25.940000,26.510000,25.700000,25.950000
08/15/2025,25.940000,26.500000,25.850000,26.160000
08/18/2025,26.980000,27.290000,25.980000,26.030000
08/19/2025,26.370000,27.300000,26.270000,26.830000
08/20/2025,27.190000,29.900000,27.120000,28.040000
08/21/2025,29.000000,29.310000,28.150000,28.610000
08/22/2025,28.460000,28.720000,25.920000,26.130000
08/25/2025,27.260000,27.340000,25.990000,26.460000
08/26/2025,26.910000,27.210000,26.070000,26.170000
08/27/2025,26.410000,26.970000,26.090000,26.580000
08/28/2025,26.070000,26.400000,25.240000,25.280000
08/29/2025,25.660000,26.680000,25.470000,25.790000
09/02/2025,29.430000,30.050000,27.700000,27.990000
09/03/2025,28.240000,28.550000,27.250000,27.550000
09/04/2025,27.660000,28.250000,26.420000,26.420000
09/05/2025,26.800000,27.910000,26.150000,26.530000
09/08/2025,27.130000,27.520000,26.570000,27.020000
09/09/2025,27.340000,27.370000,26.650000,26.830000
09/10/2025,27.240000,28.700000,27.180000,28.290000
09/11/2025,28.130000,28.220000,27.380000,27.380000
09/12/2025,27.980000,28.570000,27.560000,27.990000
09/15/2025,28.540000,29.290000,28.460000,28.840000
09/16/2025,28.880000,29.530000,28.670000,28.680000
09/17/2025,28.930000,29.890000,28.500000,28.600000
09/18/2025,28.750000,29.220000,28.370000,29.080000
09/19/2025,28.990000,29.400000,28.400000,29.170000
09/22/2025,30.120000,30.470000,29.610000,30.210000
09/23/2025,30.480000,33.350000,30.480000,33.280000
09/24/2025,31.870000,33.860000,31.600000,33.450000
09/25/2025,34.460000,35.420000,33.820000,34.960000
09/26/2025,35.350000,35.460000,33.550000,34.460000
09/29/2025,37.910000,37.940000,36.760000,36.940000
09/30/2025,37.470000,38.850000,37.440000,38.300000
10/01/2025,39.300000,41.990000,38.700000,39.120000
10/02/2025,39.010000,39.870000,38.890000,39.290000
10/03/2025,39.050000,40.270000,38.440000,40.140000
10/06/2025,41.280000,43.280000,41.000000,42.420000
10/07/2025,42.640000,43.110000,41.920000,41.940000
10/08/2025,42.230000,42.630000,41.890000,42.420000
10/09/2025,42.440000,43.870000,42.360000,42.720000
10/10/2025,42.510000,47.840000,41.010000,47.840000
10/13/2025,46.520000,47.490000,44.890000,45.020000
10/14/2025,47.050000,49.150000,45.460000,46.200000
10/15/2025,45.930000,48.820000,44.750000,46.700000
10/16/2025,46.250000,49.370000,45.910000,48.890000
10/17/2025,48.700000,49.460000,47.110000,47.320000
10/20/2025,47.250000,47.250000,45.170000,45.670000
10/21/2025,45.340000,46.360000,43.890000,44.390000
10/22/2025,45.180000,46.050000,44.730000,44.910000
10/23/2025,44.820000,44.820000,42.620000,42.630000
10/24/2025,42.010000,42.220000,40.790000,42.220000
10/27/2025,41.240000,42.220000,40.700000,41.230000
10/28/2025,41.190000,43.290000,41.180000,43.130000
10/29/2025,42.810000,44.780000,42.550000,43.850000
10/30/2025,43.640000,46.170000,43.640000,46.170000
10/31/2025,32.660000,34.490000,32.030000,34.490000
11/03/2025,34.050000,34.750000,33.090000,33.390000
11/04/2025,34.680000,34.990000,33.040000,34.240000
11/05/2025,34.060000,34.150000,32.220000,32.530000
11/06/2025,32.960000,35.050000,32.870000,34.800000
11/07/2025,35.480000,35.860000,33.710000,33.710000
11/10/2025,33.550000,33.880000,32.980000,33.060000
11/11/2025,33.180000,33.180000,32.060000,32.180000
11/12/2025,32.160000,33.820000,31.990000,32.720000
11/13/2025,33.310000,36.050000,32.610000,35.460000
11/14/2025,37.240000,38.140000,34.290000,35.740000
11/17/2025,37.450000,37.950000,36.070000,37.480000
11/18/2025,38.870000,41.360000,38.430000,40.530000
11/19/2025,40.150000,40.930000,39.000000,39.210000
11/20/2025,36.150000,42.030000,34.610000,41.790000
11/21/2025,41.190000,41.760000,37.460000,38.070000
11/24/2025,36.240000,36.650000,34.490000,34.820000
11/25/2025,35.070000,36.120000,33.360000,33.370000
11/26/2025,33.070000,33.360000,31.920000,32.680000
11/28/2025,32.360000,33.040000,30.980000,30.990000
12/01/2025,32.550000,33.140000,31.670000,32.400000
12/02/2025,31.690000,32.220000,31.370000,31.530000
12/03/2025,32.670000,32.670000,30.670000,30.860000
12/04/2025,30.730000,32.480000,30.570000,30.570000
12/05/2025,30.290000,30.290000,29.100000,29.310000
12/08/2025,30.580000,31.600000,30.320000,31.040000
12/09/2025,31.510000,31.580000,30.020000,30.100000
12/10/2025,30.450000,30.700000,28.610000,29.790000
12/11/2025,30.290000,30.360000,29.330000,29.340000
12/12/2025,29.310000,30.870000,28.980000,29.630000
12/15/2025,29.850000,30.670000,29.680000,30.260000
12/16/2025,29.940000,30.590000,29.050000,29.440000
12/17/2025,29.040000,31.060000,28.890000,31.020000
12/18/2025,29.380000,29.830000,28.720000,29.600000
12/19/2025,28.660000,29.170000,28.020000,28.780000
12/22/2025,28.690000,28.690000,27.050000,27.050000
12/23/2025,27.360000,27.540000,26.270000,26.270000
12/24/2025,26.710000,26.710000,26.100000,26.130000
12/26/2025,26.780000,26.810000,25.820000,25.820000
12/29/2025,27.160000,27.430000,26.310000,26.350000
12/30/2025,26.670000,26.770000,26.210000,26.550000
12/31/2025,25.970000,26.910000,25.760000,26.830000
01/02/2026,30.430000,33.240000,30.260000,32.510000
01/05/2026,36.970000,37.350000,36.300000,36.750000
01/06/2026,37.710000,38.740000,37.600000,38.430000
01/07/2026,39.820000,40.570000,39.470000,39.560000
01/08/2026,39.860000,40.080000,39.470000,39.520000
01/09/2026,39.510000,39.550000,38.760000,39.020000
01/12/2026,40.310000,40.400000,39.270000,39.770000
01/13/2026,39.960000,41.380000,39.800000,41.070000
01/14/2026,41.890000,43.040000,41.710000,41.710000
01/15/2026,41.550000,42.340000,41.010000,42.010000
01/16/2026,41.880000,41.880000,40.270000,40.340000
01/20/2026,42.890000,44.520000,42.340000,44.020000
01/21/2026,43.060000,44.380000,42.060000,42.090000
01/22/2026,41.170000,41.960000,41.050000,41.120000
01/23/2026,41.150000,41.980000,41.020000,41.750000
01/26/2026,42.630000,43.520000,42.030000,43.520000
01/27/2026,43.170000,44.370000,43.140000,44.240000
01/28/2026,43.900000,44.180000,40.770000,43.090000
01/29/2026,43.120000,45.280000,42.930000,44.730000
01/30/2026,45.420000,45.860000,44.230000,45.180000
02/02/2026,45.690000,45.690000,43.360000,43.990000
02/03/2026,44.400000,47.660000,44.400000,46.740000
02/04/2026,46.640000,50.680000,46.640000,50.130000
02/05/2026,52.050000,53.630000,50.690000,53.360000
02/06/2026,39.870000,40.230000,35.540000,36.160000
02/09/2026,37.860000,38.120000,34.930000,35.180000
02/10/2026,35.240000,36.610000,34.730000,35.530000
02/11/2026,34.090000,40.090000,34.040000,35.660000
02/12/2026,35.440000,38.600000,35.320000,37.500000
02/13/2026,37.790000,38.890000,34.880000,36.330000
02/17/2026,38.690000,39.140000,36.650000,37.730000
02/18/2026,37.040000,37.330000,34.670000,35.980000
02/19/2026,36.460000,36.830000,35.160000,36.000000
02/20/2026,36.200000,36.450000,34.500000,35.590000
02/23/2026,37.070000,38.420000,36.770000,37.480000
02/24/2026,37.420000,37.990000,35.460000,36.370000
02/25/2026,35.510000,35.820000,34.690000,34.820000
02/26/2026,34.910000,36.620000,34.480000,34.810000
02/27/2026,36.560000,37.320000,34.790000,35.660000
03/02/2026,39.460000,39.460000,36.210000,37.280000
03/03/2026,41.150000,41.630000,37.250000,37.850000
03/04/2026,36.320000,37.130000,34.730000,35.110000
03/05/2026,35.620000,37.870000,35.110000,35.110000
03/06/2026,38.170000,42.850000,36.790000,42.780000
03/09/2026,41.790000,44.110000,37.220000,37.250000
03/10/2026,36.650000,37.080000,35.010000,36.590000
03/11/2026,35.720000,37.160000,34.950000,36.030000
03/12/2026,38.100000,38.720000,36.990000,38.510000
03/13/2026,37.660000,38.700000,36.310000,38.160000
03/16/2026,37.120000,37.120000,34.990000,35.580000
03/17/2026,34.440000,34.550000,32.870000,33.620000
03/18/2026,33.930000,36.030000,33.120000,35.570000
03/19/2026,37.660000,38.020000,35.160000,35.160000
03/20/2026,36.590000,38.040000,35.510000,37.340000
03/23/2026,35.260000,35.420000,33.140000,34.740000
03/24/2026,35.920000,36.440000,34.700000,36.020000
03/25/2026,33.460000,35.600000,33.060000,35.060000
03/26/2026,37.610000,39.660000,36.670000,39.530000
03/27/2026,41.910000,43.570000,41.400000,43.400000
03/30/2026,46.560000,47.860000,45.770000,47.310000
03/31/2026,46.590000,46.780000,45.150000,45.760000
04/01/2026,46.890000,46.920000,44.910000,46.170000
04/02/2026,48.710000,48.710000,45.720000,45.830000
04/06/2026,46.310000,46.310000,44.660000,45.210000
04/07/2026,46.150000,47.410000,45.920000,46.730000
04/08/2026,42.550000,44.580000,42.080000,44.540000
04/09/2026,44.370000,45.620000,44.180000,45.030000
04/10/2026,44.750000,45.470000,43.960000,44.280000
04/13/2026,45.990000,45.990000,43.840000,44.870000
04/14/2026,44.590000,45.520000,44.310000,45.260000
04/15/2026,45.350000,45.350000,44.100000,44.380000
04/16/2026,44.380000,44.390000,42.920000,42.920000
04/17/2026,42.560000,42.980000,42.160000,42.630000
04/20/2026,43.720000,43.720000,42.620000,42.730000
04/21/2026,43.470000,44.140000,43.350000,43.880000
04/22/2026,43.740000,43.740000,42.810000,43.040000
04/23/2026,43.990000,44.230000,43.440000,43.440000
04/24/2026,43.730000,44.270000,42.740000,42.910000
04/27/2026,44.510000,44.550000,43.250000,43.250000
04/28/2026,44.310000,44.470000,42.570000,42.570000
04/29/2026,42.550000,46.900000,42.420000,46.840000
04/30/2026,31.830000,33.920000,31.800000,31.970000
05/01/2026,32.130000,32.130000,30.100000,30.180000
05/04/2026,31.800000,32.820000,31.260000,31.540000
05/05/2026,31.420000,32.160000,31.230000,31.360000
05/06/2026,31.590000,31.590000,30.420000,30.960000
05/07/2026,31.450000,31.460000,30.180000,30.180000
05/08/2026,30.380000,31.060000,30.060000,30.070000
05/11/2026,31.610000,31.840000,30.890000,30.890000
05/12/2026,31.460000,31.660000,30.530000,30.530000
05/13/2026,31.530000,32.620000,30.950000,31.550000
05/14/2026,32.450000,33.000000,31.020000,31.020000
05/15/2026,32.270000,32.390000,30.840000,30.850000
05/18/2026,32.620000,32.730000,31.220000,31.350000
05/19/2026,32.130000,32.580000,31.540000,31.720000
05/20/2026,32.150000,32.460000,31.610000,32.140000
05/21/2026,33.620000,33.620000,31.110000,31.130000
05/22/2026,31.830000,34.840000,30.350000,30.580000
05/26/2026,32.740000,32.740000,31.500000,31.510000
05/27/2026,32.430000,34.080000,32.250000,32.680000
05/28/2026,33.110000,33.190000,31.850000,32.310000
05/29/2026,33.400000,33.550000,31.320000,31.710000
06/01/2026,33.880000,36.070000,33.470000,34.490000
06/02/2026,34.620000,35.850000,33.310000,33.310000
06/03/2026,35.090000,35.630000,34.190000,34.990000
06/04/2026,36.040000,36.040000,33.660000,33.710000
06/05/2026,34.180000,37.580000,32.850000,37.320000
06/08/2026,36.350000,37.220000,34.970000,35.050000
06/09/2026,34.930000,36.580000,34.620000,35.020000
06/10/2026,35.630000,36.210000,34.930000,35.780000
06/11/2026,35.550000,35.760000,34.610000,35.050000
06/12/2026,35.200000,36.420000,34.500000,34.540000
06/15/2026,34.320000,34.320000,32.690000,32.880000
