detected 1719 touch events 09:30-12:00 ET

     time     level       appr def        px |   wall     l3    gap iceN  iceCF |     cvd  cvd60  tBuy tSell |    up+    dn-    net
 09:30:00  QQQ Open from_above bid  30595.00 |      3      2      1    0      0 |      22    -49    14    27 |   20.5 -204.0 -100.25
 09:30:01  QQQ Open from_below ask  30594.25 |      7      7      0    0      0 |     107     37    48    40 |  21.25 -203.25  -98.5
 09:30:01  QQQ Open from_below ask  30594.00 |      7      7      0    0      0 |     -37   -107    49    40 |   21.5 -203.0 -98.25
 09:30:20  QQQ Open from_below ask  30594.00 |      8      7      1    0      0 |    -640   -777    37    14 |   21.5 -203.0 -120.25
 09:30:20  QQQ Open from_above bid  30595.00 |      9      8      1    0      0 |    -645   -792    41    21 |   20.5 -204.0 -121.25
 09:30:23   ONH/PMH from_below ask  30612.00 |     12      8      4    0      0 |    -529   -671     8     0 |    3.5 -221.0 -138.5
 09:30:25       MHP from_above bid  30611.00 |      6      5      1    0      0 |    -526   -663     6     1 |    4.5 -220.0 -144.5
 09:30:26   ONH/PMH from_above bid  30612.50 |     11     10      1    0      0 |    -516   -653    19    13 |    2.0 -221.5 -143.25
 09:30:26       MHP from_above bid  30611.50 |     17     16      1    0      0 |    -512   -649    10     7 |    3.0 -220.5 -142.25
 09:30:27       MHP from_below ask  30610.75 |     11      9      2    0      0 |    -485   -610    14    10 |   3.75 -219.75 -141.5
 09:30:29       MHP from_below ask  30610.75 |     13     10      3    0      0 |    -461   -578    19    10 |   3.75 -219.75 -141.75
 09:30:29       MHP from_below ask  30611.50 |     13     10      3    0      0 |    -461   -578    19    10 |    3.0 -220.5 -142.5
 09:30:29   ONH/PMH from_below ask  30612.25 |      9      9      0    0      0 |    -420   -537    27    20 |   2.25 -221.25 -143.25
 09:30:29       MHP from_below ask  30611.00 |     13     13      0    0      0 |    -420   -537    23    10 |    3.5 -220.0 -142.0
 09:30:29   ONH/PMH from_below ask  30612.00 |      9      9      0    0      0 |    -420   -537    27    20 |    2.5 -221.0 -143.0
 09:30:29       MHP from_below ask  30610.75 |     13     13      0    0      0 |    -447   -564    23    13 |   3.75 -219.75 -141.75
 09:30:29   ONH/PMH from_below ask  30612.50 |      9      9      0    0      0 |    -447   -564    27    22 |    2.0 -221.5 -143.5
 09:30:29       MHP from_above bid  30611.50 |      0      0      0    0      0 |    -447   -564    23    13 |    3.0 -220.5 -142.5
 09:30:29       MHP from_below ask  30611.00 |     13     13      0    0      0 |    -487   -604    23    16 |    3.5 -220.0 -142.0
 09:30:30       MHP from_above bid  30610.75 |      5      5      0    0      0 |    -459   -568    31    16 |   3.75 -219.75 -127.75
 09:30:30   ONH/PMH from_below ask  30612.75 |      8      8      0    0      0 |    -459   -568    37    22 |   1.75 -221.75 -129.75
 09:30:30   ONH/PMH from_below ask  30612.50 |      8      8      0    0      0 |    -459   -568    37    22 |    2.0 -221.5 -129.5
 09:30:30   ONH/PMH from_below ask  30612.25 |      8      8      0    0      0 |    -459   -568    37    22 |   2.25 -221.25 -129.25
 09:30:30       MHP from_below ask  30611.00 |      4      4      0    0      0 |    -459   -568    31    16 |    3.5 -220.0 -128.0
 09:30:30   ONH/PMH from_below ask  30612.00 |      8      8      0    0      0 |    -486   -595    43    29 |    2.5 -221.0 -129.0
 09:30:30       MHP from_below ask  30610.75 |      4      4      0    0      0 |    -486   -595    35    30 |   3.75 -219.75 -127.75
 09:30:30   ONH/PMH from_below ask  30612.25 |      8      8      0    0      0 |    -486   -595    43    29 |   2.25 -221.25 -129.25
 09:30:30   ONH/PMH from_below ask  30612.00 |      8      8      0    0      0 |    -486   -595    43    29 |    2.5 -221.0 -129.0
 09:30:30       MHP from_above bid  30611.50 |      5      5      0    0      0 |    -486   -595    35    30 |    3.0 -220.5 -128.5
 09:30:30   ONH/PMH from_below ask  30612.75 |      6      5      1    0      0 |    -474   -579    52    35 |   1.75 -221.75 -129.75
 09:30:30       MHP from_below ask  30611.50 |      9      7      2    0      0 |    -474   -579    41    34 |    3.0 -220.5 -128.5
 09:30:30       MHP from_below ask  30611.25 |      9      7      2    0      0 |    -474   -579    41    34 |   3.25 -220.25 -128.25
 09:30:30   ONH/PMH from_above bid  30613.00 |      0      0      0    0      0 |    -474   -579    52    35 |    1.5 -222.0 -130.0
 09:30:30   ONH/PMH from_above bid  30612.75 |      0      0      0    0      0 |    -474   -579    52    35 |   1.75 -221.75 -129.75
 09:30:30       MHP from_above bid  30610.75 |      0      0      0    0      0 |    -474   -579    41    34 |   3.75 -219.75 -127.75
 09:30:30   ONH/PMH from_below ask  30612.50 |      6      5      1    0      0 |    -474   -579    52    35 |    2.0 -221.5 -129.5
 09:30:30       MHP from_above bid  30611.50 |      0      0      0    0      0 |    -505   -610    41    41 |   0.75 -220.5 -128.5
 09:30:30       MHP from_below ask  30611.25 |      9      9      0    0      0 |    -505   -610    41    41 |    1.0 -220.25 -128.25
 09:30:30   ONH/PMH from_below ask  30612.25 |      6      6      0    0      0 |    -505   -610    52    41 |    0.0 -221.25 -129.25
 09:30:30   ONH/PMH from_below ask  30612.00 |      6      6      0    0      0 |    -505   -610    52    41 |   0.25 -221.0 -129.0
 09:30:30       MHP from_above bid  30611.00 |      0      0      0    0      0 |    -505   -610    41    41 |   1.25 -220.0 -128.0
 09:30:34  QQQ Open from_above bid  30595.00 |     15     11      4    0      0 |    -519   -590     6    13 |  11.25 -204.0 -110.5
 09:30:34  QQQ Open from_above bid  30594.75 |      6      5      1    0      0 |    -516   -595     6    14 |   11.5 -203.75 -106.75
 09:30:34  QQQ Open from_below ask  30594.00 |      8      7      1    0      0 |    -524   -603     7    16 |  12.25 -203.0 -105.0
 09:30:34  QQQ Open from_below ask  30594.25 |      7      6      1    0      0 |    -520   -595     9    16 |   12.0 -203.25 -103.25
 09:30:34  QQQ Open from_above bid  30594.50 |     11     10      1    0      0 |    -515   -590    11    17 |  11.75 -203.5 -102.0
 09:30:38  QQQ Open from_above bid  30595.00 |     26     25      1    0      0 |    -531   -613    13    20 |  11.25 -204.0  -93.0
 09:30:43  QQQ Open from_above bid  30595.00 |     13     12      1    0      0 |    -498   -585    25    33 |    0.0 -204.0 -92.75
 09:31:27       PDH from_above bid  30545.25 |     18     15      3    0      0 |    -856   -365     0     3 |   40.5 -154.25  -56.0
 09:31:29       PDH from_above bid  30545.25 |     14     14      0    0      0 |    -847   -360     1    10 |   40.5 -154.25 -49.25
 09:32:03       PDH from_above bid  30544.50 |     11     11      0    0      0 |   -1197   -515     0    14 |  41.25 -153.5  -31.0
 09:32:03       PDH from_above bid  30544.25 |     11     11      0    0      0 |   -1197   -515     0    14 |   41.5 -153.25 -30.75
 09:32:03       PDH from_above bid  30545.25 |     11     11      0    0      0 |   -1205   -523     0    16 |   40.5 -154.25 -31.75
 09:32:03       PDH from_above bid  30545.00 |     11     11      0    0      0 |   -1276   -594     0    22 |  40.75 -154.0  -31.5
 09:33:57       PDH from_above bid  30545.00 |     27     26      1    0      0 |   -1650   -318     0     8 |   16.5 -154.0 -23.25
 09:33:58       PDH from_below ask  30544.25 |     13     10      3    0      0 |   -1662   -328    21    37 |  17.25 -153.25 -19.75
 09:33:58       PDH from_below ask  30544.50 |     13     10      3    0      0 |   -1662   -328    21    37 |   17.0 -153.5  -20.0
 09:33:58       PDH from_below ask  30545.25 |      6      5      1    0      0 |   -1663   -330    22    37 |  16.25 -154.25 -21.25
 09:34:05       PDH from_above bid  30544.75 |     18     18      0    0      0 |   -1627   -355    35    81 |   3.75 -153.75 -31.75
 09:34:05       PDH from_above bid  30544.75 |     18     18      0    0      0 |   -1627   -355    35    81 |   3.75 -153.75 -31.75
 09:34:05       PDH from_above bid  30545.00 |     18     18      0    0      0 |   -1627   -355    35    81 |    3.5 -154.0  -32.0
 09:34:06       PDH from_above bid  30545.25 |     23     21      2    0      0 |   -1629   -352    35    84 |   1.75 -154.25 -32.25
 09:34:06       PDH from_above bid  30545.00 |     15     14      1    0      0 |   -1637   -355    35    88 |    1.0 -154.0  -32.0
 09:34:08       PDH from_below ask  30544.50 |     18     17      1    0      0 |   -1681   -414    54   110 |    1.5 -153.5  -29.0
 09:34:11       PDH from_below ask  30544.25 |     13     12      1    0      0 |   -1670   -388    85   130 |   0.25 -153.25  -28.5
 09:34:23    LVN_dn from_above bid  30527.75 |     67     46     21    0      0 |   -1754   -485     0    20 |  12.75 -136.75  -22.5
 09:34:24    LVN_dn from_above bid  30527.75 |     42     39      3    0      0 |   -1757   -488     0    26 |  12.75 -136.75  -24.5
 09:34:24    LVN_dn from_above bid  30527.75 |     46     42      4    0      0 |   -1764   -495     4    38 |  12.75 -136.75  -26.0
 09:34:24    LVN_dn from_below ask  30527.00 |     17     16      1    0      0 |   -1822   -553    19    79 |   13.5 -136.0  -27.5
 09:34:26    LVN_dn from_below ask  30527.50 |     12     11      1    0      0 |   -1836   -581    25    86 |   13.0 -136.5  -33.5
 09:34:27       VAH from_above bid  30522.50 |     15     14      1    0      0 |   -1846   -573     0    10 |   18.0 -131.5  -29.5
 09:34:28       VAH from_above bid  30522.50 |     13      9      4    0      0 |   -1867   -504    10    38 |   18.0 -131.5  -32.0
 09:34:29    LVN_dn from_below ask  30526.75 |     15     13      2    0      0 |   -1863   -421    33    90 |  13.75 -135.75 -38.75
 09:34:30    LVN_dn from_below ask  30527.25 |     14     13      1    0      0 |   -1856   -414    40    97 |  13.25 -136.25 -39.25
 09:34:30    LVN_dn from_above bid  30527.50 |     12     11      1    0      0 |   -1875   -433    48   115 |   13.0 -136.5  -41.0
 09:34:31       VAH from_above bid  30522.00 |      4      3      1    0      0 |   -1903   -453    16    46 |   18.5 -131.0  -35.5
 09:34:33    LVN_dn from_below ask  30526.75 |     15     14      1    0      0 |   -1879   -407    57   117 |  13.75 -135.75 -41.75
 09:34:34    LVN_dn from_below ask  30527.00 |     10      9      1    0      0 |   -1878   -415    61   119 |   13.5 -136.0  -45.5
 09:34:36    LVN_dn from_above bid  30527.75 |     16     16      0    0      0 |   -1875   -412    76   135 |  12.75 -136.75 -52.25
 09:34:36    LVN_dn from_above bid  30527.50 |     16     15      1    0      0 |   -1858   -396    80   139 |   13.0 -136.5 -48.75
 09:34:36    LVN_dn from_above bid  30527.50 |     17     16      1    0      0 |   -1814   -352    92   144 |   13.0 -136.5  -49.5
 09:34:37    LVN_dn from_below ask  30526.75 |     19     18      1    0      0 |   -1816   -354    97   146 |  13.75 -135.75  -50.0
 09:34:37    LVN_dn from_below ask  30527.00 |     21     20      1    0      0 |   -1802   -340   116   148 |   13.5 -136.0 -51.25
 09:34:38       VAH from_above bid  30522.25 |     10      9      1    0      0 |   -1812   -347    35    61 |  18.25 -131.25  -46.5
 09:34:38       VAH from_below ask  30521.50 |     14     13      1    0      0 |   -1858   -400    42    66 |   19.0 -130.5 -45.75
 09:34:47     EM+1s from_above bid  30509.00 |      6      5      1    0      0 |   -1944   -441     0     4 |   31.5 -118.0  -42.5
 09:34:48     EM+1s from_below ask  30508.25 |     20     19      1    0      0 |   -1943   -428     7     7 |  32.25 -117.25 -41.25
 09:34:48     EM+1s from_below ask  30508.25 |     23     21      2    0      0 |   -1949   -434    14    12 |  32.25 -117.25  -43.0
 09:34:49     EM+1s from_below ask  30508.50 |     16     15      1    0      0 |   -1925   -398    32    25 |   32.0 -117.5  -42.5
 09:34:50     EM+1s from_below ask  30508.25 |     22     14      8    0      0 |   -1903   -376    51    31 |  32.25 -117.25 -41.25
 09:35:01     onVAH from_above bid  30478.75 |      8      7      1    0      0 |   -2133   -498     0    14 |  61.75 -87.75  -14.5
 09:35:01     onVAH from_below ask  30478.50 |     14     14      0    0      0 |   -2134   -514     7    20 |   62.0  -87.5 -15.25
 09:35:15     onVAH from_above bid  30479.25 |      7      5      2    0      0 |   -2115   -415    12    35 |  61.25 -88.25    3.5
 09:35:15     onVAH from_below ask  30478.50 |     20     19      1    0      0 |   -2088   -388    30    43 |   62.0  -87.5   3.75
 09:35:16     onVAH from_below ask  30478.75 |     34     33      1    0      0 |   -2067   -367    51    46 |  61.75 -87.75   2.25
 09:35:16     onVAH from_above bid  30479.25 |      0      0      0    0      0 |   -2108   -408    51    52 |  61.25 -88.25   1.75
 09:35:16     onVAH from_below ask  30479.00 |     34     34      0    0      0 |   -2108   -408    51    52 |   61.5  -88.0    2.0
 09:35:18     onVAH from_below ask  30478.50 |     29     25      4    0      0 |   -2120   -391    70    53 |   62.0  -87.5   0.25
 09:35:19     onVAH from_below ask  30478.50 |     27     25      2    0      0 |   -2113   -382    77    53 |   62.0  -87.5   -0.5
 09:35:19     onVAH from_below ask  30478.50 |     15     16      0    0      0 |   -2108   -382    83    53 |   62.0  -87.5    0.0
 09:35:30     onVAH from_above bid  30479.50 |     13     14      0    0      0 |   -1952    -79    93    68 |   61.0  -88.5  -17.5
 09:35:31     onVAH from_above bid  30479.00 |      1      1      0    0      0 |   -1971    -68    94    71 |   61.5  -88.0 -15.25
 09:35:31     onVAH from_below ask  30479.25 |      5      4      1    0      0 |   -2028   -125    95    71 |  61.25 -88.25 -16.25
 09:35:31     onVAH from_below ask  30478.75 |      9      9      0    0      0 |   -2022   -121    95    75 |  61.75 -87.75  -17.0
 09:35:31     onVAH from_below ask  30478.75 |     11     11      0    0      0 |   -2044   -142    99    74 |  61.75 -87.75  -18.0
 09:35:32     onVAH from_above bid  30479.50 |     14     14      0    0      0 |   -2035   -137    96    78 |   61.0  -88.5  -20.0
 09:35:34     onVAH from_above bid  30479.50 |     19     21      0    0      0 |   -2043   -166    92    76 |   61.0  -88.5 -29.75
 09:35:37     onVAH from_above bid  30479.50 |     22     15      7    0      0 |   -2096   -284    92    90 |   61.0  -88.5  -33.0
 09:35:37     onVAH from_below ask  30479.25 |     12     11      1    0      0 |   -2112   -301    93    98 |  61.25 -88.25 -32.75
 09:35:40     onVAH from_above bid  30479.25 |      7      7      0    0      0 |   -2117   -213   109   108 |  61.25 -88.25  -37.5
 09:35:42     onVAH from_below ask  30478.50 |     20     20      0    0      0 |   -2116   -190   124   123 |   62.0  -87.5 -33.75
 09:35:42     onVAH from_below ask  30479.25 |     20     20      0    0      0 |   -2116   -190   124   123 |  61.25 -88.25  -34.5
 09:35:42     onVAH from_below ask  30479.00 |     20     20      0    0      0 |   -2116   -190   124   123 |   61.5  -88.0 -34.25
 09:35:43     onVAH from_above bid  30479.50 |     11     11      0    0      0 |   -2100   -180   135   133 |   61.0  -88.5 -34.75
 09:35:43     onVAH from_above bid  30479.50 |      7     13      0    0      0 |   -2105   -188   136   135 |   61.0  -88.5 -34.75
 09:35:44     onVAH from_above bid  30479.50 |      5      4      1    0      0 |   -2033   -127   138   144 |   61.0  -88.5 -32.75
 09:35:44     onVAH from_above bid  30479.50 |     14     15      0    0      0 |   -2025   -110   146   146 |   61.0  -88.5  -34.0
 09:35:47     onVAH from_below ask  30479.25 |      9     10      0    0      0 |   -2024    -78   113   127 |  61.25 -88.25  -34.5
 09:35:48     onVAH from_above bid  30479.50 |     19     17      2    0      0 |   -2032    -86   126   145 |   61.0  -88.5  -36.5
 09:35:48     onVAH from_below ask  30478.50 |     14     16      0    0      0 |   -2053   -107   130   159 |   62.0  -87.5  -35.5
 09:35:49     onVAH from_above bid  30479.00 |     10      7      3    0      0 |   -2061   -113    94   164 |   61.5  -88.0  -36.0
 09:36:08       POC from_below ask  30449.50 |     19     19      0    0      0 |   -2227   -254     3     0 |   91.0  -58.5   17.0
 09:36:08       POC from_above bid  30450.50 |      0      0      0    0      0 |   -2272   -299     8     7 |   90.0  -59.5   16.0
 09:36:08       POC from_above bid  30450.25 |      0      0      0    0      0 |   -2354   -381     8    36 |  90.25 -59.25  16.25
 09:36:08       POC from_below ask  30450.00 |     19     19      0    0      0 |   -2354   -381     8    36 |   90.5  -59.0   16.5
 09:36:10       POC from_below ask  30449.75 |     15     15      0    0      0 |   -2329   -314    10    36 |  90.75 -58.75  16.25
 09:36:10       POC from_below ask  30449.50 |     15     15      0    0      0 |   -2292   -277    15    36 |   91.0  -58.5   16.5
 09:36:10       POC from_below ask  30450.00 |     15     15      0    0      0 |   -2285   -270    17    36 |   90.5  -59.0   16.0
 09:36:16       POC from_below ask  30449.75 |     12     12      0    0      0 |   -2357   -273    19    38 |  90.75 -58.75   7.75
 09:36:16       POC from_below ask  30449.50 |     12     12      0    0      0 |   -2302   -218    24    38 |   91.0  -58.5    8.0
 09:36:16       POC from_below ask  30450.25 |     12     12      0    0      0 |   -2302   -218    24    38 |  90.25 -59.25   7.25
 09:36:16       POC from_below ask  30450.00 |     12     12      0    0      0 |   -2324   -240    30    39 |   90.5  -59.0   7.75
 09:36:16       POC from_below ask  30449.50 |     12     12      0    0      0 |   -2324   -240    30    39 |   91.0  -58.5   8.25
 09:36:19       POC from_below ask  30450.00 |     12     12      0    0      0 |   -2369   -302    39    41 |   90.5  -59.0    9.5
 09:36:20       POC from_above bid  30450.25 |     19     18      1    0      0 |   -2259   -189    51    46 |  90.25 -59.25  10.25
 09:36:21       POC from_above bid  30450.50 |      0      0      0    0      0 |   -2222   -153    55    47 |   90.0  -59.5   10.0
 09:36:21       POC from_below ask  30449.75 |      5      5      0    0      0 |   -2234   -165    59    50 |  90.75 -58.75  10.75
 09:36:21       POC from_below ask  30449.50 |      5      5      0    0      0 |   -2234   -165    59    50 |   91.0  -58.5   11.0
 09:36:21       POC from_below ask  30450.50 |      5      5      0    0      0 |   -2328   -259    59    54 |   90.0  -59.5   10.0
 09:36:21       POC from_below ask  30450.25 |      5      5      0    0      0 |   -2341   -272    59    57 |  90.25 -59.25  10.25
 09:36:28       POC from_below ask  30450.00 |     16     14      2    0      0 |   -2356   -409    68    57 |   90.5  -59.0   7.75
 09:36:29       POC from_above bid  30449.75 |      5      4      1    0      0 |   -2357   -412    73    69 |  90.75 -58.75   4.75
 09:36:29       POC from_above bid  30450.50 |      5      6      0    0      0 |   -2368   -419    74    76 |   90.0  -59.5    6.0
 09:36:32       POC from_below ask  30450.00 |      4      6      0    0      0 |   -2371   -336    80    77 |   90.5  -59.0  23.25
 09:36:34       POC from_above bid  30450.50 |      4      4      0    0      0 |   -2345   -310    80    82 |   90.0  -59.5   21.5
 09:36:36     onVAH from_below ask  30478.50 |     21     14      7    0      0 |   -2204   -169     8     0 |   62.0  -87.5 -11.25
 09:36:38       POC from_above bid  30450.50 |     19     15      4    0      0 |   -2230   -113    72    66 |   90.0  -59.5   6.25
 09:36:39       POC from_below ask  30450.00 |      1      4      0    0      0 |   -2309   -192    76    66 |   90.5  -59.0   6.75
 09:36:39       POC from_below ask  30450.00 |     10      9      1    0      0 |   -2311   -194    85    80 |   90.5  -59.0   5.75
 09:38:02       POC from_below ask  30449.75 |     34     34      0    0      0 |   -2410     39     3     0 |  90.75 -58.75  -24.0
 09:38:03       POC from_below ask  30449.50 |     31     31      0    0      0 |   -2403     46     8     0 |   91.0  -58.5 -22.25
 09:38:03       POC from_below ask  30449.75 |     33     31      2    0      0 |   -2396     53    11     0 |  90.75 -58.75 -22.25
 09:38:04       POC from_below ask  30450.50 |     20     20      0    0      0 |   -2351     96    36     3 |   90.0  -59.5 -33.75
 09:38:04       POC from_above bid  30450.00 |      0      0      0    0      0 |   -2326    121    39     3 |   90.5  -59.0 -33.25
 09:38:04       POC from_below ask  30450.50 |     20     20      0    0      0 |   -2375     72    39     8 |   90.0  -59.5 -33.75
 09:38:06       POC from_below ask  30449.50 |     23     17      6    0      0 |   -2361     89    48    12 |   91.0  -58.5 -29.75
 09:38:10       POC from_below ask  30449.50 |     15     15      0    0      0 |   -2362    121    57    14 |   91.0  -58.5  -26.5
 09:38:14       POC from_below ask  30449.75 |     22     21      1    0      0 |   -2335    -12    58    14 |  90.75 -58.75 -29.75
 09:38:17       POC from_above bid  30450.50 |     27     27      0    0      0 |   -2231     62    70    21 |   90.0  -59.5  -22.0
 09:38:17       POC from_above bid  30450.25 |     27     27      0    0      0 |   -2194     99    71    21 |  90.25 -59.25 -21.75
 09:38:17       POC from_above bid  30450.00 |     27     27      0    0      0 |   -2155    138    75    23 |   90.5  -59.0  -21.5
 09:38:17       POC from_above bid  30449.75 |     27     27      0    0      0 |   -2155    138    75    23 |  90.75 -58.75 -21.25
 09:38:17       POC from_above bid  30450.50 |     27     27      0    0      0 |   -2156    137    75    24 |   90.0  -59.5  -22.0
 09:38:17       POC from_above bid  30449.50 |     27     27      0    0      0 |   -2217     76    75    26 |   91.0  -58.5  -21.0
 09:38:17       POC from_below ask  30450.25 |      0      0      0    0      0 |   -2217     76    75    26 |  90.25 -59.25 -21.75
 09:38:21       POC from_above bid  30450.25 |     14     13      1    0      0 |   -2228     78    75    27 |  90.25 -59.25 -33.25
 09:38:23       POC from_below ask  30449.75 |     19     19      0    0      0 |   -2358    -60    78    38 |  90.75 -58.75 -31.75
 09:38:23       POC from_below ask  30449.50 |     19     19      0    0      0 |   -2358    -60    78    38 |   91.0  -58.5  -31.5
 09:39:15       POC from_below ask  30449.50 |     18     17      1    0      0 |   -2443   -110     8     0 |   91.0  -58.5 -29.25
 09:39:21       POC from_below ask  30449.50 |     18     20      0    0      0 |   -2335   -108    21     0 |   91.0  -58.5 -35.75
 09:39:21       POC from_below ask  30450.00 |     14     14      0    0      0 |   -2333   -104    25     0 |   90.5  -59.0 -36.25
 09:39:21       POC from_below ask  30449.50 |     18     16      2    0      0 |   -2330    -96    31     0 |   91.0  -58.5 -35.75
 09:39:21       POC from_above bid  30450.00 |      5      5      0    0      0 |   -2320     44    39     8 |   90.5  -59.0 -36.75
 09:39:22       POC from_below ask  30450.00 |     18     18      0    0      0 |   -2321     39    61    18 |   90.5  -59.0  -31.5
 09:39:22       POC from_below ask  30449.50 |     17     17      0    0      0 |   -2322     32    63    18 |   91.0  -58.5  -33.5
 09:39:23       POC from_below ask  30450.50 |      7      7      0    0      0 |   -2339     49    66    19 |   90.0  -59.5  -30.0
 09:39:23       POC from_above bid  30449.75 |      5      6      0    0      0 |   -2335     26    70    27 |  90.75 -58.75  -31.5
 09:39:23       POC from_below ask  30450.00 |     10     10      0    0      0 |   -2337     31    72    27 |   90.5  -59.0  -31.0
 09:39:26       POC from_above bid  30450.50 |     19     18      1    0      0 |   -2336     42    73    33 |   90.0  -59.5 -36.75
 09:39:26       POC from_above bid  30450.00 |      7      7      0    0      0 |   -2343     38    78    44 |   90.5  -59.0 -38.25
 09:39:27       POC from_below ask  30449.75 |      0      0      0    0      0 |   -2316     65    83    52 |  90.75 -58.75  -38.0
 09:39:27       POC from_below ask  30450.50 |      0      0      0    0      0 |   -2316     65    83    52 |   90.0  -59.5 -38.75
 09:39:27       POC from_above bid  30450.00 |     28     28      0    0      0 |   -2316     65    83    52 |   90.5  -59.0 -38.25
 09:39:35       POC from_above bid  30450.50 |     14     14      0    0      0 |   -2184    256    83    55 |   90.0  -59.5   -7.5
 09:39:39       POC from_above bid  30450.50 |     12     11      1    0      0 |   -2176    356    88    61 |   90.0  -59.5   -7.5
 09:39:40       POC from_below ask  30450.25 |      8      7      1    0      0 |   -2207    325    90    63 |  90.25 -59.25  -3.25
 09:39:42       POC from_above bid  30450.25 |      6      7      0    0      0 |   -2195    370    92    66 |  90.25 -59.25  -4.75
 09:39:42       POC from_above bid  30450.50 |      7      7      0    0      0 |   -2176    388    93    66 |   90.0  -59.5   -6.0
 09:39:43       POC from_above bid  30450.50 |     16     15      1    0      0 |   -2169    393    96    68 |   90.0  -59.5  -7.75
 09:39:49       POC from_above bid  30450.50 |     14     14      0    0      0 |   -2166    370    79    80 |   90.0  -59.5  -1.25
 09:39:59       POC from_above bid  30450.00 |      4      3      1    0      0 |   -2150    378    15    32 |   90.5  -59.0   17.0
 09:39:59       POC from_below ask  30449.75 |      8     10      0    0      0 |   -2158    370    17    35 |  90.75 -58.75  17.25
 09:39:59       POC from_below ask  30449.50 |      9     10      0    0      0 |   -2156    372    21    35 |   91.0  -58.5   17.5
 09:40:00       POC from_above bid  30450.25 |     18     22      0    0      0 |   -2154    380    21    45 |  90.25 -59.25  17.25
 09:40:05       POC from_above bid  30450.50 |     22     20      2    0      0 |   -2161    392    39    62 |   90.0  -59.5  25.75
 09:40:05       POC from_above bid  30450.50 |     15     14      1    0      0 |   -2159    394    39    64 |   90.0  -59.5   22.5
 09:40:05       POC from_above bid  30449.50 |      0      0      0    0      0 |   -2143    410    40    60 |   91.0  -58.5   23.5
 09:40:06       POC from_above bid  30450.25 |      0      0      0    0      0 |   -2117    437    55    62 |  90.25 -59.25   22.0
 09:40:06       POC from_above bid  30449.50 |      0      0      0    0      0 |   -2117    437    55    62 |   91.0  -58.5  22.75
 09:40:06       POC from_below ask  30450.00 |     14     14      0    0      0 |   -2130    424    55    68 |   90.5  -59.0  22.25
 09:40:06       POC from_below ask  30449.50 |     14     14      0    0      0 |   -2135    419    55    70 |   91.0  -58.5  22.75
 09:40:50       POC from_below ask  30449.50 |     26     24      2    0      0 |   -2334   -169     2     1 |   91.0  -58.5   34.0
 09:40:50       POC from_above bid  30450.50 |      7      7      0    0      0 |   -2305   -140    26     3 |   90.0  -59.5  31.25
 09:40:51       POC from_below ask  30449.50 |     20     21      0    0      0 |   -2291   -136    47    10 |   91.0  -58.5  32.75
 09:40:51       POC from_above bid  30449.75 |     16     12      4    0      0 |   -2250   -108    66    14 |  90.75 -58.75   32.5
 09:40:51       POC from_above bid  30450.50 |     16     16      0    0      0 |   -2226    -84    68    17 |   90.0  -59.5  31.75
 09:40:51       POC from_above bid  30450.25 |     16     16      0    0      0 |   -2226    -84    68    17 |  90.25 -59.25   32.0
 09:40:51       POC from_above bid  30449.75 |     16     16      0    0      0 |   -2226    -84    68    17 |  90.75 -58.75   32.5
 09:40:51       POC from_above bid  30449.50 |     16     16      0    0      0 |   -2226    -84    68    17 |   91.0  -58.5  32.75
 09:40:51       POC from_above bid  30450.25 |     16     16      0    0      0 |   -2247   -105    68    23 |  90.25 -59.25   32.0
 09:40:51       POC from_above bid  30450.00 |     16     16      0    0      0 |   -2247   -105    68    23 |   90.5  -59.0  32.25
 09:40:53       POC from_above bid  30450.50 |      8      9      0    0      0 |   -2245   -112    68    26 |   90.0  -59.5   28.5
 09:40:54       POC from_above bid  30450.50 |     20     15      5    0      0 |   -2249   -119    68    34 |   90.0  -59.5   32.5
 09:40:56       POC from_below ask  30449.50 |     16     16      0    0      0 |   -2257   -123    79    44 |   91.0  -58.5  32.25
 09:40:57       POC from_above bid  30449.75 |      5      4      1    0      0 |   -2260   -126    84    51 |  90.75 -58.75  32.25
 09:41:04       POC from_above bid  30449.75 |     16     12      4    0      0 |   -2196    -43    98    70 |  90.75 -58.75  34.75
 09:41:04       POC from_above bid  30449.50 |     16     12      4    0      0 |   -2196    -43    98    70 |   91.0  -58.5   35.0
 09:41:04       POC from_above bid  30449.75 |     16     12      4    0      0 |   -2196    -43    98    70 |  90.75 -58.75  34.75
 09:41:04       POC from_above bid  30450.50 |     16     12      4    0      0 |   -2196    -43    98    70 |   90.0  -59.5   34.0
 09:41:04       POC from_above bid  30450.50 |     12     12      0    0      0 |   -2200    -47    98    73 |   90.0  -59.5   34.0
 09:41:05       POC from_above bid  30450.25 |     12     12      0    0      0 |   -2208    -69   103    84 |  90.25 -59.25  36.25
 09:41:10       POC from_below ask  30449.50 |     23     22      1    0      0 |   -2221    -27   106    88 |   91.0  -58.5  37.75
 09:41:10       POC from_below ask  30450.25 |      8      6      2    0      0 |   -2218    -25   117    95 |  90.25 -59.25   37.0
 09:41:22     onVAH from_below ask  30478.75 |     30     25      5    0      0 |   -2087    195     6     0 |  61.75 -87.75  19.75
 09:41:23     onVAH from_below ask  30478.75 |      0      0      0    0      0 |   -2089    193     7     0 |  61.75 -87.75  21.25
 09:41:23     onVAH from_below ask  30478.50 |      0      0      0    0      0 |   -2000    282    17     0 |   62.0  -87.5   21.5
 09:41:23     onVAH from_below ask  30479.25 |      0      0      0    0      0 |   -2000    282    17     0 |  61.25 -88.25  20.75
 09:41:23     onVAH from_below ask  30479.00 |      0      0      0    0      0 |   -1978    304    34     0 |   61.5  -88.0   21.0
 09:41:23     onVAH from_below ask  30479.50 |      0      0      0    0      0 |   -1997    285    34     9 |   61.0  -88.5   20.5
 09:41:23     onVAH from_below ask  30479.25 |      0      0      0    0      0 |   -1997    285    34     9 |  61.25 -88.25  20.75
 09:41:23     onVAH from_above bid  30479.00 |     15     15      0    0      0 |   -1997    285    34     9 |   61.5  -88.0   21.0
 09:41:23     onVAH from_below ask  30478.75 |      8      7      1    0      0 |   -1989    397    42    13 |  61.75 -87.75  21.25
 09:41:25     onVAH from_above bid  30479.50 |     10     10      0    0      0 |   -1997    388    44    22 |   61.0  -88.5   19.5
 09:41:25     onVAH from_above bid  30479.50 |      8      9      0    0      0 |   -1990    426    49    26 |   61.0  -88.5  15.75
 09:41:26     onVAH from_above bid  30479.25 |      7      7      0    0      0 |   -1990    436    50    31 |  61.25 -88.25  17.75
 09:41:29     onVAH from_below ask  30479.00 |      5      4      1    0      0 |   -1994    418    53    32 |   61.5  -88.0   26.5
 09:41:29     onVAH from_below ask  30478.50 |      8      7      1    0      0 |   -1993    419    64    40 |   62.0  -87.5   25.0
 09:41:31     onVAH from_below ask  30478.50 |     26     26      0    0      0 |   -2090    321    70    41 |   62.0  -87.5  25.75
 09:41:31     onVAH from_below ask  30479.25 |     26     26      0    0      0 |   -2118    293    70    51 |  61.25 -88.25   25.0
 09:41:31     onVAH from_below ask  30479.00 |     26     26      0    0      0 |   -2118    293    70    51 |   61.5  -88.0  25.25
 09:41:55       POC from_above bid  30450.50 |     14      8      6    0      0 |   -2200     50     0     7 |   90.0  -59.5  41.25
 09:41:55       POC from_above bid  30450.25 |      3      0      3    0      0 |   -2217     32     0    15 |  90.25 -59.25   41.5
 09:41:56       POC from_above bid  30450.00 |     12     11      1    0      0 |   -2217     53     1    20 |   90.5  -59.0  39.25
 09:41:57       POC from_below ask  30449.75 |     10     12      0    0      0 |   -2225     39    18    37 |  90.75 -58.75   34.5
 09:42:01       POC from_above bid  30450.00 |      7      9      0    0      0 |   -2238    -10    18    43 |   90.5  -59.0  34.75
 09:42:02       POC from_above bid  30450.50 |     18     18      0    0      0 |   -2225      0    31    50 |   90.0  -59.5   38.0
 09:42:07       POC from_below ask  30450.00 |      3      4      0    0      0 |   -2306    -84    40    52 |   90.5  -59.0   48.0
 09:42:09       POC from_below ask  30450.25 |      6      7      0    0      0 |   -2290    -68    42    52 |  90.25 -59.25   46.0
 09:42:23       POC from_above bid  30450.50 |     14      9      5    0      0 |   -2286   -192    42    65 |   90.0  -59.5  54.25
 09:42:25       POC from_above bid  30450.00 |      7      6      1    0      0 |   -2282   -299    50    77 |   90.5  -59.0   53.5
 09:42:27       POC from_below ask  30450.00 |      1      2      0    0      0 |   -2303   -315    53    57 |   90.5  -59.0  53.75
 09:42:27       POC from_above bid  30450.00 |      4      4      0    0      0 |   -2304   -316    48    51 |   90.5  -59.0  53.75
 09:43:01     onVAH from_below ask  30478.50 |     10     11      0    0      0 |   -2165     54     4     0 |   62.0  -87.5  29.75
 09:43:02     onVAH from_above bid  30479.00 |     11      9      2    0      0 |   -2154     65     8     1 |   61.5  -88.0  29.25
 09:43:03     onVAH from_below ask  30479.00 |      6      4      2    0      0 |   -2134     91    19     4 |   61.5  -88.0   28.0
 09:43:04     onVAH from_below ask  30479.00 |     16     15      1    0      0 |   -2121    125    20     5 |   61.5  -88.0   31.5
 09:43:05     onVAH from_below ask  30478.75 |     20     20      0    0      0 |   -2101    209    48    12 |  61.75 -87.75  29.25
 09:43:05     onVAH from_below ask  30479.00 |     20     20      0    0      0 |   -2101    209    48    12 |   61.5  -88.0   29.0
 09:43:05     onVAH from_below ask  30478.75 |     14     15      0    0      0 |   -2101    210    49    12 |  61.75 -87.75  27.25
 09:43:11     onVAH from_below ask  30478.75 |      7      7      0    0      0 |   -2092    184    63    12 |  61.75 -87.75   24.5
 09:43:11     onVAH from_below ask  30478.75 |      8     11      0    0      0 |   -2091    183    69    13 |  61.75 -87.75  28.25
 09:43:12     onVAH from_below ask  30478.75 |     18     15      3    0      0 |   -2084    190    75    16 |  61.75 -87.75  28.25
 09:43:12     onVAH from_below ask  30479.50 |     18     15      3    0      0 |   -2084    190    75    16 |   61.0  -88.5   27.5
 09:43:12     onVAH from_below ask  30479.25 |     18     15      3    0      0 |   -2084    190    75    16 |  61.25 -88.25  27.75
 09:43:12     onVAH from_below ask  30478.50 |     18     18      0    0      0 |   -2094    180    75    20 |   62.0  -87.5   28.5
 09:43:30       POC from_above bid  30450.50 |     14     13      1    0      0 |   -2218     76     0     5 |   90.0  -59.5   61.0
 09:44:27   HP/DDup from_above bid  30403.75 |     10     10      0    0      0 |   -2664   -468     2    12 | 136.75 -12.75  104.0
 09:44:27   HP/DDup from_below ask  30403.50 |      0      0      0    0      0 |   -2664   -468     2    12 |  137.0  -12.5 104.25
 09:44:27   HP/DDup from_above bid  30403.25 |     10     10      0    0      0 |   -2713   -517     2    19 | 137.25 -12.25  104.5
 09:44:27   HP/DDup from_below ask  30404.00 |      0      0      0    0      0 |   -2713   -517     2    19 |  136.5  -13.0 103.75
 09:44:27   HP/DDup from_above bid  30403.75 |     11     11      0    0      0 |   -2726   -530     2    25 | 136.75 -12.75 103.25
 09:44:27   HP/DDup from_above bid  30404.00 |     11     11      0    0      0 |   -2726   -530     2    25 |  136.5  -13.0  103.0
 09:44:30   HP/DDup from_above bid  30404.00 |     12     10      2    0      0 |   -2749   -549     2    36 |  136.5  -13.0 108.75
 09:44:30   HP/DDup from_above bid  30403.25 |     12     11      1    0      0 |   -2761   -559    10    42 | 137.25 -12.25  109.5
 09:44:30   HP/DDup from_above bid  30403.50 |     12     11      1    0      0 |   -2761   -559    10    42 |  137.0  -12.5 109.25
 09:44:30   HP/DDup from_below ask  30403.75 |      0      0      0    0      0 |   -2761   -559    10    42 | 136.75 -12.75  109.0
 09:44:30   HP/DDup from_above bid  30403.25 |     12     11      1    0      0 |   -2761   -559    10    42 | 137.25 -12.25  109.5
 09:44:32   HP/DDup from_above bid  30404.00 |      6      4      2    0      0 |   -2760   -521    11    42 |  136.5  -13.0  108.0
 09:44:32   HP/DDup from_above bid  30403.50 |      9      9      0    0      0 |   -2762   -515    18    46 |  137.0  -12.5  108.0
 09:44:33     onPOC from_above bid  30400.50 |     47     47      0    0      0 |   -2785   -488     0    31 |  140.0   -9.5  109.0
 09:44:33   HP/DDup from_below ask  30403.75 |     10      9      1    0      0 |   -2790   -493    24    57 | 136.75 -12.75  105.5
 09:44:35   HP/DDup from_above bid  30404.00 |      8      5      3    0      0 |   -2771   -469    42    68 |  136.5  -13.0 112.25
 09:44:35   HP/DDup from_below ask  30403.25 |      8     10      0    0      0 |   -2776   -474    57    81 | 137.25 -12.25  110.0
 09:44:36   HP/DDup from_above bid  30403.50 |     10      1      9    0      0 |   -2769   -467    81    99 |  137.0  -12.5 108.25
 09:44:36   HP/DDup from_above bid  30403.25 |     10     10      0    0      0 |   -2889   -587    91   110 | 137.25 -12.25  108.5
 09:44:36   HP/DDup from_above bid  30404.00 |     10     10      0    0      0 |   -2889   -587    91   110 |  136.5  -13.0 107.75
 09:44:36   HP/DDup from_above bid  30403.75 |     10     10      0    0      0 |   -2889   -587    91   110 | 136.75 -12.75  108.0
 09:44:36   HP/DDup from_below ask  30403.50 |      0      0      0    0      0 |   -2889   -587    91   110 |  137.0  -12.5 108.25
 09:44:36     onPOC from_above bid  30400.50 |     11     11      0    0      0 |   -2889   -587     2   121 |  140.0   -9.5 111.25
 09:44:36   HP/DDup from_above bid  30403.25 |     10     10      0    0      0 |   -2889   -587    91   110 | 137.25 -12.25  108.5
 09:44:36     onPOC from_above bid  30400.25 |     11     11      0    0      0 |   -2889   -587     2   121 | 140.25  -9.25  111.5
 09:44:36     onPOC from_above bid  30400.00 |     11     11      0    0      0 |   -2889   -587     2   121 |  140.5   -9.0 111.75
 09:44:43   HP/DDup from_above bid  30404.00 |     16     17      0    0      0 |   -2825   -409    91   113 |  136.5  -13.0  116.5
 09:44:47   HP/DDup from_below ask  30403.25 |     11     11      0    0      0 |   -2844   -413    98   139 | 137.25 -12.25 118.25
 09:44:50   HP/DDup from_above bid  30404.00 |      0      0      0    0      0 |   -2836   -426   106   140 |  136.5  -13.0 121.25
 09:44:50     onPOC from_above bid  30400.25 |     10     10      0    0      0 |   -2845   -435     3   130 | 140.25  -9.25  125.0
 09:44:50     onPOC from_below ask  30399.75 |      0      0      0    0      0 |   -2837   -423     4   130 | 140.75  -8.75  124.5
 09:44:50   HP/DDup from_below ask  30403.75 |     10     10      0    0      0 |   -2848   -434   115   143 | 136.75 -12.75  120.5
 09:44:50     onPOC from_below ask  30399.50 |      0      0      0    0      0 |   -2848   -434    15   140 |  141.0   -8.5 124.75
 09:44:50   HP/DDup from_below ask  30403.50 |     10     10      0    0      0 |   -2848   -434   115   143 |  137.0  -12.5 120.75
 09:44:50     onPOC from_below ask  30400.25 |      0      0      0    0      0 |   -2848   -434    15   140 | 140.25  -9.25  124.0
 09:44:50   HP/DDup from_below ask  30403.25 |     10     10      0    0      0 |   -2848   -434   115   143 | 137.25 -12.25  121.0
 09:44:50     onPOC from_above bid  30400.00 |     22     22      0    0      0 |   -2848   -434    15   140 |  140.5   -9.0 124.25
 09:44:50     onPOC from_above bid  30399.75 |     22     22      0    0      0 |   -2848   -434    15   140 | 140.75  -8.75  124.5
 09:44:50     onPOC from_above bid  30399.50 |     22     22      0    0      0 |   -2848   -434    15   140 |  141.0   -8.5 124.75
 09:44:50     onPOC from_below ask  30400.00 |      0      0      0    0      0 |   -2863   -449    15   142 |  140.5   -9.0 124.25
 09:44:50   HP/DDup from_below ask  30403.25 |     14     13      1    0      0 |   -2865   -452   116   149 | 137.25 -12.25 122.75
 09:44:51     onPOC from_above bid  30400.25 |     10     10      0    0      0 |   -2866   -439    15   143 | 140.25  -9.25 125.75
 09:44:51   HP/DDup from_below ask  30403.25 |     16      8      8    0      0 |   -2854   -417   124   144 | 137.25 -12.25 125.25
 09:44:53     onPOC from_below ask  30399.50 |     13     12      1    0      0 |   -2860   -415    20   147 |  141.0   -8.5  129.0
 09:44:57     onPOC from_above bid  30399.75 |     17      8      9    0      0 |   -2879   -429    46   150 | 140.75   -6.5 118.75
 09:44:57     onPOC from_above bid  30400.00 |     17      8      9    0      0 |   -2879   -429    46   150 |  140.5  -6.75  118.5
 09:44:57     onPOC from_above bid  30400.50 |     17     17      0    0      0 |   -2886   -436    46   157 |  140.0  -7.25  118.0
 09:44:57   HP/DDup from_below ask  30403.75 |     21     15      6    0      0 |   -2839   -391   133   127 | 136.75  -10.5 114.75
 09:44:57     onPOC from_above bid  30399.75 |      1      1      0    0      0 |   -2839   -391    64   152 | 140.75   -6.5 118.75
 09:44:57   HP/DDup from_below ask  30403.50 |     21     15      6    0      0 |   -2839   -391   133   127 |  137.0 -10.25  115.0
 09:44:57     onPOC from_above bid  30400.50 |      1      1      0    0      0 |   -2839   -391    64   152 |  140.0  -7.25  118.0
 09:44:57     onPOC from_above bid  30400.25 |      1      1      0    0      0 |   -2839   -391    64   152 | 140.25   -7.0 118.25
 09:44:57   HP/DDup from_below ask  30404.00 |     21     15      6    0      0 |   -2839   -391   133   127 |  136.5 -10.75  114.5
 09:44:57     onPOC from_above bid  30400.00 |      1      1      0    0      0 |   -2839   -391    64   152 |  140.5  -6.75  118.5
 09:44:57   HP/DDup from_below ask  30403.75 |     21     21      0    0      0 |   -2875   -427   133   135 | 136.75  -10.5 114.75
 09:44:57     onPOC from_above bid  30399.75 |      1      1      0    0      0 |   -2875   -427    64   160 | 140.75   -6.5 118.75
 09:44:57     onPOC from_above bid  30400.50 |      1      1      0    0      0 |   -2875   -427    64   160 |  140.0  -7.25  118.0
 09:44:57     onPOC from_below ask  30399.50 |      8      8      0    0      0 |   -2875   -427    64   160 |  141.0  -6.25  119.0
 09:44:57   HP/DDup from_below ask  30404.00 |     21     21      0    0      0 |   -2920   -472   133   143 |  136.5 -10.75  114.5
 09:44:57     onPOC from_above bid  30400.00 |      1      1      0    0      0 |   -2920   -472    64   174 |  140.5  -6.75  118.5
 09:44:57     onPOC from_below ask  30400.00 |     10     10      0    0      0 |   -2918   -465    66   174 |  140.5   -0.5 115.25
 09:45:00     onPOC from_above bid  30400.50 |      8      8      0    0      0 |   -2914   -444    71   179 |  140.0    0.0 113.75
 09:45:00   HP/DDup from_below ask  30403.50 |      6      6      0    0      0 |   -2913   -444   130   127 |  137.0   -1.5 110.75
 09:45:21       POC from_below ask  30449.50 |     13     15      0    0      0 |   -2796   -135     4     0 |   91.0  -46.5  71.25
 09:45:22       POC from_below ask  30449.50 |     15     14      1    0      0 |   -2795   -153    10     0 |   91.0  -46.5  71.25
 09:45:22       POC from_below ask  30449.75 |     12     12      0    0      0 |   -2795   -150    11     0 |  90.75 -46.75   71.0
 09:45:33       POC from_above bid  30450.25 |     19     18      1    0      0 |   -2652    135    22     2 |  90.25 -47.25   67.0
 09:45:33       POC from_above bid  30449.75 |      5      9      0    0      0 |   -2660    110    25     7 |  90.75 -46.75   66.0
 09:45:34       POC from_below ask  30449.50 |      8      7      1    0      0 |   -2666    101    30    13 |   91.0  -46.5  66.25
 09:45:34       POC from_below ask  30449.50 |     12      8      4    0      0 |   -2629    138    40    13 |   91.0  -46.5  66.25
 09:45:35       POC from_above bid  30450.25 |      0      0      0    0      0 |   -2632    135    43    14 |  90.25 -47.25   65.5
 09:45:35       POC from_below ask  30450.50 |      7      6      1    0      0 |   -2637    141    50    18 |   90.0  -47.5   66.5
 09:45:36       POC from_below ask  30449.50 |     13     13      0    0      0 |   -2635    142    58    24 |   91.0  -46.5  64.25
 09:45:38       POC from_below ask  30449.50 |      5      5      0    0      0 |   -2653    127    59    24 |   91.0  -46.5   59.0
 09:45:39       POC from_above bid  30450.00 |      9      9      0    0      0 |   -2658    118    60    25 |   90.5  -47.0  62.25
 09:45:39       POC from_above bid  30450.50 |     11     14      0    0      0 |   -2656    121    61    26 |   90.0  -47.5  59.75
 09:45:43       POC from_above bid  30450.25 |      3      5      0    0      0 |   -2640    168    63    30 |  90.25 -47.25   60.0
 09:45:46       POC from_above bid  30450.50 |      8      8      0    0      0 |   -2658    181    77    54 |   90.0  -47.5   62.0
 09:45:49       POC from_above bid  30450.25 |     10      9      1    0      0 |   -2657    183   110    58 |  90.25 -47.25  59.25
 09:45:52       POC from_above bid  30450.50 |      7      8      0    0      0 |   -2654    202    93    65 |   90.0  -47.5  69.25
 09:45:52       POC from_above bid  30450.25 |      9      9      0    0      0 |   -2655    201    93    66 |  90.25 -47.25   70.5
 09:45:52       POC from_above bid  30450.50 |     17     11      6    0      0 |   -2666    190    93    73 |   90.0  -47.5  68.25
 09:45:59       POC from_below ask  30450.00 |      5      4      1    0      0 |   -2673    238    99    84 |   90.5  -47.0   68.5
 09:46:00       POC from_above bid  30450.50 |      7      7      0    0      0 |   -2666    245   102    89 |   90.0  -47.5   68.0
 09:46:00       POC from_above bid  30450.00 |      8      8      0    0      0 |   -2671    243   102    91 |   90.5  -47.0  68.75
 09:46:01       POC from_below ask  30449.75 |      6      3      3    0      0 |   -2668    249   103    92 |  90.75 -46.75  67.75
 09:46:02       POC from_above bid  30450.50 |      5      6      0    0      0 |   -2671    240   105    97 |   90.0  -47.5   74.5
 09:46:31       POC from_above bid  30450.50 |     12     12      0    0      0 |   -2606     45    10     1 |  124.5  -47.5 116.75
 09:46:31       POC from_above bid  30450.25 |     12     12      0    0      0 |   -2625     26    21     4 | 124.75 -47.25  117.0
 09:46:31       POC from_below ask  30449.75 |      0      0      0    0      0 |   -2625     26    21     4 | 125.25 -46.75  117.5
 09:46:31       POC from_below ask  30450.50 |      0      0      0    0      0 |   -2680    -29    21    16 |  124.5  -47.5 116.75
 09:46:31       POC from_above bid  30450.25 |     12     12      0    0      0 |   -2680    -29    21    16 | 124.75 -47.25  117.0
 09:46:31       POC from_above bid  30450.00 |     12     12      0    0      0 |   -2702    -51    21    20 |  125.0  -47.0 117.25
 09:46:32       POC from_above bid  30450.50 |      9      9      0    0      0 |   -2704    -48    21    20 |  124.5  -47.5 116.75
 09:46:34       POC from_above bid  30450.00 |      8      7      1    0      0 |   -2700    -32    21    21 |  125.0  -47.0  112.5
 09:46:43       POC from_below ask  30449.75 |      9      8      1    0      0 |   -2746   -106    23    25 | 125.25 -46.75  117.5
 09:46:49       POC from_below ask  30449.50 |     18     20      0    0      0 |   -2736    -77    27    30 |  125.5  -46.5 114.25
 09:46:52       POC from_above bid  30450.25 |     12     11      1    0      0 |   -2763    -98    28    46 | 124.75 -47.25 113.75
 09:47:19       POC from_above bid  30450.00 |      3      4      0    0      0 |   -2791   -176     2    20 |  125.0  -47.0  107.0
 09:47:19       POC from_below ask  30449.75 |      5      3      2    0      0 |   -2818   -221     5    35 | 125.25 -46.75  113.5
 09:47:36       POC from_below ask  30450.50 |      6      6      0    0      0 |   -2871   -150     8    18 |  129.5  -47.5  115.0
 09:47:36       POC from_below ask  30450.25 |      6      6      0    0      0 |   -2853   -132    12    18 | 129.75 -47.25 115.25
 09:47:36       POC from_below ask  30449.75 |     12     12      0    0      0 |   -2852   -132    13    18 | 130.25 -46.75 115.75
 09:47:38       POC from_below ask  30449.50 |     13     13      0    0      0 |   -2846   -118    19    19 |  130.5  -46.5  118.0
 09:47:41       POC from_below ask  30449.50 |     18     19      0    0      0 |   -2834    -85    33    22 |  130.5  -46.5 119.25
 09:47:42       POC from_below ask  30450.00 |      9      9      0    0      0 |   -2827    -78    42    25 |  130.0  -47.0  120.0
 09:47:42       POC from_below ask  30449.50 |     15      0     15    0      0 |   -2841    -92    47    29 |  130.5  -46.5  120.5
 09:47:42       POC from_below ask  30449.50 |     15      0     15    0      0 |   -2841    -92    47    29 |  130.5  -46.5  120.5
 09:47:42       POC from_below ask  30450.25 |     15      0     15    0      0 |   -2841    -92    47    29 | 129.75 -47.25 119.75
 09:48:16       POC from_below ask  30449.75 |     14     14      0    0      0 |   -2708     74     2     1 | 130.25 -46.75  118.5
 09:48:27       POC from_below ask  30450.25 |      7      6      1    0      0 |   -2705    176    17    19 | 129.75 -47.25 103.25
 09:48:33       POC from_above bid  30450.50 |     12     14      0    0      0 |   -2674    231    28    27 |  129.5  -47.5 105.75
 09:48:42       POC from_above bid  30449.75 |      6      6      0    0      0 |   -2675    153    28    30 | 130.25 -46.75 104.75
 09:48:47       POC from_above bid  30449.75 |     17     14      3    0      0 |   -2662    205    53    28 | 130.25 -46.75  107.5
 09:48:47       POC from_above bid  30449.50 |     17     14      3    0      0 |   -2662    205    53    28 |  130.5  -46.5 107.75
 09:48:47       POC from_above bid  30450.25 |     17     14      3    0      0 |   -2662    205    53    28 | 129.75 -47.25  107.0
 09:48:48       POC from_above bid  30450.00 |      5      5      0    0      0 |   -2680     66    54    42 |  130.0  -47.0 103.75
 09:49:05       POC from_below ask  30449.50 |     22     19      3    0      0 |   -2766     -9    40    24 |  130.5  -46.5  125.0
 09:49:05       POC from_above bid  30449.50 |      0      0      0    0      0 |   -2757      0    51    25 |  130.5  -46.5 124.25
 09:49:05       POC from_below ask  30449.50 |     22     17      5    0      0 |   -2748      9    60    25 |  130.5  -46.5 124.25
 09:49:07       POC from_above bid  30450.25 |     12     11      1    0      0 |   -2744      1    74    33 | 129.75 -47.25  123.5
 09:49:07       POC from_above bid  30449.50 |      5      5      0    0      0 |   -2744     -9    74    34 |  130.5  -46.5 124.25
 09:49:09       POC from_above bid  30450.50 |     10     11      0    0      0 |   -2747    -44    76    38 |  131.5  -47.5  130.5
 09:49:11       POC from_above bid  30449.50 |      3      3      0    0      0 |   -2763    -60    79    52 |  137.5  -46.5  134.5
 09:49:12       POC from_below ask  30449.50 |     17     20      0    0      0 |   -2764    -61    85    50 | 137.75  -46.5  137.5
 09:49:37     onVAH from_below ask  30478.50 |     12     20      0    0      0 |   -2546    111    23     0 |  113.0  -75.5  95.75
 09:49:43     onVAH from_below ask  30478.50 |     16     20      0    0      0 |   -2564    119    29     1 |  113.0  -75.5   89.0
 09:49:43     onVAH from_above bid  30479.50 |      5      6      0    0      0 |   -2550    133    42     5 |  112.0  -76.5  85.75
 09:49:44     onVAH from_above bid  30479.50 |     10     10      0    0      0 |   -2552    131    42     9 |  112.0  -76.5  88.25
 09:49:47     onVAH from_below ask  30478.75 |      8      7      1    0      0 |   -2541    135    60    19 | 112.75 -75.75   92.0
 09:50:12     onVAH from_above bid  30478.75 |      0      0      0    0      0 |   -2374    390    46    22 | 112.75 -75.75   80.5
 09:50:12     onVAH from_above bid  30478.50 |      0      0      0    0      0 |   -2374    390    46    22 |  113.0  -75.5  80.75
 09:50:12     onVAH from_below ask  30478.75 |     18     18      0    0      0 |   -2373    391    47    26 | 112.75 -75.75   80.5
 09:50:12     onVAH from_above bid  30479.25 |      0      0      0    0      0 |   -2445    319    47    37 | 112.25 -76.25   80.0
 09:50:12     onVAH from_below ask  30479.00 |     18     18      0    0      0 |   -2456    308    47    39 |  112.5  -76.0  80.25
 09:50:15     onVAH from_below ask  30478.75 |      7      8      0    0      0 |   -2482    266    15    21 | 112.75 -75.75   67.0
 09:50:18     onVAH from_below ask  30478.50 |     12     11      1    0      0 |   -2543    156    15    24 |  113.0  -75.5  68.25
 09:50:29     onVAH from_below ask  30479.25 |      0      0      0    0      0 |   -2539    154    50    31 | 112.25 -76.25  66.25
 09:50:29     onVAH from_below ask  30478.50 |      0      0      0    0      0 |   -2539    154    50    31 |  113.0  -75.5   67.0
 09:50:41     EM+1s from_below ask  30508.50 |     11     13      0    0      0 |   -2407    161     4     0 |   83.0 -105.5   36.5
 09:50:43     EM+1s from_below ask  30508.25 |     15     15      0    0      0 |   -2393    177     6     0 |  83.25 -105.25  38.75
 09:50:43     EM+1s from_below ask  30508.50 |      9      9      0    0      0 |   -2408    153    10     1 |   83.0 -105.5   38.5
 09:50:50     EM+1s from_below ask  30508.25 |     14     10      4    0      0 |   -2436     58    26     4 |  83.25 -105.25  34.25
 09:51:11     EM+1s from_below ask  30508.25 |     15     15      0    0      0 |   -2407    -25    39    17 |  83.25 -105.25   44.5
 09:51:13     EM+1s from_below ask  30509.00 |      4      4      0    0      0 |   -2353    124    48    26 |   82.5 -106.0   40.0
 09:51:14     EM+1s from_below ask  30508.25 |      9      9      0    0      0 |   -2353    124    52    35 |  83.25 -105.25   41.5
 09:51:15     EM+1s from_above bid  30508.75 |     13     13      0    0      0 |   -2327    155    63    37 |  82.75 -105.75   41.0
 09:51:16     EM+1s from_above bid  30509.00 |     12     11      1    0      0 |   -2331    162    71    45 |   82.5 -106.0  39.75
 09:51:41     onVAH from_above bid  30479.50 |     21     10     11    0      0 |   -2445    -30     0    13 |  112.0  -76.5   78.0
 09:51:41     onVAH from_above bid  30478.50 |      1      0      1    0      0 |   -2457    -39     1    25 |  113.0  -75.5  77.25
 09:51:49     onVAH from_above bid  30478.75 |      3      2      1    0      0 |   -2431    -28     2    27 | 112.75 -75.75   76.5
 09:51:50     onVAH from_below ask  30478.50 |     28     28      0    0      0 |   -2440     21    11    31 |  113.0  -75.5   76.5
 09:51:50     onVAH from_below ask  30479.25 |     10      9      1    0      0 |   -2453     12    12    31 | 112.25 -76.25   76.5
 09:51:52     onVAH from_above bid  30479.25 |     18     18      0    0      0 |   -2448    -15    18    33 | 112.25 -76.25  75.75
 09:51:59     EM+1s from_below ask  30508.25 |      7      7      0    0      0 |   -2335    103     1     0 |  83.25 -105.25   51.5
 09:51:59     EM+1s from_below ask  30508.25 |     11     10      1    0      0 |   -2318    120    17     3 |  83.25 -105.25   51.5
 09:51:59     EM+1s from_above bid  30508.50 |      0      0      0    0      0 |   -2306    132    18     3 |   83.0 -105.5  51.25
 09:52:01     EM+1s from_below ask  30509.00 |      3      3      0    0      0 |   -2314    128    27     8 |   82.5 -106.0  48.75
 09:52:01     EM+1s from_above bid  30509.00 |     12     12      0    0      0 |   -2310    120    27     9 |   82.5 -106.0  46.25
 09:52:11     EM+1s from_above bid  30508.75 |      0      0      0    0      0 |   -2287     87    30    26 |  82.75 -105.75   55.0
 09:52:11     EM+1s from_above bid  30508.50 |      0      0      0    0      0 |   -2287     87    30    26 |   83.0 -105.5  55.25
 09:52:11     EM+1s from_below ask  30509.00 |      6      5      1    0      0 |   -2284     87    31    26 |   82.5 -106.0   56.0
 09:52:25     EM+1s from_above bid  30508.50 |      9      8      1    0      0 |   -2356    105    41    37 |   83.0 -105.5   39.0
 09:52:25     EM+1s from_above bid  30508.50 |      9      4      5    0      0 |   -2349    112    50    41 |   83.0 -105.5  39.25
 09:52:46       VAH from_below ask  30521.50 |     18     17      1    0      0 |   -2305    145     6     0 |   70.0 -118.5  31.75
 09:52:47    LVN_dn from_below ask  30527.00 |      8      6      2    0      0 |   -2262    183     4     0 |   64.5 -124.0   19.5
 09:52:49       VAH from_above bid  30522.25 |      6     10      0    0      0 |   -2266    177    25    12 |  69.25 -119.25  26.25
 09:52:50       VAH from_below ask  30521.75 |      8      8      0    0      0 |   -2270    183    27    20 |  69.75 -118.75  27.75
 09:52:51       VAH from_above bid  30522.00 |      6      5      1    0      0 |   -2271    174    41    37 |   69.5 -119.0   27.5
 09:52:52    LVN_dn from_below ask  30526.75 |     18     14      4    0      0 |   -2266    164    13     0 |  64.75 -123.75  26.25
 09:52:54       VAH from_above bid  30521.75 |      2      4      0    0      0 |   -2283     99    43    41 |  69.75 -118.75   32.5
 09:52:59       VAH from_below ask  30521.75 |     11     11      0    0      0 |   -2324     13    57    51 |  69.75 -118.75   32.5
 09:53:00       VAH from_below ask  30521.75 |     11     10      1    0      0 |   -2323     -9    63    52 |  69.75 -118.75  36.25
 09:53:02       VAH from_above bid  30522.50 |     17     17      0    0      0 |   -2316    -25    74    60 |   69.0 -119.5  33.25
 09:53:22       VAH from_below ask  30522.25 |      5      5      0    0      0 |   -2338      7    47    39 |  69.25 -119.25  27.75
 09:53:23       VAH from_below ask  30522.25 |     12      8      4    0      0 |   -2321     24    59    45 |  69.25 -119.25   27.5
 09:53:23       VAH from_below ask  30521.50 |     12      8      4    0      0 |   -2321     24    59    45 |   70.0 -118.5  28.25
 09:53:23       VAH from_below ask  30522.50 |     12      8      4    0      0 |   -2321     24    59    45 |   69.0 -119.5  27.25
 09:53:24       VAH from_below ask  30522.25 |      6      5      1    0      0 |   -2325     20    60    44 |  69.25 -119.25  25.75
 09:53:24       VAH from_above bid  30521.50 |      6      5      1    0      0 |   -2323     21    62    43 |   70.0 -118.5   26.5
 09:53:24       VAH from_below ask  30522.25 |      5      5      0    0      0 |   -2330     16    57    45 |  69.25 -119.25  27.75
 09:53:28       VAH from_below ask  30521.75 |      9      8      1    0      0 |   -2347     44    58    51 |  69.75 -118.75  35.75
 09:53:30       VAH from_below ask  30522.50 |      1      1      0    0      0 |   -2341     50    53    52 |   69.0 -119.5  34.25
 09:53:32       VAH from_above bid  30522.25 |      3      4      0    0      0 |   -2334     50    44    45 |  69.25 -119.25   37.5
 09:53:35    LVN_dn from_below ask  30527.00 |     39     40      0    0      0 |   -2331      1     3     0 |   64.5 -124.0  33.25
 09:53:50    LVN_dn from_above bid  30527.75 |     26     25      1    0      0 |   -2214     49    34    18 |  63.75 -124.75  20.25
 09:53:54    LVN_dn from_above bid  30527.75 |      9      8      1    0      0 |   -2229     50    39    44 |  63.75 -124.75   19.0
 09:53:55       VAH from_above bid  30522.50 |     10     10      0    0      0 |   -2238     49    15    21 |   69.0 -119.5  22.75
 09:53:56    LVN_dn from_below ask  30527.25 |     21     11     10    0      0 |   -2215    101    46    47 |  64.25 -124.25   13.5
 09:53:56    LVN_dn from_below ask  30527.00 |     21     21      0    0      0 |   -2194    122    52    48 |   64.5 -124.0  13.75
 09:53:56    LVN_dn from_below ask  30527.50 |     21     21      0    0      0 |   -2213    103    52    50 |   64.0 -124.5  13.25
 09:53:56    LVN_dn from_below ask  30526.75 |     22     14      8    0      0 |   -2194    121    66    50 |  64.75 -123.75   14.0
 09:53:57       VAH from_above bid  30522.25 |      6      7      0    0      0 |   -2201    136    14    23 |  69.25 -119.25   16.0
 09:54:00       VAH from_above bid  30522.50 |     15     15      0    0      0 |   -2206    112     7    21 |   69.0 -119.5   12.5
 09:54:00       VAH from_above bid  30522.50 |     11     12      0    0      0 |   -2206    112     7    23 |   69.0 -119.5  12.75
 09:54:01       VAH from_above bid  30522.50 |     16     15      1    0      0 |   -2195    123    20    30 |   69.0 -119.5   13.5
 09:54:01       VAH from_above bid  30522.00 |     21     21      0    0      0 |   -2181    137    35    38 |   69.5 -119.0   13.0
 09:54:01       VAH from_above bid  30522.00 |     21     21      0    0      0 |   -2198    120    35    41 |   69.5 -119.0   13.0
 09:54:01    LVN_dn from_below ask  30526.75 |      9      9      0    0      0 |   -2196    122    67    50 |  64.75 -123.75   8.25
 09:54:01       VAH from_above bid  30522.25 |      6      7      0    0      0 |   -2199    119    35    42 |  69.25 -119.25  12.75
 09:54:02       VAH from_above bid  30522.25 |      9      9      0    0      0 |   -2195    123    37    44 |  69.25 -119.25  12.75
 09:54:02       VAH from_above bid  30522.50 |     14     15      0    0      0 |   -2209    107    40    53 |   69.0 -119.5    8.5
 09:54:02       VAH from_below ask  30522.50 |      2      1      1    0      0 |   -2218     95    46    64 |   69.0 -119.5    9.0
 09:54:14     EM+1s from_above bid  30508.75 |     13     12      1    0      0 |   -2311     37     0     5 |  82.75 -105.75   29.5
 09:54:14     EM+1s from_above bid  30509.00 |     18     14      4    0      0 |   -2312     36     1    11 |   82.5 -106.0  29.25
 09:54:15     EM+1s from_above bid  30508.25 |      0      0      0    0      0 |   -2317     31     2    24 |  83.25 -105.25   30.0
 09:54:16     EM+1s from_below ask  30508.25 |      9     11      0    0      0 |   -2317     33    10    26 |  83.25 -105.25   24.5
 09:54:34     onVAH from_above bid  30478.50 |      4      4      0    0      0 |   -2404    -70     3     0 |  113.0  -75.5  26.75
 09:54:34     onVAH from_below ask  30478.50 |     11     11      0    0      0 |   -2426    -92     6    17 |  113.0  -75.5  26.75
 09:54:34     onVAH from_below ask  30478.75 |      9      9      0    0      0 |   -2451   -117     8    21 | 112.75 -75.75   26.5
 09:54:34     onVAH from_below ask  30478.50 |      9      9      0    0      0 |   -2451   -117     8    21 |  113.0  -75.5  26.75
 09:54:34     onVAH from_below ask  30478.50 |     11      9      2    0      0 |   -2470   -136     8    23 |  113.0  -75.5  26.75
 09:54:35     onVAH from_below ask  30479.50 |      5      5      0    0      0 |   -2481   -143    13    24 |  112.0  -76.5  24.75
 09:54:36     onVAH from_below ask  30478.50 |     26     25      1    0      0 |   -2504   -251    21    29 |  113.0  -75.5   27.5
 09:54:39     onVAH from_below ask  30478.75 |     16     17      0    0      0 |   -2509   -289    27    30 | 112.75 -75.75  38.75
 09:54:39     onVAH from_below ask  30478.50 |     21     20      1    0      0 |   -2509   -290    30    31 |  113.0  -75.5   37.0
 09:54:39     onVAH from_above bid  30479.50 |     15     17      0    0      0 |   -2508   -289    32    38 |  112.0  -76.5   35.5
 09:55:11     onVAH from_below ask  30479.50 |      0      0      0    0      0 |   -2570   -291     3     0 |  112.0  -76.5  41.75
 09:55:12     onVAH from_below ask  30478.50 |     19     18      1    0      0 |   -2587   -306     8     3 |  113.0  -75.5   43.5
 09:55:12     onVAH from_below ask  30478.75 |     15      3     12    0      0 |   -2578   -297    20     6 | 112.75 -75.75  43.25
 09:55:12     onVAH from_below ask  30479.25 |     15     15      0    0      0 |   -2558   -277    34    14 | 112.25 -76.25  42.75
 09:55:12     onVAH from_below ask  30479.00 |     15     15      0    0      0 |   -2558   -277    34    14 |  112.5  -76.0   43.0
 09:55:12     onVAH from_below ask  30479.00 |     15     15      0    0      0 |   -2558   -277    34    14 |  112.5  -76.0   43.0
 09:55:14     onVAH from_below ask  30478.50 |     14     13      1    0      0 |   -2585   -284    39    28 |  113.0  -75.5   36.0
 09:55:18     onVAH from_above bid  30478.75 |      2      2      0    0      0 |   -2575   -229    44    33 | 112.75 -75.75   33.5
 09:55:18     onVAH from_below ask  30479.25 |     15     16      0    0      0 |   -2578   -217    49    36 | 112.25 -76.25  33.75
 09:55:19     onVAH from_below ask  30478.50 |     15     21      0    0      0 |   -2570   -209    58    38 |  113.0  -75.5   33.5
 09:55:21     onVAH from_above bid  30479.00 |      6      6      0    0      0 |   -2564   -199    58    42 |  112.5  -76.0  31.25
 09:55:32       POC from_above bid  30450.50 |     30     30      0    0      0 |   -2707   -296     1    11 |  141.0  -47.5   53.5
 09:55:32       POC from_above bid  30450.25 |     30     30      0    0      0 |   -2707   -296     1    11 | 141.25 -47.25  53.75
 09:55:33       POC from_above bid  30450.50 |     21     22      0    0      0 |   -2716   -310     1    14 |  141.0  -47.5  59.75
 09:55:34       POC from_above bid  30450.25 |     20     26      0    0      0 |   -2718   -313     1    19 | 141.25 -47.25  62.75
 09:55:40       POC from_below ask  30450.25 |      6      5      1    0      0 |   -2788   -274     6    46 | 141.25 -47.25   57.0
 09:55:45       POC from_below ask  30450.00 |      9      8      1    0      0 |   -2779   -218    15    57 |  141.5  -47.0  55.75
 09:55:45       POC from_above bid  30450.00 |     11     14      0    0      0 |   -2768   -199    27    58 |  141.5  -47.0  55.75
 09:55:45       POC from_above bid  30449.75 |      6      5      1    0      0 |   -2761   -166    28    59 | 141.75 -46.75   55.0
 09:55:56       POC from_below ask  30450.25 |      3      3      0    0      0 |   -2751   -159    37    66 | 141.25 -47.25  67.75
 09:56:42       POC from_above bid  30450.00 |      3      6      0    0      0 |   -2796    -13     0     6 |  141.5  -47.0  115.0
 09:56:43       POC from_above bid  30450.50 |     13     14      0    0      0 |   -2798    -15     5     9 |  141.0  -47.5  114.5
 09:56:43       POC from_below ask  30449.75 |      4      2      2    0      0 |   -2811    -28     5    21 | 141.75 -46.75 115.25
 09:56:49       POC from_below ask  30449.75 |     13     12      1    0      0 |   -2831    -59    20    22 | 141.75 -46.75 116.25
 09:56:49       POC from_below ask  30449.50 |     13     12      1    0      0 |   -2831    -59    20    22 |  142.0  -46.5  116.5
 09:56:55       POC from_below ask  30449.50 |      1      1      0    0      0 |   -2829    -74    23    22 |  142.0  -46.5 124.25
 09:56:56       POC from_above bid  30449.50 |      5      6      0    0      0 |   -2802    -49    24    24 |  142.0  -46.5 125.75
 09:57:00       POC from_below ask  30449.50 |      9      8      1    0      0 |   -2800   -123    30    25 |  142.0  -46.5  120.5
 09:57:02       POC from_below ask  30449.75 |      0      0      0    0      0 |   -2790   -113    34    25 | 141.75 -46.75  121.0
 09:57:02       POC from_above bid  30449.50 |     15     15      0    0      0 |   -2790   -113    34    25 |  142.0  -46.5 121.25
 09:57:02       POC from_below ask  30450.25 |      0      0      0    0      0 |   -2786   -109    42    27 | 141.25 -47.25  120.5
 09:57:02       POC from_below ask  30450.00 |      0      0      0    0      0 |   -2786   -109    42    27 |  141.5  -47.0 120.75
 09:57:02       POC from_above bid  30449.50 |     15     15      0    0      0 |   -2788   -111    42    29 |  142.0  -46.5 121.25
 09:57:02       POC from_above bid  30450.50 |      7      9      0    0      0 |   -2798   -121    42    30 |  141.0  -47.5 119.75
 09:57:04       POC from_above bid  30450.00 |      1      1      0    0      0 |   -2801   -133    43    35 |  141.5  -47.0  126.0
 09:58:37   HP/DDup from_above bid  30404.00 |      8      2      6    0      0 |   -3327   -341     0     6 |  202.0   -1.0  200.0
 09:59:36       POC from_below ask  30449.75 |     27     27      0    0      0 |   -3049    254     6     0 | 163.75  -14.5 158.25
 09:59:36       POC from_below ask  30449.50 |     27     27      0    0      0 |   -3049    254     6     0 |  164.0 -14.25  158.5
 09:59:36       POC from_below ask  30450.00 |     13     12      1    0      0 |   -3047    256     9     0 |  163.5 -14.75  158.0
 09:59:37       POC from_above bid  30449.50 |      5      5      0    0      0 |   -3034    268    20     4 |  164.0 -14.25  158.5
 09:59:48       POC from_below ask  30449.50 |     15     15      0    0      0 |   -2996    190    39    13 |  164.0   -2.5 159.75
 10:00:02     onVAH from_below ask  30478.75 |     15     12      3    0      0 |   -2833    372     3     0 | 134.75 -29.25  119.0
 10:00:03     onVAH from_above bid  30479.25 |      8      8      0    0      0 |   -2806    397    11     4 | 134.25 -29.75  118.0
 10:00:04     onVAH from_below ask  30478.50 |      5      5      0    0      0 |   -2807    380    16    11 |  135.0  -29.0 124.25
 10:00:08     onVAH from_above bid  30479.50 |     12     12      0    0      0 |   -2840    359    23    17 |  134.0  -30.0 124.25
 10:00:09     onVAH from_above bid  30479.25 |      7      6      1    0      0 |   -2824    389    27    21 | 134.25 -29.75  124.5
 10:00:14     onVAH from_above bid  30479.50 |      7      7      0    0      0 |   -2744    504    30    28 |  134.0  -30.0  113.5
 10:00:15     onVAH from_above bid  30478.50 |      2      1      1    0      0 |   -2753    497    31    33 |  135.0  -29.0  116.5
 10:00:15     onVAH from_below ask  30479.00 |     10      9      1    0      0 |   -2754    491    32    34 |  134.5  -29.5  116.0
 10:00:18     onVAH from_above bid  30479.50 |     29     21      8    0      0 |   -2775    487    36    47 |  134.0  -30.0 120.25
 10:00:37       POC from_above bid  30450.50 |     24     24      0    0      0 |   -3006     26     0     1 |  163.0   -1.0 138.75
 10:00:40       POC from_above bid  30450.00 |     19     18      1    0      0 |   -3028     25     2    25 |  163.5   -0.5  132.0
 10:00:48     onVAH from_below ask  30478.50 |     14     14      0    0      0 |   -3007    -11     7     9 |  135.0   -5.5 102.75
 10:00:50     onVAH from_below ask  30479.25 |      6      6      0    0      0 |   -3012    -53    22    10 | 134.25   -3.5  99.75
 10:00:53     onVAH from_above bid  30479.50 |      5      5      0    0      0 |   -3018    -57    23     4 |  134.0  -3.75   98.0
 10:00:54     onVAH from_above bid  30479.50 |      8      8      0    0      0 |   -2963    -13    32    14 |  134.0  -3.75  99.25
 10:00:54     onVAH from_below ask  30478.75 |      0      0      0    0      0 |   -2990    -40    32    16 | 134.75   -3.0  100.0
 10:00:54     onVAH from_below ask  30478.50 |      0      0      0    0      0 |   -3065   -115    32    18 |  135.0   -2.5 100.25
 10:00:54     onVAH from_above bid  30479.00 |      8      8      0    0      0 |   -3083   -132    32    21 |  134.5   -3.0  99.75
 10:00:55     onVAH from_above bid  30479.50 |     14     14      0    0      0 |   -3083   -130    32    22 |  134.0   -3.0  99.25
 10:00:55     onVAH from_below ask  30478.50 |     11     11      0    0      0 |   -3086   -150    40    35 |  135.0   -1.5  101.5
 10:01:00     onVAH from_above bid  30479.50 |     14      8      6    0      0 |   -3087   -196    44    49 |  134.0   -2.5  98.25
 10:01:00     onVAH from_above bid  30479.00 |      9      8      1    0      0 |   -3086   -218    45    51 |  134.5   -2.0  98.75
 10:01:01     onVAH from_below ask  30479.00 |      8      8      0    0      0 |   -3098   -244    50    66 |  134.5   -1.5  98.75
 10:01:58     onVAH from_above bid  30478.75 |     11     11      0    0      0 |   -3182    -93     1    16 | 134.75    0.0 108.25
 10:01:58     onVAH from_above bid  30479.00 |     11     11      0    0      0 |   -3182    -93     1    16 |  134.5  -0.25  108.0
 10:02:23     EM+1s from_below ask  30508.25 |     21     15      6    0      0 |   -3091    -85     6     0 | 105.25 -18.25   82.5
 10:02:24     EM+1s from_below ask  30508.25 |     16     15      1    0      0 |   -3101    -95    10     0 | 105.25 -18.25   82.5
 10:02:42     EM+1s from_below ask  30508.25 |      9      9      0    0      0 |   -3104    -45    22     4 | 105.25  -18.0  75.25
 10:02:43     EM+1s from_below ask  30508.25 |      9      9      0    0      0 |   -3105    -46    24     4 | 105.25  -18.0  75.25
 10:02:44     EM+1s from_above bid  30508.75 |      6      5      1    0      0 |   -3085    -20    30    10 | 104.75  -18.5   73.0
 10:02:45     EM+1s from_above bid  30509.00 |     17     16      1    0      0 |   -3059     43    42    38 |  104.5 -18.75  75.25
 10:02:46     EM+1s from_below ask  30509.00 |     11     11      0    0      0 |   -3053     46    49    40 |  104.5 -18.75   76.5
 10:02:48     EM+1s from_above bid  30508.25 |      6      6      0    0      0 |   -3062     42    53    49 | 105.25  -18.0   84.5
 10:02:49     EM+1s from_below ask  30508.50 |      3      2      1    0      0 |   -3080     43    56    57 |  105.0 -18.25   86.5
 10:02:54     EM+1s from_below ask  30508.50 |     10     10      0    0      0 |   -3098     47    49    58 |  105.0 -18.25   85.0
 10:03:01     EM+1s from_below ask  30508.25 |      9      8      1    0      0 |   -3106     78    44    54 | 105.25  -18.0  83.25
 10:03:04     EM+1s from_below ask  30508.50 |      5      5      0    0      0 |   -3111     49    60    82 |  105.0 -18.25   88.0
 10:03:05     EM+1s from_above bid  30508.75 |     10      9      1    0      0 |   -3106     60    62    85 | 104.75  -18.5   86.5
 10:03:07     EM+1s from_below ask  30508.50 |      8      8      0    0      0 |   -3106     51    71    87 |  105.0 -18.25   85.5
 10:03:09     EM+1s from_below ask  30508.25 |     41     40      1    0      0 |   -3115     47    72    88 | 105.25  -18.0   85.0
 10:03:29     EM+1s from_below ask  30509.00 |      3      3      0    0      0 |   -3197    -58    37    36 |  104.5   -8.5   96.5
 10:03:30     EM+1s from_above bid  30509.00 |     13     13      0    0      0 |   -3193    -39    47    50 |  104.5   -8.5   98.0
 10:03:31     EM+1s from_above bid  30508.50 |      6      6      0    0      0 |   -3191    -53    43    54 |  105.0   -8.0   97.5
 10:03:37       VAH from_below ask  30521.50 |      5      4      1    0      0 |   -3076     45     3     0 |   92.0  -21.0  91.25
 10:03:40       VAH from_below ask  30521.50 |      7      6      1    0      0 |   -3059     51    15     0 |  107.5  -21.0  102.5
 10:03:40    LVN_dn from_below ask  30527.50 |      8      7      1    0      0 |   -3046     64     1     0 |  101.5  -27.0   96.5
 10:03:40    LVN_dn from_below ask  30527.75 |      2      2      0    0      0 |   -3045     65     9     0 | 101.25 -27.25  96.25
 10:03:41    LVN_dn from_below ask  30527.50 |      0      0      0    0      0 |   -3025     88    17     1 |  101.5  -27.0   96.5
 10:03:41    LVN_dn from_below ask  30527.25 |      0      0      0    0      0 |   -3025     88    17     1 | 101.75 -26.75  96.75
 10:03:41    LVN_dn from_above bid  30527.25 |     34     34      0    0      0 |   -3044     69    17     8 | 101.75 -26.75  96.75
 10:03:41    LVN_dn from_above bid  30527.50 |     34     34      0    0      0 |   -3044     69    17     8 |  101.5  -27.0   96.5
 10:03:42    LVN_dn from_above bid  30527.75 |     21     14      7    0      0 |   -3062     46    32    46 | 101.25 -27.25  94.25
 10:03:43    LVN_dn from_below ask  30526.75 |     14     14      0    0      0 |   -3074     32    36    57 | 102.25 -26.25  95.25
 10:03:46       VAH from_above bid  30522.50 |     11      8      3    0      0 |   -3078    -29    18    10 |  106.5  -22.0  96.25
 10:03:46    LVN_dn from_below ask  30527.50 |      9      9      0    0      0 |   -3074    -17    41    57 |  101.5  -27.0   91.0
 10:03:47       VAH from_below ask  30521.50 |     10     10      0    0      0 |   -3071    -14    28    15 |  107.5  -21.0   96.0
 10:03:47       VAH from_below ask  30522.25 |      9      9      0    0      0 |   -3070    -13    29    15 | 106.75 -21.75  95.25
 10:03:47       VAH from_above bid  30522.25 |      7      4      3    0      0 |   -3074    -17    30    22 | 106.75 -21.75  95.25
 10:03:48       VAH from_above bid  30522.50 |     29     26      3    0      0 |   -3077    -20    32    30 |  106.5  -22.0   95.0
 10:03:52       VAH from_below ask  30521.50 |     17     16      1    0      0 |   -3101     -5    36    35 |  107.5  -21.0  95.25
 10:03:53       VAH from_below ask  30521.50 |     19     18      1    0      0 |   -3116    -20    43    42 |  107.5  -21.0  95.25
 10:03:54       VAH from_below ask  30521.75 |     17     16      1    0      0 |   -3121    -22    44    42 | 107.25 -21.25   95.0
 10:04:01     EM+1s from_above bid  30509.00 |     30     22      8    0      0 |   -3201    -91     1    12 | 122.75   -8.5 120.75
 10:04:03     EM+1s from_above bid  30509.00 |     15     12      3    0      0 |   -3205    -95     1    12 | 122.75   -8.5  121.5
 10:04:18     EM+1s from_above bid  30509.00 |     12     11      1    0      0 |   -3184     -2    11    23 |  130.5   -8.5 128.25
 10:04:19     EM+1s from_below ask  30509.00 |     10     10      0    0      0 |   -3187     -5    17    27 |  130.5   -8.5 128.25
 10:04:20     EM+1s from_above bid  30508.75 |      9      9      0    0      0 |   -3195     -7    24    44 | 130.75  -8.25 128.25
 10:04:22     EM+1s from_above bid  30509.00 |      9      9      0    0      0 |   -3188     19    29    55 |  130.5   -8.5  125.5
 10:04:25     EM+1s from_above bid  30508.50 |      4      3      1    0      0 |   -3193     24    33    63 |  131.0   -8.0  126.5
 10:04:28     EM+1s from_above bid  30508.50 |     13     13      0    0      0 |   -3202      9    41    79 | 134.25   -8.0 132.25
 10:04:33     EM+1s from_above bid  30509.00 |      7      6      1    0      0 |   -3201    -30    41    66 |  135.0   -8.5  124.5
 10:04:39       VAH from_below ask  30522.00 |      9      9      0    0      0 |   -3180   -122     8     0 |  122.0  -21.5  103.0
 10:04:40       VAH from_above bid  30522.25 |      1      1      0    0      0 |   -3155   -111    25     7 | 121.75 -21.75  100.5
 10:04:40       VAH from_above bid  30521.75 |      1      1      0    0      0 |   -3155   -111    25     7 | 122.25 -21.25  101.0
 10:04:40       VAH from_above bid  30522.00 |      1      1      0    0      0 |   -3155   -111    25     7 |  122.0  -21.5 100.75
 10:04:43       VAH from_below ask  30521.50 |     14     13      1    0      0 |   -3171   -102    35    22 |  122.5  -21.0 103.75
 10:04:44       VAH from_below ask  30522.00 |     10     10      0    0      0 |   -3172   -103    39    22 |  122.0  -21.5  102.0
 10:04:47       VAH from_below ask  30521.50 |      6      5      1    0      0 |   -3184   -113    39    23 |  122.5  -21.0 102.25
 10:04:48       VAH from_below ask  30521.50 |     13     13      0    0      0 |   -3192   -102    39    27 |  122.5  -21.0 103.75
 10:04:50    LVN_dn from_below ask  30526.75 |     31     22      9    0      0 |   -3143    -40    13     0 | 117.25 -26.25   98.0
 10:04:51    LVN_dn from_below ask  30526.75 |     18     19      0    0      0 |   -3144    -41    14     1 | 117.25 -26.25  97.75
 10:04:52    LVN_dn from_above bid  30527.00 |      6      5      1    0      0 |   -3143    -40    18     7 |  117.0  -26.5   97.5
 10:04:52    LVN_dn from_above bid  30527.75 |     15     15      0    0      0 |   -3144    -44    22     8 | 116.25 -27.25   98.0
 10:04:53    LVN_dn from_above bid  30527.75 |     15     14      1    0      0 |   -3149    -33    22    11 | 116.25 -27.25  101.0
 10:04:53    LVN_dn from_above bid  30527.75 |      8      8      0    0      0 |   -3136    -18    26    11 | 116.25 -27.25   98.0
 10:04:54    LVN_dn from_above bid  30527.50 |     13     13      0    0      0 |   -3120      1    29    13 |  116.5  -27.0   99.0
 10:04:55       VAH from_above bid  30522.50 |     11      6      5    0      0 |   -3142     -4    41    33 |  121.5  -22.0 102.25
 10:05:05       VAH from_below ask  30521.75 |      9      9      0    0      0 |   -3213     -4    44    38 | 122.25 -21.25   96.0
 10:05:07       VAH from_below ask  30521.50 |     16     15      1    0      0 |   -3210    -37    46    38 |  122.5  -21.0   99.5
 10:05:09       VAH from_below ask  30521.50 |     16     15      1    0      0 |   -3213    -48    48    38 |  122.5  -21.0   93.0
 10:05:09       VAH from_above bid  30521.75 |      6      6      0    0      0 |   -3211    -49    53    43 | 122.25 -21.25   92.0
 10:05:10       VAH from_above bid  30522.50 |     16     16      0    0      0 |   -3214    -49    45    50 |  121.5  -22.0  91.75
 10:05:10       VAH from_below ask  30521.75 |     13     12      1    0      0 |   -3216    -51    50    59 | 122.25 -21.25   90.5
 10:05:11    LVN_dn from_below ask  30527.25 |     13     13      0    0      0 |   -3199    -34    32    21 | 116.75 -26.75   85.0
 10:05:12    LVN_dn from_below ask  30526.75 |     23     17      6    0      0 |   -3180    -15    41    21 | 117.25 -26.25   85.5
 10:05:12    LVN_dn from_below ask  30526.75 |      7      8      0    0      0 |   -3180     -5    41    22 | 117.25 -26.25   83.0
 10:05:15    LVN_dn from_below ask  30526.75 |     14     14      0    0      0 |   -3137     26    53    29 | 117.25 -26.25   81.0
 10:05:16       VAH from_above bid  30522.50 |     25     22      3    0      0 |   -3152     14    33    47 |  121.5  -22.0   87.5
 10:05:17       VAH from_above bid  30522.00 |      7      5      2    0      0 |   -3163      5    47    67 |  122.0  -21.5   88.5
 10:05:19       VAH from_above bid  30522.00 |      8      8      0    0      0 |   -3154     42    60    76 |  122.0  -21.5   96.5
 10:05:22       VAH from_below ask  30522.25 |      5      5      0    0      0 |   -3161     26    62    78 | 121.75 -21.75  98.75
 10:05:25       VAH from_below ask  30521.50 |      7      7      0    0      0 |   -3193     -9    72    73 |  122.5  -21.0   95.5
 10:05:29       VAH from_below ask  30522.00 |      9      9      0    0      0 |   -3201    -15    73    78 |  122.0  -21.5   95.0
 10:05:38     EM+1s from_above bid  30508.75 |     28     28      0    0      0 |   -3272    -60     0     8 | 135.25  -8.25  115.0
 10:05:38     EM+1s from_below ask  30508.50 |      9      8      1    0      0 |   -3305    -93     6    41 |  135.5   -8.0  113.5
 10:05:41     EM+1s from_above bid  30508.75 |     16     15      1    0      0 |   -3310   -140     6    46 | 135.25  -8.25 106.25
 10:05:43     EM+1s from_above bid  30508.50 |      9      8      1    0      0 |   -3330   -160     6    51 |  135.5   -8.0 106.25
 10:05:48     EM+1s from_above bid  30509.00 |     13     12      1    0      0 |   -3335   -143     6    53 |  135.0   -8.5 102.75
 10:05:49     EM+1s from_above bid  30509.00 |      8      8      0    0      0 |   -3340   -155     8    63 |  135.0   -8.5  106.5
 10:05:56     EM+1s from_above bid  30508.75 |      5      5      0    0      0 |   -3423   -247    12   166 | 135.25  -8.25  110.0
 10:06:01       VAH from_below ask  30521.50 |     16     16      0    0      0 |   -3418   -195     2     0 |  122.5  -21.0  100.0
 10:06:02    LVN_dn from_below ask  30527.75 |      0      0      0    0      0 |   -3333   -110    13     0 | 116.25 -27.25  95.25
 10:06:02    LVN_dn from_below ask  30527.50 |      0      0      0    0      0 |   -3333   -110    13     0 |  116.5  -27.0   95.5
 10:06:02    LVN_dn from_below ask  30527.25 |      0      0      0    0      0 |   -3325   -102    16     0 | 116.75 -26.75  95.75
 10:06:02       PDH from_below ask  30545.25 |      1      1      0    0      0 |   -3221      2    31     0 |  98.75 -44.75  77.75
 10:06:02    LVN_dn from_above bid  30527.00 |     21     21      0    0      0 |   -3221      2    23     0 |  117.0  -26.5   96.0
 10:06:02       PDH from_below ask  30545.00 |      1      1      0    0      0 |   -3221      2    31     0 |   99.0  -44.5   78.0
 10:06:02    LVN_dn from_above bid  30526.75 |     21     21      0    0      0 |   -3221      2    23     0 | 117.25 -26.25  96.25
 10:06:02       PDH from_below ask  30544.75 |      1      1      0    0      0 |   -3221      2    31     0 |  99.25 -44.25  78.25
 10:06:02       PDH from_above bid  30544.50 |      9      9      0    0      0 |   -3183     40    42     0 |   99.5  -44.0   78.5
 10:06:02       PDH from_below ask  30544.25 |      1      1      0    0      0 |   -3183     40    42     0 |  99.75 -43.75  78.75
 10:06:02    LVN_dn from_above bid  30526.75 |     21     21      0    0      0 |   -3185     38    31     2 | 117.25 -26.25  96.25
 10:06:02    LVN_dn from_above bid  30527.50 |     21     21      0    0      0 |   -3185     38    31     2 |  116.5  -27.0   95.5
 10:06:02       PDH from_above bid  30545.25 |      9      9      0    0      0 |   -3200     23    46     3 |  98.75 -44.75  77.75
 10:10:15       PDH from_above bid  30545.00 |      7      7      0    0      0 |   -3328   -232     0     9 |   99.0  -44.5  -42.0
 10:10:16       PDH from_above bid  30544.75 |     12     12      0    0      0 |   -3323   -229    11    16 |  99.25 -44.25 -40.25
 10:10:19       PDH from_above bid  30544.50 |      3      3      0    0      0 |   -3321   -224    12    17 |   99.5  -55.5 -52.25
 10:10:19       PDH from_above bid  30544.50 |      3      3      0    0      0 |   -3321   -224    12    17 |   99.5  -55.5 -52.25
 10:10:21       PDH from_above bid  30545.25 |     19     19      0    0      0 |   -3316   -158    17    18 |  98.75 -56.25 -54.75
 10:10:24       PDH from_above bid  30545.00 |     13     13      0    0      0 |   -3298   -132    26    31 |   99.0  -61.0  -60.0
 10:10:25       PDH from_above bid  30544.75 |      6      6      0    0      0 |   -3303   -134    28    33 |  99.25 -66.25  -65.0
 10:10:25       PDH from_below ask  30544.50 |     24     24      0    0      0 |   -3301   -132    34    34 |   99.5  -66.0 -60.75
 10:10:26       PDH from_below ask  30544.50 |      8      7      1    0      0 |   -3291   -123    42    34 |   99.5  -66.0 -60.75
 10:10:27       PDH from_below ask  30544.50 |     12     11      1    0      0 |   -3290   -117    53    39 |   99.5  -66.0 -60.75
 10:10:28       PDH from_above bid  30545.25 |     19     18      1    0      0 |   -3295   -115    59    54 |  98.75 -66.75  -62.5
 10:10:28       PDH from_above bid  30545.25 |     12     10      2    0      0 |   -3328   -149    59    58 |  98.75 -66.75  -66.0
 10:10:29       PDH from_below ask  30545.25 |      0      1      0    0      0 |   -3315   -132    60    67 |  98.75  -70.0 -62.75
 10:10:31       PDH from_above bid  30544.50 |      7      6      1    0      0 |   -3323   -118    69    79 |   99.5 -71.25 -69.25
 10:10:32       PDH from_below ask  30544.75 |      0      0      0    0      0 |   -3315   -110    85    86 |  99.25 -77.25  -76.0
 10:10:32       PDH from_below ask  30544.50 |      0      0      0    0      0 |   -3315   -110    85    86 |   99.5  -77.0 -75.75
 10:10:32       PDH from_above bid  30544.25 |     17     17      0    0      0 |   -3315   -110    85    86 |  99.75 -76.75  -75.5
 10:10:32       PDH from_below ask  30544.25 |      0      0      0    0      0 |   -3326   -121    85    92 |  99.75 -76.75  -75.5
 10:10:32       PDH from_above bid  30544.75 |      4      4      0    0      0 |   -3328   -124    85    93 |  99.25 -77.25  -76.0
 10:10:37       PDH from_above bid  30545.25 |     12     11      1    0      0 |   -3306   -124    86   100 |  98.75 -77.75  -74.5
 10:10:39       PDH from_above bid  30545.25 |     13     12      1    0      0 |   -3312   -139   100   117 |  98.75 -81.75 -79.75
 10:10:41       PDH from_above bid  30544.75 |      7      7      0    0      0 |   -3320   -108   101   121 |  99.25 -81.25  -66.0
 10:10:43       PDH from_above bid  30545.25 |      7      7      0    0      0 |   -3323    -85   105   132 |  98.75 -81.75  -66.0
 10:10:48       PDH from_below ask  30544.25 |     18     18      0    0      0 |   -3371   -169    95   116 |  99.75 -80.75  -54.0
 10:10:50       PDH from_below ask  30544.25 |     20     19      1    0      0 |   -3372   -164    90   115 |  99.75 -80.75 -51.75
 10:10:54       PDH from_below ask  30544.50 |     15     13      2    0      0 |   -3378   -173    86   109 |   99.5  -81.0 -52.25
 10:11:10       PDH from_below ask  30544.75 |     15     15      0    0      0 |   -3376   -148    17    25 |  99.25 -81.25  -58.0
 10:12:47       PDH from_above bid  30545.00 |     16     15      1    0      0 |   -3249     36     0     2 |   99.0  -81.5  -55.0
 10:13:08       PDH from_above bid  30545.25 |     14     14      0    0      0 |   -3283   -139    12    25 |  98.75 -81.75  -45.0
 10:13:09       PDH from_below ask  30544.75 |      8      7      1    0      0 |   -3290   -151    17    34 |  99.25 -81.25 -46.25
 10:13:11       PDH from_below ask  30544.75 |      3      3      0    0      0 |   -3293   -140    21    47 |  99.25 -81.25  -45.0
 10:13:11       PDH from_below ask  30544.25 |     11     11      0    0      0 |   -3299   -147    25    53 |  99.75 -80.75  -44.0
 10:13:19       PDH from_above bid  30544.75 |     12     13      0    0      0 |   -3313   -118    38    66 |  99.25 -81.25 -46.75
 10:13:54       PDH from_above bid  30545.00 |     20     20      0    0      0 |   -3247    -14     0     3 |   99.0  -81.5 -32.25
 10:14:06    LVN_dn from_above bid  30527.50 |      4      4      0    0      0 |   -3393   -126     0     6 |  116.5  -64.0  -8.25
 10:14:23    LVN_dn from_above bid  30527.75 |      7      4      3    0      0 |   -3420   -141     0    13 | 116.25 -64.25    3.5
 10:14:23    LVN_dn from_above bid  30527.00 |      3      1      2    0      0 |   -3420   -141     0    16 |  117.0  -63.5   5.25
 10:14:24       VAH from_above bid  30522.25 |     16     11      5    0      0 |   -3458   -178     0    16 | 121.75 -58.75   8.25
 10:14:24       VAH from_above bid  30522.00 |      0      0      0    0      0 |   -3485   -206     3    17 |  122.0  -58.5    8.5
 10:14:24       VAH from_above bid  30522.50 |      7      7      0    0      0 |   -3482   -204     9    25 |  121.5  -59.0    8.0
 10:14:24       VAH from_above bid  30522.50 |     19     19      0    0      0 |   -3490   -237    12    40 |  121.5  -59.0    8.0
 10:14:25       VAH from_below ask  30521.50 |     14     12      2    0      0 |   -3498   -270    26    54 |  122.5  -58.0    7.0
 10:14:29     EM+1s from_above bid  30509.00 |      7      6      1    0      0 |   -3548   -330     0     7 |  135.0  -45.5  19.75
 10:14:32     EM+1s from_above bid  30508.75 |      7      7      0    0      0 |   -3564   -342     0     9 | 135.25 -45.25  22.75
 10:14:36     EM+1s from_below ask  30508.25 |      0      0      0    0      0 |   -3559   -343    20    20 | 135.75 -44.75   19.0
 10:14:36     EM+1s from_below ask  30508.50 |      0      0      0    0      0 |   -3559   -343    20    20 |  135.5  -45.0  18.75
 10:14:37     EM+1s from_above bid  30509.00 |     15     15      0    0      0 |   -3567   -348    20    25 |  135.0  -45.5  18.25
 10:14:42       VAH from_below ask  30521.50 |     14     11      3    0      0 |   -3567   -344    39    55 |  122.5  -58.0    6.5
 10:14:43       VAH from_below ask  30521.50 |      7      6      1    0      0 |   -3562   -339    49    60 |  122.5  -58.0    9.5
 10:14:45       VAH from_below ask  30521.50 |     18     15      3    0      0 |   -3561   -349    64    72 |  122.5  -58.0  18.25
 10:14:52       VAH from_below ask  30521.50 |     13     12      1    0      0 |   -3578   -347    78    75 |  122.5  -58.0   18.0
 10:14:54       VAH from_below ask  30521.75 |     12     12      0    0      0 |   -3584   -341    68    45 | 122.25 -58.25   20.5
 10:14:56       VAH from_above bid  30522.00 |      9      8      1    0      0 |   -3586   -316    57    34 |  122.0  -58.5  23.25
 10:14:58       VAH from_below ask  30522.50 |      4      4      0    0      0 |   -3584   -244    68    42 |  121.5  -59.0  22.25
 10:15:00       VAH from_above bid  30522.50 |      8      8      0    0      0 |   -3584   -233    68    45 |  121.5  -59.0   21.0
 10:15:01    LVN_dn from_below ask  30526.75 |     12     12      0    0      0 |   -3573   -225     2     0 | 117.25 -63.25  16.75
 10:15:09    LVN_dn from_above bid  30527.00 |      1      1      0    0      0 |   -3532   -139    11     9 |  117.0  -63.5   14.5
 10:15:10       VAH from_above bid  30522.50 |      6      5      1    0      0 |   -3537   -148    73    55 |  121.5  -59.0  18.75
 10:15:10       VAH from_below ask  30521.50 |     14     13      1    0      0 |   -3554   -166    74    60 |  122.5  -58.0   17.0
 10:15:10       VAH from_below ask  30521.50 |      8      8      0    0      0 |   -3549   -159    80    60 |  122.5  -58.0   15.0
 10:15:11       VAH from_below ask  30521.50 |     13      9      4    0      0 |   -3543   -153    90    68 |  122.5  -58.0    8.5
 10:15:21     EM+1s from_above bid  30508.50 |     25     25      0    0      0 |   -3591   -176     2     8 |  135.5  -45.0  33.25
 10:15:21     EM+1s from_above bid  30508.75 |     25     25      0    0      0 |   -3591   -176     2     8 | 135.25 -45.25   33.0
 10:15:28     EM+1s from_below ask  30508.25 |     22     22      0    0      0 |   -3603    -64    23    15 | 135.75 -44.75   23.0
 10:15:28     EM+1s from_below ask  30508.50 |     22     22      0    0      0 |   -3603    -64    23    15 |  135.5  -45.0  22.75
 10:15:28     EM+1s from_below ask  30508.75 |     22     22      0    0      0 |   -3603    -64    23    15 | 135.25 -45.25   22.5
 10:15:28     EM+1s from_below ask  30508.50 |     22     22      0    0      0 |   -3627    -88    23    29 |  135.5  -45.0  22.75
 10:15:32     EM+1s from_below ask  30508.25 |      8      8      0    0      0 |   -3632    -65    27    29 | 135.75 -44.75   29.5
 10:15:35     EM+1s from_above bid  30509.00 |     14     13      1    0      0 |   -3590    -13    41    32 |  135.0  -45.5   25.0
 10:15:39     EM+1s from_above bid  30508.50 |      6      6      0    0      0 |   -3585    -18    42    37 |  135.5  -45.0   26.0
 10:15:45     EM+1s from_below ask  30508.25 |     29     24      5    0      0 |   -3587    -22    51    38 | 135.75 -44.75   28.0
 10:15:46     EM+1s from_above bid  30508.50 |      8      8      0    0      0 |   -3583    -13    59    40 |  135.5  -45.0   28.0
 10:15:49     EM+1s from_below ask  30508.50 |      3      3      0    0      0 |   -3597    -14    60    43 |  135.5  -45.0   25.0
 10:15:56       VAH from_below ask  30521.75 |      9      9      0    0      0 |   -3534     54     4     0 | 122.25 -58.25   16.0
 10:15:56       VAH from_below ask  30521.75 |     12     11      1    0      0 |   -3527     61    14     0 | 122.25 -58.25  16.25
 10:15:59       VAH from_below ask  30521.75 |      0      0      0    0      0 |   -3515     66    40    12 | 122.25 -58.25   12.0
 10:15:59       VAH from_above bid  30522.00 |     26     26      0    0      0 |   -3515     66    40    12 |  122.0  -58.5  11.75
 10:16:00    LVN_dn from_below ask  30526.75 |     20     17      3    0      0 |   -3505     76     3     0 | 117.25 -63.25   6.75
 10:16:00    LVN_dn from_below ask  30526.75 |     16     16      0    0      0 |   -3505     71    13     2 | 117.25 -63.25   6.75
 10:16:01    LVN_dn from_above bid  30527.75 |     12     12      0    0      0 |   -3484     91    20     9 | 116.25 -64.25   5.75
 10:16:02    LVN_dn from_above bid  30527.75 |     10      9      1    0      0 |   -3491     59    23    18 | 116.25 -64.25   2.25
 10:16:09       PDH from_below ask  30544.25 |     17     11      6    0      0 |   -3423    107     9     0 |  99.75 -80.75   -9.5
 10:16:09       PDH from_below ask  30544.25 |     22     20      2    0      0 |   -3407    119    20     1 |  99.75 -80.75 -11.25
 10:16:09       PDH from_above bid  30545.25 |     12     12      0    0      0 |   -3402    131    27     4 |  98.75 -81.75 -11.75
 10:16:12       PDH from_below ask  30544.25 |     14     13      1    0      0 |   -3402    141    38    15 |  99.75 -80.75  -14.5
 10:16:12       PDH from_above bid  30545.25 |     14     12      2    0      0 |   -3403    140    49    26 |  98.75 -81.75  -15.5
 10:16:13       PDH from_above bid  30545.25 |     16     10      6    0      0 |   -3413    138    49    33 |  98.75 -81.75  -14.5
 10:16:13       PDH from_above bid  30545.25 |     13     13      0    0      0 |   -3409    148    49    34 |  98.75 -81.75  -14.5
 10:16:15       PDH from_below ask  30544.50 |      5      5      0    0      0 |   -3437    130    55    44 |   99.5  -81.0  -15.5
 10:16:18       PDH from_below ask  30544.25 |     19     18      1    0      0 |   -3438    140    60    48 |  99.75 -80.75  -13.5
 10:16:18       PDH from_above bid  30545.25 |     18     18      0    0      0 |   -3431    147    61    51 |  98.75 -81.75 -15.75
 10:17:47  QQQ Open from_below ask  30594.00 |     31     18     13    0      0 |   -3258     87    14     0 |   50.0 -130.5  -13.5
 10:17:51  QQQ Open from_below ask  30594.00 |     14     14      0    0      0 |   -3266     67    43    28 |   50.0 -130.5   -9.0
 10:17:59  QQQ Open from_above bid  30594.50 |      6      6      0    0      0 |   -3140    170    52    31 |   49.5 -131.0  -4.75
 10:17:59  QQQ Open from_above bid  30594.75 |      6      6      0    0      0 |   -3179    131    52    42 |  49.25 -131.25   -5.0
 10:17:59  QQQ Open from_above bid  30594.50 |      6      6      0    0      0 |   -3179    131    52    42 |   49.5 -131.0  -4.75
 10:17:59  QQQ Open from_above bid  30594.25 |      6      6      0    0      0 |   -3179    131    52    42 |  49.75 -130.75   -4.5
 10:17:59  QQQ Open from_above bid  30595.00 |      6      6      0    0      0 |   -3201    109    52    44 |   49.0 -131.5  -5.25
 10:18:00  QQQ Open from_above bid  30595.00 |     21     21      0    0      0 |   -3188    120    59    44 |   49.0 -131.5   -6.0
 10:18:00  QQQ Open from_above bid  30594.75 |     21     21      0    0      0 |   -3200    108    59    50 |  49.25 -131.25  -5.75
 10:18:00  QQQ Open from_above bid  30594.25 |     10     10      0    0      0 |   -3199    110    59    51 |  49.75 -130.75   -6.0
 10:18:10  QQQ Open from_above bid  30595.00 |     15     15      0    0      0 |   -3150    109    75    61 |   49.0 -131.5  -11.5
 10:18:26  QQQ Open from_above bid  30595.00 |     12     12      0    0      0 |   -3212     56    30    35 |   49.0 -131.5  -7.75
 10:18:27  QQQ Open from_below ask  30594.00 |      7      7      0    0      0 |   -3232     34    33    42 |   50.0 -130.5   -4.0
 10:18:28  QQQ Open from_below ask  30594.00 |     19     14      5    0      0 |   -3225     41    41    42 |   50.0 -130.5  -2.75
 10:18:29  QQQ Open from_below ask  30594.50 |      3      3      0    0      0 |   -3227     -2    44    48 |   49.5 -131.0   -6.5
 10:19:11  QQQ Open from_above bid  30595.00 |     13     13      0    0      0 |   -3291   -116     0     4 |   49.0 -131.5  -6.25
 10:19:12  QQQ Open from_above bid  30595.00 |     17     17      0    0      0 |   -3274   -103    18    10 |   49.0 -131.5   -5.5
 10:19:16  QQQ Open from_below ask  30594.00 |     20     15      5    0      0 |   -3323   -119    25    36 |   50.0 -130.5  -0.75
 10:19:18  QQQ Open from_below ask  30594.50 |      8      8      0    0      0 |   -3354   -144    26    36 |   49.5 -131.0    0.5
 10:19:25       MHP from_below ask  30611.00 |     34     34      0    0      0 |   -2726    491     4     0 |   33.0 -147.5  -20.0
 10:19:28   ONH/PMH from_below ask  30612.00 |     25     24      1    0      0 |   -2695    531     9     0 |   32.0 -148.5  -15.5
 10:19:30       MHP from_below ask  30610.75 |      0      0      0    0      0 |   -2677    546    61    19 |  33.25 -147.25 -19.25
 10:19:30   ONH/PMH from_below ask  30612.25 |     14     14      0    0      0 |   -2677    546    34     5 |  31.75 -148.75 -20.75
 10:19:30       MHP from_below ask  30611.50 |      0      0      0    0      0 |   -2677    546    61    19 |   32.5 -148.0  -20.0
 10:19:30   ONH/PMH from_below ask  30612.00 |     14     14      0    0      0 |   -2677    546    34     5 |   32.0 -148.5  -20.5
 10:19:30       MHP from_below ask  30610.75 |      0      0      0    0      0 |   -2677    546    61    19 |  33.25 -147.25 -19.25
 10:19:30   ONH/PMH from_above bid  30613.00 |      8      8      0    0      0 |   -2677    546    34     5 |   31.0 -149.5  -21.5
 10:19:31       MHP from_above bid  30611.50 |      0      0      0    0      0 |   -2660    553    62    19 |   32.5 -148.0 -16.75
 10:19:31       MHP from_above bid  30611.25 |      0      0      0    0      0 |   -2683    530    64    26 |  32.75 -147.75  -16.5
 10:19:57  QQQ Open from_above bid  30595.00 |     14     14      0    0      0 |   -2808    455     0     1 |   49.0 -131.5   3.25
 10:20:10  QQQ Open from_above bid  30595.00 |      8      8      0    0      0 |   -2683    593     0     5 |   49.0 -131.5  12.25
 10:20:11  QQQ Open from_above bid  30594.75 |      5      5      0    0      0 |   -2679    604    23    18 |  49.25 -131.25   12.0
 10:20:11  QQQ Open from_above bid  30595.00 |      5      5      0    0      0 |   -2679    604    23    18 |   49.0 -131.5  11.75
 10:20:13  QQQ Open from_below ask  30594.00 |     13     12      1    0      0 |   -2700    610    29    32 |   50.0 -130.5    8.5
 10:20:14  QQQ Open from_below ask  30594.25 |      8      8      0    0      0 |   -2690    628    39    32 |  49.75 -130.75   7.75
 10:20:24  QQQ Open from_above bid  30594.75 |      7      6      1    0      0 |   -2705    638    41    42 |  49.25 -131.25  -0.25
 10:20:24  QQQ Open from_above bid  30594.25 |      3      3      0    0      0 |   -2702    641    46    47 |  49.75 -130.75   0.25
 10:20:29  QQQ Open from_below ask  30594.00 |     17     15      2    0      0 |   -2753    -55    54    50 |   50.0 -130.5   -3.0
 10:20:36  QQQ Open from_below ask  30594.25 |     30     20     10    0      0 |   -2759    -49    60    51 |  49.75 -130.75   -6.5
 10:21:14  QQQ Open from_below ask  30594.50 |      4      4      0    0      0 |   -2762    -64     3     0 |   49.5 -131.0 -23.75
 10:21:15  QQQ Open from_below ask  30594.00 |     19     18      1    0      0 |   -2764    -75     5     0 |   50.0 -130.5  -24.0
 10:21:17  QQQ Open from_below ask  30594.00 |      5      5      0    0      0 |   -2747    -67    15     3 |   50.0 -130.5 -23.25
 10:21:24  QQQ Open from_above bid  30594.75 |      8      8      0    0      0 |   -2733    -29    22     6 |  49.25 -131.25 -27.25
 10:21:28  QQQ Open from_below ask  30594.25 |     13     13      0    0      0 |   -2748     29    33    17 |  49.75 -130.75 -22.25
 10:22:33  QQQ Open from_below ask  30594.00 |     24     23      1    0      0 |   -2801    -31     9     0 |   50.0 -130.5  -29.5
 10:22:34  QQQ Open from_above bid  30594.75 |      6      6      0    0      0 |   -2785    -10    17     3 |  49.25 -131.25 -29.25
 10:22:49  QQQ Open from_below ask  30594.25 |      9      9      0    0      0 |   -2805      9    19     8 |  49.75 -130.75 -34.75
 10:22:55  QQQ Open from_below ask  30595.00 |      4      4      0    0      0 |   -2812     -8    34    16 |   49.0 -131.5 -38.25
 10:23:03  QQQ Open from_below ask  30595.00 |      0      0      0    0      0 |   -2807      8    32    17 |   49.0 -131.5  -41.0
 10:23:04  QQQ Open from_above bid  30595.00 |     13     12      1    0      0 |   -2807     50    22    16 |   49.0 -131.5 -42.25
 10:23:12  QQQ Open from_below ask  30594.75 |      5      5      0    0      0 |   -2828     47    35    27 |  49.25 -131.25  -33.0
 10:23:35       MHP from_below ask  30611.25 |     18     16      2    0      0 |   -2727     68     3     0 |  32.75 -147.75  -42.5
 10:23:35   ONH/PMH from_below ask  30612.00 |     26     24      2    0      0 |   -2724     71     2     0 |   32.0 -148.5 -43.25
 10:23:39   ONH/PMH from_above bid  30612.50 |     24     24      0    0      0 |   -2645    158    31    11 |   31.5 -149.0  -39.0
 10:23:39      HVN2 from_below ask  30623.50 |     54     54      0    0      0 |   -2555    248     2     0 |   20.5 -160.0  -50.0
 10:23:39   ONH/PMH from_above bid  30613.00 |     24     24      0    0      0 |   -2386    417    32    11 |   31.0 -149.5  -39.5
 10:23:39      HVN2 from_below ask  30623.50 |     54     54      0    0      0 |   -2489    314    11     2 |   20.5 -160.0  -50.0
 10:23:39      HVN2 from_below ask  30623.75 |     10     10      0    0      0 |   -2453    350    24     6 |  20.25 -160.25 -50.25
 10:23:39      HVN2 from_below ask  30623.50 |     10     10      0    0      0 |   -2365    438    63     6 |   20.5 -160.0  -50.0
 10:23:39      HVN2 from_below ask  30624.25 |     10     10      0    0      0 |   -2365    438    63     6 |  19.75 -160.75 -50.75
 10:23:39      HVN2 from_below ask  30624.00 |     10     10      0    0      0 |   -2311    492   111     6 |   20.0 -160.5  -50.5
 10:23:39      HVN2 from_below ask  30623.75 |     10     10      0    0      0 |   -2381    422   111    39 |  20.25 -160.25 -50.25
 10:23:39      HVN2 from_below ask  30623.50 |     10     10      0    0      0 |   -2381    422   111    39 |   20.5 -160.0  -50.0
 10:23:39      HVN2 from_below ask  30624.25 |     10     10      0    0      0 |   -2445    358   111    67 |  19.75 -160.75 -50.75
 10:23:39      HVN2 from_below ask  30623.50 |      8      8      0    0      0 |   -2448    354   112    68 |   20.5 -160.0  -49.5
 10:23:51   ONH/PMH from_above bid  30613.00 |     20     14      6    0      0 |   -2513    304    32    26 |   31.0 -149.5 -38.25
 10:23:51       MHP from_above bid  30611.50 |     24     19      5    0      0 |   -2520    297    14    14 |   32.5 -148.0 -36.75
 10:23:51   ONH/PMH from_above bid  30613.00 |     27     19      8    0      0 |   -2547    273    32    43 |   31.0 -149.5 -43.75
 10:23:55      HVN2 from_below ask  30623.50 |      8      8      0    0      0 |   -2541    270   116    71 |   20.5 -160.0 -49.75
 10:23:56      HVN2 from_below ask  30623.50 |     17     16      1    0      0 |   -2530    281   122    75 |   20.5 -160.0 -49.25
 10:23:57      HVN2 from_below ask  30624.00 |      2      2      0    0      0 |   -2523    287   127    75 |   20.0 -160.5  -52.5
 10:24:27       IBH from_below ask  30642.50 |     22     13      9    0      0 |   -2311    411     8     0 |    1.5 -179.0  -57.5
 10:24:30       IBH from_below ask  30642.50 |     10      8      2    0      0 |   -2321    410    19     0 |    1.5 -179.0  -56.5
 10:24:39      HVN2 from_above bid  30624.25 |      9      9      0    0      0 |   -2417    292     3     6 |   4.75 -160.75 -39.25
 10:24:40      HVN2 from_above bid  30624.50 |     15     15      0    0      0 |   -2428     19     8    23 |    4.5 -161.0  -40.0
 10:24:40      HVN2 from_below ask  30624.50 |      3      3      0    0      0 |   -2454     -7    13    41 |    4.5 -161.0 -39.75
 10:24:42      HVN2 from_below ask  30624.50 |      5      5      0    0      0 |   -2479    -32    18    66 |    4.5 -161.0 -39.25
 10:24:44      HVN2 from_above bid  30624.50 |     14     14      0    0      0 |   -2484    -27    23    73 |    4.5 -161.0 -47.75
 10:24:46      HVN2 from_below ask  30623.75 |     12     11      1    0      0 |   -2493    -24    28    75 |   5.25 -160.25 -51.75
 10:24:47      HVN2 from_above bid  30624.50 |     33     23     10    0      0 |   -2515    -49    40   108 |    4.5 -161.0  -56.0
 10:24:48      HVN2 from_above bid  30624.50 |     24     21      3    0      0 |   -2526    -60    45   122 |    4.5 -161.0  -54.0
 10:24:55      HVN2 from_above bid  30624.00 |     17     14      3    0      0 |   -2547      4    50   156 |    3.5 -160.5  -49.0
 10:24:56      HVN2 from_above bid  30623.75 |     11     11      0    0      0 |   -2551     -7    55   161 |   3.75 -160.25  -48.5
 10:24:59      HVN2 from_below ask  30623.50 |     18     17      1    0      0 |   -2554    -77    75   184 |    4.0 -160.0  -51.5
 10:25:01      HVN2 from_below ask  30623.50 |     26     26      0    0      0 |   -2562    -76   101   213 |    4.0 -160.0 -50.25
 10:25:08   ONH/PMH from_above bid  30613.00 |     17     13      4    0      0 |   -2639   -292     0     6 |   14.5 -149.5 -39.75
 10:25:09       MHP from_above bid  30611.50 |     22     19      3    0      0 |   -2646   -305     0     4 |   16.0 -148.0 -38.75
 10:25:10   ONH/PMH from_above bid  30612.00 |      4      3      1    0      0 |   -2652   -301     2    23 |   15.5 -148.5 -38.25
 10:25:12       MHP from_above bid  30610.75 |     11     11      0    0      0 |   -2651   -295     0    16 |  16.75 -147.25 -32.25
 10:25:16   ONH/PMH from_below ask  30612.00 |      8      8      0    0      0 |   -2735   -402     5    23 |   15.5 -148.5  -32.0
 10:25:16       MHP from_above bid  30611.00 |      7      7      0    0      0 |   -2736   -403     1    26 |   16.5 -147.5  -31.0
 10:25:18   ONH/PMH from_below ask  30612.00 |     11     11      0    0      0 |   -2730   -395    10    23 |   15.5 -148.5  -29.0
 10:25:31   ONH/PMH from_above bid  30613.00 |     16     17      0    0      0 |   -2706   -339    12    26 |   14.5 -149.5 -21.25
 10:25:36      HVN2 from_below ask  30623.75 |     12     11      1    0      0 |   -2664   -278    15     0 |   3.75 -160.25 -34.75
 10:25:38      HVN2 from_below ask  30624.00 |     20     21      0    0      0 |   -2686   -271    26    28 |    3.5 -160.5 -31.25
 10:25:44   ONH/PMH from_above bid  30613.00 |     17     16      1    0      0 |   -2700   -214    14    11 |   14.5 -149.5 -18.75
 10:25:44       MHP from_above bid  30611.50 |     16     16      0    0      0 |   -2700   -214    10     7 |   16.0 -148.0 -17.25
 10:25:47   ONH/PMH from_above bid  30613.00 |     18     17      1    0      0 |   -2693   -179    21    17 |   14.5 -149.5  -21.5
 10:25:47       MHP from_above bid  30611.00 |     11     11      0    0      0 |   -2694   -177     8    10 |   16.5 -147.5  -19.5
 10:25:51   ONH/PMH from_above bid  30612.75 |      9     10      0    0      0 |   -2710   -166    22    20 |  14.75 -149.25 -26.75
 10:25:58      HVN2 from_below ask  30623.50 |     23     20      3    0      0 |   -2681   -145    39    33 |    4.0 -160.0 -31.75
 10:26:01      HVN2 from_above bid  30623.50 |      4      4      0    0      0 |   -2646    -83    75    49 |   1.25 -160.0  -31.0
 10:26:03      HVN2 from_below ask  30624.00 |      5      5      0    0      0 |   -2648    -63    77    54 |   0.75 -160.5 -28.75
 10:26:04   ONH/PMH from_above bid  30613.00 |     17     17      0    0      0 |   -2659    -69    20    15 |    5.0 -149.5  -15.0
 10:26:04   ONH/PMH from_above bid  30612.25 |     17     17      0    0      0 |   -2663    -73    20    17 |    4.0 -148.75 -14.25
 10:26:07   ONH/PMH from_above bid  30613.00 |     13     12      1    0      0 |   -2663    -38    21    26 |    1.5 -149.5 -16.25
 10:26:10   ONH/PMH from_above bid  30613.00 |     17     16      1    0      0 |   -2683    -32    21    33 |   0.75 -149.5  -9.75
 10:26:10       MHP from_above bid  30611.50 |     22     20      2    0      0 |   -2698    -47     6    24 |   2.25 -148.0  -8.25
 10:26:17       MHP from_below ask  30611.50 |      4      3      1    0      0 |   -2748    -13    19    28 |   2.25 -148.0   -5.5
 10:26:17       MHP from_below ask  30610.75 |     14     14      0    0      0 |   -2746    -11    23    30 |    3.0 -147.25  -4.75
 10:26:18       MHP from_below ask  30610.75 |     13     12      1    0      0 |   -2747    -12    23    24 |    3.0 -147.25  -4.75
 10:26:19   ONH/PMH from_below ask  30612.00 |     18     18      0    0      0 |   -2752    -33    13    37 |   1.75 -148.5   -8.5
 10:26:22       MHP from_above bid  30611.25 |     15     14      1    0      0 |   -2762    -61    27    38 |    0.5 -147.75   -4.5
 10:26:44  QQQ Open from_above bid  30595.00 |      9      8      1    0      0 |   -2871   -171     0     3 |   21.5 -131.5   21.0
 10:26:49  QQQ Open from_above bid  30594.50 |     11      9      2    0      0 |   -2880   -185     1     9 |   27.0 -131.0  24.25
 10:27:40       PDH from_above bid  30545.00 |     16     10      6    0      0 |   -3383   -567     0    11 |  92.75  -81.5   87.0
 10:28:07       PDH from_below ask  30545.00 |     11     11      0    0      0 |   -3404   -296     2    20 |  97.25  -81.5  97.25
 10:28:07       PDH from_above bid  30544.75 |      5      5      0    0      0 |   -3404   -296     2    20 |   97.5 -81.25   97.5
 10:28:07       PDH from_above bid  30545.00 |      5      5      0    0      0 |   -3404   -296     2    20 |  97.25  -81.5  97.25
 10:28:07       PDH from_below ask  30545.00 |      9      8      1    0      0 |   -3403   -295     3    20 |   97.5  -81.5   97.5
 10:28:10       PDH from_below ask  30544.25 |      8      7      1    0      0 |   -3424   -326    10    25 |  109.5 -80.75  109.5
 10:28:10       PDH from_below ask  30544.50 |     13     12      1    0      0 |   -3429   -332    11    25 | 109.25  -81.0 109.25
 10:28:14    LVN_dn from_above bid  30527.00 |      6      6      0    0      0 |   -3466   -394     0     4 | 130.75  -63.5  124.5
 10:28:14    LVN_dn from_below ask  30527.00 |     15     14      1    0      0 |   -3480   -408     1    12 | 130.75  -63.5  124.5
 10:28:14    LVN_dn from_above bid  30527.50 |     21     21      0    0      0 |   -3454   -385    14    22 | 130.25  -64.0  124.0
 10:28:14    LVN_dn from_above bid  30527.25 |     21     21      0    0      0 |   -3454   -385    14    22 |  130.5 -63.75 124.25
 10:28:14    LVN_dn from_above bid  30527.00 |     21     21      0    0      0 |   -3454   -385    14    22 | 130.75  -63.5  124.5
 10:28:14    LVN_dn from_below ask  30527.25 |      0      0      0    0      0 |   -3454   -385    14    22 |  130.5 -63.75 124.25
 10:28:19    LVN_dn from_above bid  30527.25 |      0      0      0    0      0 |   -3509   -382    16    46 |  130.5 -63.75  120.0
 10:28:19    LVN_dn from_above bid  30527.50 |      0      0      0    0      0 |   -3509   -382    16    46 | 130.25  -64.0 119.75
 10:28:25       PDH from_below ask  30544.25 |     27     20      7    0      0 |   -3442   -246    22    16 |  113.5 -80.75 100.25
 10:28:32    LVN_dn from_above bid  30527.50 |     12     12      0    0      0 |   -3485   -221    25    48 | 130.25  -64.0  114.5
 10:28:32    LVN_dn from_above bid  30527.50 |      8      7      1    0      0 |   -3486   -222    37    63 | 130.25  -64.0  115.0
 10:28:35    LVN_dn from_above bid  30527.50 |      9      9      0    0      0 |   -3491   -201    41    68 | 130.25  -64.0 121.25
 10:28:35       VAH from_above bid  30522.50 |     10      6      4    0      0 |   -3536   -246     0     5 | 135.25  -59.0 127.75
 10:28:35       VAH from_above bid  30521.75 |     11     10      1    0      0 |   -3536   -255     0     9 |  136.0 -58.25 128.75
 10:28:35       VAH from_above bid  30522.00 |      7      7      0    0      0 |   -3532   -196     4    15 | 135.75  -58.5 128.25
 10:28:41     EM+1s from_above bid  30508.75 |      4      4      0    0      0 |   -3648   -268     0     2 |  149.0 -45.25  143.0
 10:28:44     EM+1s from_above bid  30509.00 |      5      4      1    0      0 |   -3652   -316    15    10 | 148.75  -45.5  142.0
 10:28:46     EM+1s from_above bid  30508.50 |      5      5      0    0      0 |   -3657   -315    19    17 | 149.25  -45.0  145.0
 10:28:50     EM+1s from_above bid  30509.00 |     19     12      7    0      0 |   -3686   -327    22    28 | 148.75  -45.5  145.5
 10:28:51     EM+1s from_above bid  30508.75 |     10      9      1    0      0 |   -3690   -329    22    32 |  149.0 -45.25 145.25
 10:28:52     EM+1s from_above bid  30509.00 |      7      7      0    0      0 |   -3698   -320    46    43 | 148.75  -45.5 146.25
 10:28:55       VAH from_below ask  30521.50 |      1      0      1    0      0 |   -3660   -290     9    28 | 137.25  -58.0  136.0
 10:28:58       VAH from_above bid  30522.50 |     13     13      0    0      0 |   -3603   -211    24    34 |  138.0  -59.0 137.25
 10:28:58       VAH from_below ask  30522.25 |      9      9      0    0      0 |   -3608   -216    27    40 | 138.25 -58.75  137.5
 10:29:00       VAH from_above bid  30522.50 |     16     12      4    0      0 |   -3635   -239    28    63 | 138.25  -59.0  133.5
 10:29:01       VAH from_above bid  30522.50 |     12     11      1    0      0 |   -3621   -238    35    66 | 138.25  -59.0 133.25
 10:29:03    LVN_dn from_below ask  30527.00 |     15     14      1    0      0 |   -3600   -232     6     4 | 133.75  -63.5 127.75
 10:29:07    LVN_dn from_above bid  30527.50 |     12     12      0    0      0 |   -3548   -146    15     7 | 133.25  -64.0 127.25
 10:29:09    LVN_dn from_below ask  30526.75 |      7      7      0    0      0 |   -3550   -125    19    12 |  134.0 -63.25 122.25
 10:29:11    LVN_dn from_above bid  30527.50 |      5      4      1    0      0 |   -3550   -106    20    14 | 133.25  -64.0 125.75
 10:29:12    LVN_dn from_above bid  30526.75 |      3      3      0    0      0 |   -3534    -81    27    15 |  134.0 -63.25 128.25
 10:29:13    LVN_dn from_above bid  30526.75 |      3      3      0    0      0 |   -3524    -64    42    20 |  134.0 -63.25 127.25
 10:29:14       VAH from_above bid  30522.50 |     10      9      1    0      0 |   -3530    -66    27    44 | 138.25  -59.0  132.0
 10:29:17       VAH from_above bid  30522.50 |     24     24      0    0      0 |   -3544    -71    31    48 | 138.25  -59.0  131.5
 10:29:17    LVN_dn from_below ask  30526.75 |     14     13      1    0      0 |   -3537    -64    44    20 |  134.0 -63.25 127.25
 10:29:19    LVN_dn from_below ask  30527.25 |      2      0      2    0      0 |   -3534    -58    47    21 |  133.5 -63.75 131.25
 10:29:29    LVN_dn from_above bid  30527.25 |      0      0      0    0      0 |   -3556    -88    48    33 |  133.5 -63.75  129.5
 10:29:30       VAH from_above bid  30522.50 |      7      7      0    0      0 |   -3554    -79     5    14 | 138.25  -59.0 134.75
 10:29:35       VAH from_below ask  30521.50 |     11     11      0    0      0 |   -3559    -23    15    27 | 139.25  -58.0  130.5
 10:29:38       VAH from_below ask  30522.00 |      8      8      0    0      0 |   -3564    -25    24    30 | 138.75  -58.5 128.75
 10:29:40       VAH from_above bid  30522.00 |      9      9      0    0      0 |   -3567     27    28    35 | 138.75  -58.5 130.25
 10:29:42       VAH from_above bid  30522.50 |     11     10      1    0      0 |   -3560     99    32    39 | 138.25  -59.0  129.0
 10:29:44       VAH from_above bid  30522.50 |      3      3      0    0      0 |   -3555    100    35    43 | 138.25  -59.0  128.0
 10:29:51     EM+1s from_above bid  30509.00 |     20     15      5    0      0 |   -3611     76     0     8 | 151.75  -45.5 141.75
 10:29:52     EM+1s from_above bid  30509.00 |     16     15      1    0      0 |   -3615     83     0    15 | 151.75  -45.5 140.75
 10:29:57       VAH from_below ask  30521.75 |      4      4      0    0      0 |   -3574     79    33    46 |  139.0 -58.25  126.0
 10:29:59       VAH from_below ask  30521.50 |     22     16      6    0      0 |   -3551     54    58    48 | 139.25  -58.0  124.5
 10:30:01       VAH from_below ask  30521.75 |      5      5      0    0      0 |   -3567     57    81    47 |  139.0 -58.25  118.0
 10:30:02       VAH from_below ask  30522.50 |      5      4      1    0      0 |   -3559     65    86    52 | 138.25  -59.0 116.75
 10:30:11     EM+1s from_above bid  30509.00 |     23     17      6    0      0 |   -3598    -48     0    30 | 151.75  -45.5  123.0
 10:30:11     EM+1s from_above bid  30508.75 |     14     13      1    0      0 |   -3601    -52     0    37 |  152.0 -45.25 122.25
 10:30:12     EM+1s from_below ask  30508.25 |     15     13      2    0      0 |   -3623    -88    11    51 |  152.5 -44.75  123.0
 10:30:14     EM+1s from_above bid  30508.50 |      2      2      0    0      0 |   -3642   -112    15    52 | 152.25  -45.0  123.5
 10:30:15     EM+1s from_below ask  30508.25 |     10     10      0    0      0 |   -3634   -102    26    58 |  152.5 -44.75 124.25
 10:30:25     onVAH from_above bid  30478.50 |      0      0      0    0      0 |   -3848   -333     0     6 | 182.25  -15.0  155.5
 10:30:28     onVAH from_above bid  30479.50 |     10      9      1    0      0 |   -3865   -326     3    17 | 181.25  -16.0  153.5
 10:30:29     onVAH from_below ask  30478.75 |      0      0      0    0      0 |   -3843   -304    17    21 |  182.0 -15.25 154.25
 10:30:29     onVAH from_below ask  30479.50 |      0      0      0    0      0 |   -3843   -304    17    21 | 181.25  -16.0  153.5
 10:30:29     onVAH from_below ask  30478.75 |      0      0      0    0      0 |   -3843   -304    17    21 |  182.0 -15.25 154.25
 10:30:29     onVAH from_below ask  30478.50 |      0      0      0    0      0 |   -3863   -324    17    30 | 182.25  -15.0  154.5
 10:30:30     onVAH from_above bid  30479.50 |     11     10      1    0      0 |   -3870   -322    19    34 | 181.25  -16.0  152.0
 10:30:31     onVAH from_below ask  30478.50 |     18     15      3    0      0 |   -3874   -317    23    36 | 182.25  -15.0 152.75
 10:30:34     onVAH from_below ask  30478.50 |      9      9      0    0      0 |   -3920   -361    27    36 | 182.25  -15.0  149.5
 10:30:34     onVAH from_below ask  30478.50 |     11     10      1    0      0 |   -3916   -357    31    36 | 182.25  -15.0 147.75
 10:30:40     onVAH from_below ask  30478.50 |     10     10      0    0      0 |   -3928   -360    39    40 | 182.25   -4.5 147.75
 10:30:40     onVAH from_below ask  30478.75 |      9      9      0    0      0 |   -3912   -342    55    48 |  182.0  -4.75 148.25
 10:30:40     onVAH from_above bid  30479.50 |     15     12      3    0      0 |   -3914   -344    56    53 | 181.25   -5.5  147.5
 10:30:40     onVAH from_above bid  30479.50 |     12     12      0    0      0 |   -3901   -333    56    58 | 181.25   -5.5  148.5
 10:30:42     onVAH from_below ask  30478.50 |     13     13      0    0      0 |   -3874   -316    68    58 | 182.25  -0.25  149.0
 10:30:42     onVAH from_above bid  30478.75 |      5      4      1    0      0 |   -3877   -317    68    59 |  182.0  -0.25 148.75
 10:30:43     onVAH from_above bid  30479.25 |     10     10      0    0      0 |   -3872   -312    78    63 |  181.5  -0.25 148.25
 10:30:56     onVAH from_above bid  30479.50 |      5      3      2    0      0 |   -3916   -337    75    50 | 181.25   -0.5 145.25
 10:31:23     EM+1s from_below ask  30508.25 |     11     11      0    0      0 |   -3848    -40     3     0 |  152.5 -29.25 112.25
 10:31:39     EM+1s from_above bid  30508.75 |      5      5      0    0      0 |   -3829    126     7     2 |  152.0 -29.75  107.5
 10:31:51       VAH from_below ask  30521.50 |     16     14      2    0      0 |   -3822     32     6     0 | 139.25  -42.5   86.0
 10:32:01       VAH from_below ask  30521.50 |     10     10      0    0      0 |   -3829     97     7     0 | 139.25  -42.5  99.25
 10:32:04       VAH from_below ask  30522.00 |     13     12      1    0      0 |   -3821     77    10     1 | 138.75  -43.0   97.5
 10:32:04       VAH from_above bid  30521.75 |      5      4      1    0      0 |   -3781    133    24     5 |  139.0 -42.75 100.25
 10:32:05       VAH from_below ask  30521.50 |     14     14      0    0      0 |   -3776    138    26     7 | 139.25  -42.5 101.25
 10:32:05       VAH from_below ask  30521.50 |     26     26      0    0      0 |   -3766    151    32     7 | 139.25  -42.5 101.25
 10:32:05       VAH from_below ask  30521.75 |     26     26      0    0      0 |   -3787    130    32    13 |  139.0 -42.75  101.0
 10:32:05       VAH from_below ask  30521.50 |     26     26      0    0      0 |   -3787    130    32    13 | 139.25  -42.5 101.25
 10:32:05       VAH from_below ask  30522.50 |      3      3      0    0      0 |   -3781    137    34    14 | 138.25  -43.5 100.25
 10:32:07       VAH from_above bid  30522.25 |     11     10      1    0      0 |   -3783    152    41    22 |  138.5 -43.25  100.5
 10:32:11     EM+1s from_below ask  30509.00 |      0      0      0    0      0 |   -3819    106     3    13 | 151.75  -30.0 117.75
 10:32:16       VAH from_below ask  30521.75 |     12     12      0    0      0 |   -3838     40    43    28 |  139.0 -42.75  101.0
 10:32:24     EM+1s from_below ask  30508.25 |     11     11      0    0      0 |   -3866    -38    11    13 |  152.5 -29.25  121.0
 10:32:53     onVAH from_above bid  30479.25 |     12     11      1    0      0 |   -4074   -249     0    25 |  181.5  -0.25  140.0
 10:33:04     EM+1s from_below ask  30508.25 |      6      7      0    0      0 |   -4024   -214     1     1 |  152.5  -23.0  97.75
 10:33:05     EM+1s from_below ask  30508.50 |     25     24      1    0      0 |   -4021   -238    12     9 | 152.25 -23.25  97.25
 10:33:23     EM+1s from_below ask  30508.50 |     14     14      0    0      0 |   -4044   -192    15     9 | 152.25 -23.25  101.5
 10:33:49     EM+1s from_above bid  30508.50 |      6      5      1    0      0 |   -4012    -45    15     4 | 152.25   -1.5  87.75
 10:33:49     EM+1s from_above bid  30508.25 |      1      0      1    0      0 |   -4010    -35    15     5 |  152.5  -1.25   88.5
 10:33:56     EM+1s from_above bid  30509.00 |      8      8      0    0      0 |   -3996     60    10     9 | 151.75   -1.0   94.5
 10:33:59     EM+1s from_below ask  30509.00 |      5      4      1    0      0 |   -3981     77    15    11 | 151.75    0.0  95.75
 10:34:07       VAH from_below ask  30522.00 |      8      7      1    0      0 |   -3962     72     1     0 | 138.75   -1.0  89.25
 10:34:09       VAH from_above bid  30521.75 |      2      2      0    0      0 |   -3942     93    12    24 |  139.0   -0.5   93.5
 10:34:12    LVN_dn from_below ask  30526.75 |      9      9      0    0      0 |   -3927    119     3     0 |  134.0   -3.5   87.0
 10:34:13    LVN_dn from_below ask  30526.75 |     22     22      0    0      0 |   -3930    117    12     2 |  134.0   -3.5   88.5
 10:34:14    LVN_dn from_above bid  30527.25 |     22     22      0    0      0 |   -3876    171    26     8 |  133.5   -4.0   88.0
 10:34:14    LVN_dn from_below ask  30527.50 |      0      0      0    0      0 |   -3876    171    26     8 | 133.25  -4.25  87.75
 10:34:25    LVN_dn from_above bid  30527.75 |     14      9      5    0      0 |   -3862    183    26    17 |  133.0   -4.5  95.75
 10:34:26    LVN_dn from_above bid  30527.50 |     13     13      0    0      0 |   -3865    173    28    27 | 133.25  -4.25  94.75
 10:34:27    LVN_dn from_below ask  30527.00 |     14     13      1    0      0 |   -3875    163    31    28 | 133.75  -3.75  95.25
 10:34:28    LVN_dn from_below ask  30527.75 |      2      1      1    0      0 |   -3878    152    33    28 |  133.0   -4.5   94.5
 10:34:35    LVN_dn from_above bid  30527.50 |     12     12      0    0      0 |   -3882    185    34    35 | 133.25  -4.25   97.0
 10:34:36    LVN_dn from_above bid  30527.75 |     19     19      0    0      0 |   -3886    176    35    41 |  133.0   -4.5  94.75
 10:34:38    LVN_dn from_above bid  30527.75 |     12     12      0    0      0 |   -3890    152    39    58 |  133.0   -4.5  94.75
 10:34:41    LVN_dn from_above bid  30527.75 |     11     10      1    0      0 |   -3896    155    42    60 |  133.0   -4.5  92.25
 10:34:55       PDH from_below ask  30544.25 |      7      7      0    0      0 |   -3838    157    11     0 |  116.5  -21.0  76.75
 10:34:56       PDH from_above bid  30545.25 |     12     11      1    0      0 |   -3841    152    16    12 |  115.5  -22.0   76.5
 10:34:57       PDH from_above bid  30545.00 |     11     11      0    0      0 |   -3836    147    18    15 | 115.75 -21.75   71.0
 10:34:59       PDH from_above bid  30545.25 |     15     15      0    0      0 |   -3848    133    25    40 |  115.5  -22.0   70.0
 10:35:02       PDH from_below ask  30544.50 |     10      9      1    0      0 |   -3844    151    45    61 | 116.25 -21.25   76.5
 10:35:04       PDH from_above bid  30544.75 |      9      9      0    0      0 |   -3837    147    48    65 |  116.0  -21.5  82.25
 10:35:05       PDH from_below ask  30544.50 |      8      8      0    0      0 |   -3826    158    59    72 | 116.25 -21.25   82.5
 10:35:11    LVN_dn from_above bid  30527.75 |     13     11      2    0      0 |   -3889     43     2    12 |  133.0   -4.5 104.25
 10:35:20       PDH from_below ask  30544.25 |     13     12      1    0      0 |   -3936    -75    64    72 |  116.5  -20.5   82.5
 10:35:36    LVN_dn from_above bid  30527.75 |      8      6      2    0      0 |   -3972    -86     0    17 |  133.0   -4.0  101.5
 10:35:38    LVN_dn from_above bid  30527.50 |     17     17      0    0      0 |   -3972    -78     4    21 | 133.25  -3.75  103.5
 10:36:11    LVN_dn from_above bid  30527.75 |      9      9      0    0      0 |   -4021    -84     1     3 |  133.0   -4.0   96.5
 10:36:15    LVN_dn from_below ask  30526.75 |     12     11      1    0      0 |   -4029    -78     3     3 |  134.0   -2.0   98.0
 10:36:16    LVN_dn from_above bid  30527.75 |     14     14      0    0      0 |   -4029    -77     5     7 |  133.0   -3.0  92.25
 10:36:17    LVN_dn from_above bid  30527.25 |     10     10      0    0      0 |   -4039    -82     6    18 |  133.5   -2.5  92.75
 10:36:18    LVN_dn from_above bid  30527.75 |     11     10      1    0      0 |   -4038    -80    13    24 |  133.0   -3.0  90.75
 10:36:19    LVN_dn from_above bid  30527.50 |      5      5      0    0      0 |   -4043   -101    13    27 | 133.25  -2.75  87.75
 10:36:20    LVN_dn from_below ask  30526.75 |     20     20      0    0      0 |   -4042   -113    16    28 |  134.0   -2.0  87.25
 10:36:21    LVN_dn from_below ask  30527.50 |      4      4      0    0      0 |   -4041   -109    22    32 | 133.25  -0.75   81.5
 10:36:28       PDH from_below ask  30544.50 |     15     14      1    1      0 |   -3994    -42     2     0 | 116.25   -2.0  59.75
          iceberg oid=6878427650099 cumFilled=0 maxDisplayed=3 stillResting=3
 10:36:28       PDH from_above bid  30545.00 |     11     11      0    0      0 |   -3973    -21    18     0 | 115.75   -2.5   59.0
 10:36:28       PDH from_above bid  30545.25 |     11     11      0    0      0 |   -3976    -24    19     3 |  115.5  -2.75  58.75
 10:36:29       PDH from_above bid  30545.00 |      3      3      0    0      0 |   -3978    -23    20     4 | 115.75   -2.5   59.0
 10:36:30       PDH from_above bid  30544.75 |      8      8      0    0      0 |   -3968    -12    39    22 |  116.0  -2.25   60.5
 10:36:31       PDH from_below ask  30544.75 |     10     10      0    0      0 |   -3965     -9    40    22 |  116.0  -2.25  64.75
 10:36:32       PDH from_above bid  30545.00 |     16     15      1    0      0 |   -3975    -22    40    35 | 115.75   -2.5   64.5
 10:36:34       PDH from_below ask  30544.25 |     11     10      1    0      0 |   -3967    -12    52    40 |  116.5  -1.75   64.0
 10:36:34       PDH from_below ask  30544.50 |     13     12      1    0      0 |   -3976    -21    54    47 | 116.25  -0.25  63.75
 10:37:58  QQQ Open from_below ask  30594.00 |     11      6      5    0      0 |   -3715    112     5     0 |  66.75  -42.5   30.5
 10:38:31  QQQ Open from_below ask  30594.00 |     17     14      3    0      0 |   -3763     81     4     0 |  66.75  -42.5   44.5
 10:38:43  QQQ Open from_below ask  30594.00 |      9      8      1    0      0 |   -3761     39    14    15 |  66.75  -42.5  45.75
 10:38:44  QQQ Open from_below ask  30595.00 |      6      5      1    0      0 |   -3761     39    19    15 |  65.75  -43.5   42.5
 10:38:45  QQQ Open from_below ask  30594.50 |      8      7      1    0      0 |   -3769    -16    24    22 |  66.25  -43.0  46.25
 10:38:49  QQQ Open from_above bid  30595.00 |      8      8      0    0      0 |   -3740      1    27    29 |  65.75  -43.5  47.25
 10:38:49  QQQ Open from_below ask  30594.00 |     25     25      0    0      0 |   -3753    -12    31    42 |  66.75  -42.5  48.25
 10:38:59  QQQ Open from_below ask  30594.00 |     14     13      1    0      0 |   -3773    -48    84    58 |  66.75  -42.5   53.5
 10:39:01  QQQ Open from_below ask  30594.00 |     14     14      0    0      0 |   -3787    -53    77    59 |  66.75  -42.5   52.0
 10:39:02  QQQ Open from_below ask  30594.75 |      4      4      0    0      0 |   -3789    -55    80    59 |   66.0 -43.25   48.5
 10:39:05  QQQ Open from_below ask  30594.50 |      9      9      0    0      0 |   -3796    -65    89    72 |  66.25  -43.0  49.25
 10:39:06  QQQ Open from_below ask  30594.00 |     10     10      0    0      0 |   -3808    -79    93    75 |  66.75  -42.5   53.0
 10:39:08  QQQ Open from_below ask  30594.00 |     12     11      1    0      0 |   -3809    -44    97    78 |  66.75  -42.5   55.0
 10:39:15  QQQ Open from_below ask  30594.00 |     12     12      0    0      0 |   -3818     -5    92    74 |  66.75  -42.5  47.25
 10:39:18  QQQ Open from_below ask  30594.25 |     19     19      0    0      0 |   -3825    -16    90    73 |   66.5 -42.75   47.0
 10:39:20  QQQ Open from_above bid  30595.00 |     12     12      0    0      0 |   -3816      0    88    46 |  65.75  -43.5   44.0
 10:39:27  QQQ Open from_below ask  30594.25 |     17     16      1    0      0 |   -3836    -88    91    46 |   66.5 -42.75  41.25
 10:39:28  QQQ Open from_above bid  30594.25 |     12     11      1    0      0 |   -3831    -85    96    48 |   66.5 -42.75  39.75
 10:39:31  QQQ Open from_below ask  30594.75 |      0      0      0    0      0 |   -3832    -65    61    41 |   66.0 -43.25   38.0
 10:39:38  QQQ Open from_below ask  30594.50 |     13     12      1    0      0 |   -3825    -44    41    19 |  66.25  -43.0   41.0
 10:39:40  QQQ Open from_below ask  30594.00 |     10     10      0    0      0 |   -3821    -53    38    14 |  66.75  -42.5  40.25
 10:39:40  QQQ Open from_below ask  30594.50 |      8      8      0    0      0 |   -3823    -55    39    14 |  66.25  -43.0  37.75
 10:39:41  QQQ Open from_above bid  30594.75 |     15     15      0    0      0 |   -3817    -49    42    21 |   66.0 -43.25  35.75
 10:39:43  QQQ Open from_above bid  30594.50 |      7      7      0    0      0 |   -3832    -70    42    24 |  66.25  -43.0  34.75
 10:39:47  QQQ Open from_above bid  30595.00 |     14     13      1    0      0 |   -3834    -82    50    29 |  65.75  -43.5   36.5
 10:39:59  QQQ Open from_above bid  30595.00 |     13     13      0    0      0 |   -3820    -40    18    21 |  65.75  -43.5   28.5
 10:40:01  QQQ Open from_above bid  30594.75 |      8      8      0    0      0 |   -3816    -28    20    25 |   66.0 -43.25   31.5
 10:40:02  QQQ Open from_below ask  30594.00 |     15     14      1    0      0 |   -3798     -9    46    28 |  66.75  -42.5  32.25
 10:40:04  QQQ Open from_below ask  30594.00 |     11     11      0    0      0 |   -3805     -8    49    31 |  66.75  -42.5   24.0
 10:40:06  QQQ Open from_below ask  30594.50 |     11     10      1    0      0 |   -3822    -19    53    33 |  66.25  -43.0   23.0
 10:40:20  QQQ Open from_above bid  30595.00 |     10      9      1    0      0 |   -3802     13    38    30 |  65.75  -43.5   5.75
 10:40:22  QQQ Open from_below ask  30594.00 |     15     15      0    0      0 |   -3809     18    50    35 |  66.75  -42.5   4.75
 10:40:23  QQQ Open from_below ask  30594.50 |      6      6      0    0      0 |   -3810     23    55    37 |  66.25  -43.0   0.75
 10:40:31  QQQ Open from_below ask  30594.00 |      8      8      0    0      0 |   -3875    -35    55    28 |  66.75  -42.5   5.25
 10:40:39  QQQ Open from_below ask  30594.00 |     20     13      7    0      0 |   -3824     -1    28    16 |  66.75  -42.5  18.75
 10:40:52  QQQ Open from_below ask  30594.00 |     12     12      0    0      0 |   -3823    -56    28    13 |  66.75  -42.5  30.75
 10:45:25  QQQ Open from_below ask  30594.00 |     20     15      5    0      0 |   -4006     13     6     0 |  66.75  -9.75   29.5
 10:45:30  QQQ Open from_below ask  30594.25 |     14     13      1    0      0 |   -3995     23     9     0 |   66.5  -10.0   36.0
 10:45:39  QQQ Open from_below ask  30594.50 |     12     12      0    0      0 |   -4005     23    24     7 |  66.25 -10.25  23.25
 10:45:41  QQQ Open from_below ask  30595.00 |      5      4      1    0      0 |   -4005     25    27     7 |  65.75 -10.75  21.75
 10:45:41  QQQ Open from_above bid  30594.50 |      3      3      0    0      0 |   -3995     35    33    12 |  66.25 -10.25  20.25
 10:45:42  QQQ Open from_above bid  30594.25 |     10      9      1    0      0 |   -3980     50    46    18 |   66.5  -10.0   20.5
 10:45:42  QQQ Open from_above bid  30595.00 |     12     11      1    0      0 |   -3996     36    47    27 |  65.75 -10.75  19.75
 10:46:00  QQQ Open from_below ask  30594.00 |     12     11      1    0      0 |   -3997     74    58    43 |  66.75  -9.75  27.25
 10:46:01  QQQ Open from_below ask  30594.00 |      8      7      1    0      0 |   -3999     65    50    36 |  66.75  -9.75   27.5
 10:46:02  QQQ Open from_below ask  30594.75 |      1      1      0    0      0 |   -3993     69    58    38 |   66.0  -10.5   27.5
 10:46:25       MHP from_below ask  30611.00 |     19     11      8    0      0 |   -3895    128     5     0 |  49.75 -26.75    4.0
 10:46:25   ONH/PMH from_below ask  30612.00 |     30     23      7    0      0 |   -3869    154    27     0 |  48.75 -27.75    3.0
 10:46:25       MHP from_above bid  30611.25 |      1      0      1    0      0 |   -3848    175    13     1 |   49.5  -27.0   5.25
 10:46:25   ONH/PMH from_below ask  30612.00 |      8      8      0    0      0 |   -3846    162    34     5 |  48.75 -27.75   3.25
 10:46:25       MHP from_above bid  30611.50 |     10      9      1    0      0 |   -3848    160    23    11 |  49.25 -27.25   4.25
 10:46:25   ONH/PMH from_below ask  30613.00 |      5      4      1    0      0 |   -3846    161    43    11 |  47.75 -28.75   2.75
 10:46:26       MHP from_above bid  30611.00 |      5      4      1    0      0 |   -3848    159    28    20 |  49.75 -26.75    1.5
 10:46:26       MHP from_below ask  30611.00 |     28     28      0    0      0 |   -3853    154    33    25 |  49.75 -26.75    1.5
 10:46:28       MHP from_below ask  30610.75 |     10      9      1    0      0 |   -3857    145    38    25 |   50.0  -26.5    1.5
 10:46:29   ONH/PMH from_below ask  30612.25 |      9      9      0    0      0 |   -3855    144    67    26 |   48.5  -28.0   1.25
 10:46:31       MHP from_below ask  30610.75 |     13     13      0    0      0 |   -3857    140    52    37 |   50.0  -26.5   7.25
 10:46:40       MHP from_below ask  30611.25 |      8      6      2    0      0 |   -3889    114    55    37 |   49.5  -27.0  12.25
 10:46:41   ONH/PMH from_above bid  30612.75 |      9      9      0    0      0 |   -3883    112    69    28 |   48.0  -28.5  10.75
 10:46:42   ONH/PMH from_above bid  30613.00 |     15     15      0    0      0 |   -3884    110    71    36 |  47.75 -28.75   10.5
 10:46:51      HVN2 from_below ask  30623.50 |     20     20      0    0      0 |   -3848    155     3     0 |  37.25 -39.25  12.75
 10:47:05      HVN2 from_below ask  30623.50 |     17     16      1    0      0 |   -3843    133    23    12 |  37.25 -39.25    9.5
 10:47:14   ONH/PMH from_above bid  30613.00 |     19     15      4    0      0 |   -3865     23     1     8 |  47.75 -28.75   7.75
 10:47:14       MHP from_above bid  30611.50 |     16     15      1    0      0 |   -3867     20     0     2 |  49.25 -27.25   9.25
 10:47:17   ONH/PMH from_above bid  30612.75 |     15     14      1    0      0 |   -3872     17     1    12 |   48.0  -28.5   13.5
 10:47:17       MHP from_above bid  30611.50 |     20     17      3    0      0 |   -3877     13     0     8 |  49.25 -27.25  14.75
 10:47:18      HVN2 from_below ask  30624.00 |     12     10      2    0      0 |   -3866     27    26    12 |  36.75 -39.75   4.25
 10:47:20      HVN2 from_below ask  30624.25 |      6      5      1    0      0 |   -3823     77    42    17 |   36.5  -40.0   -0.5
 10:47:30      HVN2 from_above bid  30624.50 |     29     21      8    0      0 |   -3833     27    29    33 |  36.25 -40.25    4.0
 10:47:30      HVN2 from_above bid  30624.00 |      8      8      0    0      0 |   -3842     23    31    40 |  36.75 -39.75    5.0
 10:48:07       IBH from_below ask  30642.50 |     13     11      2    0      0 |   -3653    207     6     2 |  18.25 -58.25   -4.5
 10:48:21       IBH from_above bid  30643.25 |     13     13      0    0      0 |   -3488    320    15     9 |   17.5  -59.0   -2.5
 10:48:22       IBH from_above bid  30643.25 |      9      9      0    0      0 |   -3487    322    15    10 |   17.5  -59.0   -2.5
 10:48:24       IBH from_above bid  30643.25 |     18     13      5    0      0 |   -3506    300    16    24 |   17.5  -59.0   0.25
 10:48:26       IBH from_above bid  30643.50 |     14     13      1    0      0 |   -3514    297    17    27 |  17.25 -59.25   0.75
 10:48:28       IBH from_below ask  30642.50 |      8      8      0    0      0 |   -3523    284    18    32 |  18.25 -58.25  -1.75
 10:48:28       IBH from_above bid  30643.50 |     17     16      1    0      0 |   -3524    283    20    35 |  17.25 -59.25  -2.75
 10:48:30       IBH from_below ask  30643.50 |      8      7      1    0      0 |   -3522    321    23    40 |  17.25 -59.25    0.0
 10:48:34       IBH from_below ask  30642.75 |     12     11      1    0      0 |   -3520    314    35    47 |   18.0  -58.5   2.25
 10:50:00       IBH from_above bid  30643.25 |     13     13      0    0      0 |   -3629   -193     0     2 |   8.75  -59.0   -7.0
 10:50:00       IBH from_above bid  30642.75 |      8      1      7    0      0 |   -3623   -187     2    12 |   9.25  -58.5   -4.5
 10:50:49      HVN2 from_above bid  30624.00 |     11     11      0    0      0 |   -3704   -105     1    18 |   28.0 -39.75   17.5
 10:50:53      HVN2 from_above bid  30624.50 |     15     15      0    0      0 |   -3697    -92     8    21 |   27.5 -40.25  18.25
 10:50:56      HVN2 from_above bid  30623.50 |     10      9      1    0      0 |   -3709    -90    10    26 |   28.5 -39.25   21.0
 10:51:00      HVN2 from_above bid  30624.00 |      3      2      1    0      0 |   -3712    -85    17    29 |   28.0 -39.75  22.75
 10:51:02      HVN2 from_below ask  30623.75 |     13     13      0    0      0 |   -3712    -73    22    29 |  28.25  -39.5   24.5
 10:51:03      HVN2 from_below ask  30623.50 |     15     15      0    0      0 |   -3712    -73    23    32 |   28.5 -39.25   27.5
 10:51:08      HVN2 from_below ask  30623.50 |     15     15      0    0      0 |   -3756    -79    28    36 |   32.0 -39.25   31.0
 10:51:34      HVN2 from_below ask  30623.75 |     17     17      0    0      0 |   -3771   -102    14     5 |  49.25  -39.5  47.75
 10:51:43   ONH/PMH from_above bid  30613.00 |     14     13      1    0      0 |   -3809   -151     0     5 |   62.0 -28.75  60.75
 10:51:43       MHP from_above bid  30611.50 |     35     34      1    0      0 |   -3822   -164     0    11 |   63.5 -27.25  62.25
 10:51:45   ONH/PMH from_below ask  30612.25 |      8      8      0    0      0 |   -3856   -203     5    14 |   63.5  -28.0   58.5
 10:51:54       MHP from_below ask  30610.75 |     10     10      0    0      0 |   -3913   -216    25    65 |   65.0  -26.5   55.5
 10:51:54   ONH/PMH from_below ask  30612.00 |     26     19      7    0      0 |   -3893   -197    27    28 |  63.75 -27.75   53.5
 10:52:06      HVN2 from_below ask  30623.50 |     16     16      0    0      0 |   -3817    -60     5     0 |  52.25 -39.25   37.0
 10:52:07      HVN2 from_below ask  30623.50 |     10      9      1    0      0 |   -3806    -52    20     2 |  52.25 -39.25  39.75
 10:52:13      HVN2 from_above bid  30623.75 |      4      4      0    0      0 |   -3803    -36    32     9 |   52.0  -39.5   41.0
 10:52:16      HVN2 from_above bid  30623.75 |      6      5      1    0      0 |   -3807    -40    48    24 |   52.0  -39.5  36.75
 10:52:19      HVN2 from_below ask  30623.50 |      9      9      0    0      0 |   -3818    -57    51    28 |  52.25 -39.25  35.75
 10:52:26      HVN2 from_above bid  30624.50 |     11     10      1    0      0 |   -3835    -56    56    35 |  51.25 -40.25  39.25
 10:52:28      HVN2 from_below ask  30624.00 |      9      9      0    0      0 |   -3837    -47    59    37 |  51.75 -39.75  40.75
 10:52:32      HVN2 from_below ask  30623.75 |      7      7      0    0      0 |   -3832    -40    65    39 |   52.0  -39.5   35.0
 10:52:45      HVN2 from_above bid  30624.25 |      9      9      0    0      0 |   -3816     42    22    21 |   51.5  -40.0   33.5
 10:52:48      HVN2 from_above bid  30624.25 |     17     15      2    0      0 |   -3818     39    34    27 |   51.5  -40.0   34.0
 10:52:55   ONH/PMH from_above bid  30613.00 |     21     18      3    0      0 |   -3880    -14     0     6 |  62.75 -28.75  47.25
 10:52:58   ONH/PMH from_above bid  30612.75 |     18     17      1    0      0 |   -3885    -24     2    11 |   63.0  -28.5  44.75
 10:52:58       MHP from_above bid  30611.50 |     12     12      0    0      0 |   -3887    -26     0     2 |  64.25 -27.25  47.25
 10:52:59   ONH/PMH from_below ask  30612.00 |     12     12      0    0      0 |   -3885    -24     9    15 |  63.75 -27.75  48.25
 10:52:59       MHP from_below ask  30611.25 |     21     21      0    0      0 |   -3887    -26    12    13 |   64.5  -27.0  47.75
 10:53:12       MHP from_below ask  30611.25 |      4      4      0    0      0 |   -3901   -104    17    13 |   64.5  -27.0   47.0
 10:53:20       MHP from_below ask  30610.75 |      8      7      1    0      0 |   -3903    -80    23    13 |   65.0  -26.5   47.0
 10:53:21       MHP from_below ask  30610.75 |      0      0      0    0      0 |   -3903    -79    23    14 |   65.0  -26.5   49.0
 10:53:21   ONH/PMH from_below ask  30612.00 |     15     14      1    0      0 |   -3902    -73    13    22 |  63.75 -27.75  49.75
 10:53:24       MHP from_below ask  30610.75 |     12     11      1    0      0 |   -3898    -78    35    24 |   65.0  -26.5  50.25
 10:53:24   ONH/PMH from_below ask  30612.00 |      2      2      0    0      0 |   -3899    -79    13    23 |  63.75 -27.75  47.75
 10:53:28       MHP from_below ask  30610.75 |     13     12      1    0      0 |   -3909    -69    40    37 |   65.0  -26.5  49.75
 10:53:30   ONH/PMH from_below ask  30612.75 |      1      0      1    0      0 |   -3904    -73    10     5 |   63.0  -28.5   45.5
 10:53:45  QQQ Open from_above bid  30595.00 |     15     14      1    0      0 |   -3940   -128     0     6 |  80.75 -10.75  57.25
 10:54:06       MHP from_below ask  30610.75 |     16     15      1    0      0 |   -3921      8     2     0 |   65.0  -26.5  49.25
 10:54:08   ONH/PMH from_below ask  30612.00 |     14     13      1    0      0 |   -3923     -5     3     3 |  63.75 -27.75   55.0
 10:54:10   ONH/PMH from_above bid  30612.25 |      4      4      0    0      0 |   -3915      4     3     5 |   63.5  -28.0  52.75
 10:54:17      HVN2 from_below ask  30623.50 |     10     10      0    0      0 |   -3861     40     7     0 |  52.25 -39.25   33.0
 10:54:19      HVN2 from_below ask  30623.50 |     16     16      0    0      0 |   -3863     36    20    11 |  52.25 -39.25   31.5
 10:54:21      HVN2 from_above bid  30624.25 |      8      8      0    0      0 |   -3867     41    33    35 |   51.5  -40.0  23.25
 10:54:23      HVN2 from_above bid  30623.75 |      7      7      0    0      0 |   -3873     31    34    45 |   52.0  -39.5   22.0
 10:54:25      HVN2 from_below ask  30623.50 |     12     11      1    0      0 |   -3871     39    42    50 |  52.25 -39.25  24.75
 10:54:27      HVN2 from_below ask  30623.75 |      6      6      0    0      0 |   -3877     38    46    53 |   52.0  -39.5  27.75
 10:54:28      HVN2 from_below ask  30623.50 |     13     13      0    0      0 |   -3880     26    49    54 |  52.25 -39.25   28.5
 10:54:30      HVN2 from_above bid  30624.25 |      4      5      0    0      0 |   -3874     31    51    55 |   51.5  -40.0  27.75
 10:54:35      HVN2 from_above bid  30624.50 |     14     14      0    0      0 |   -3865     38    74    66 |  51.25 -40.25  23.75
 10:54:36      HVN2 from_below ask  30623.50 |     13     13      0    0      0 |   -3876     29    77    70 |  52.25 -39.25  19.75
 10:54:47      HVN2 from_below ask  30623.75 |      5      5      0    0      0 |   -3895     49    76    70 |   52.0  -39.5   14.0
 10:54:48      HVN2 from_above bid  30624.50 |     17     16      1    0      0 |   -3895     50    66    67 |  51.25 -40.25   15.5
 10:54:51      HVN2 from_above bid  30624.25 |     11     10      1    0      0 |   -3892     42    60    57 |   51.5  -40.0  14.75
 10:54:54      HVN2 from_below ask  30623.75 |     16     15      1    0      0 |   -3894     34    54    33 |   52.0  -39.5    6.0
 10:55:03      HVN2 from_below ask  30623.50 |     13     13      0    0      0 |   -3895     21    43    24 |  52.25 -39.25    7.5
 10:55:03      HVN2 from_below ask  30623.75 |     10      8      2    0      0 |   -3891     35    50    24 |   52.0  -39.5    8.0
 10:55:21      HVN2 from_above bid  30624.25 |     18     17      1    0      0 |   -3903    -36    21     6 |   51.5  -40.0  11.25
 10:55:25      HVN2 from_above bid  30624.50 |     15     15      0    0      0 |   -3910    -40    16    15 |  51.25 -40.25    6.0
 10:55:26      HVN2 from_above bid  30624.50 |     12     12      0    0      0 |   -3904    -32    22    19 |  51.25 -40.25   9.75
 10:55:49      HVN2 from_above bid  30624.50 |     27     26      1    0      0 |   -3905     -8    18    25 |  51.25 -40.25   9.25
 10:55:52      HVN2 from_below ask  30623.75 |     12     12      0    0      0 |   -3905     -8    25    28 |   52.0  -39.5    6.5
 10:55:52      HVN2 from_below ask  30623.50 |     25     17      8    0      0 |   -3883     13    50    29 |  52.25 -39.25    9.0
 10:55:52      HVN2 from_above bid  30624.50 |     14     13      1    0      0 |   -3863     33    50    30 |  51.25 -40.25    8.0
 10:55:58      HVN2 from_above bid  30624.50 |     13     13      0    0      0 |   -3866     32    41    27 |  51.25 -40.25  14.25
 10:55:59      HVN2 from_above bid  30623.75 |      8      8      0    0      0 |   -3868     30    43    32 |   52.0  -39.5  16.75
 10:56:05      HVN2 from_above bid  30624.25 |      9      9      0    0      0 |   -3881     10    52    45 |   51.5  -40.0  16.75
 10:56:06      HVN2 from_above bid  30624.50 |      3      3      0    0      0 |   -3883      8    53    47 |  51.25 -40.25   16.5
 10:56:11      HVN2 from_below ask  30623.50 |      6      6      0    0      0 |   -3892     -2    61    61 |  52.25 -39.25  19.75
 10:56:15      HVN2 from_above bid  30624.50 |     17     16      1    0      0 |   -3902    -14    63    70 |  51.25 -40.25  12.75
 10:56:21   ONH/PMH from_above bid  30613.00 |     16     16      0    0      0 |   -3952    -50     0    10 |  62.75 -28.75   26.5
 10:56:21       MHP from_above bid  30611.50 |     14     13      1    0      0 |   -3959    -57     0     8 |  64.25 -27.25   29.0
 10:56:22       MHP from_below ask  30611.50 |      4      4      0    0      0 |   -3971    -66     5    18 |  64.25 -27.25  24.75
 10:56:32       MHP from_below ask  30610.75 |     13     13      0    0      0 |   -4002   -122    10    23 |   65.0  -26.5   28.0
 10:56:38       MHP from_below ask  30610.75 |     15     14      1    0      0 |   -4006   -121    12    26 |   65.0  -26.5   20.5
 10:56:38   ONH/PMH from_below ask  30612.00 |     15     15      0    0      0 |   -4006   -121     7    19 |  63.75 -27.75  19.25
 10:56:40       MHP from_above bid  30611.50 |     15     15      0    0      0 |   -4016   -132    17    43 |  64.25 -27.25  22.25
 10:56:41       MHP from_below ask  30610.75 |      8      8      0    0      0 |   -4015   -139    18    44 |   65.0  -26.5  25.75
 10:56:41   ONH/PMH from_below ask  30612.00 |     15     14      1    0      0 |   -4020   -140    19    30 |  63.75 -27.75  23.75
 10:56:43       MHP from_below ask  30610.75 |     15     14      1    0      0 |   -4019   -143    21    52 |   65.0  -26.5  22.25
 10:56:43   ONH/PMH from_below ask  30612.75 |      8      8      0    0      0 |   -4016   -140    21    30 |   63.0  -28.5  20.25
 10:56:59      HVN2 from_above bid  30624.50 |     10     10      0    0      0 |   -4000   -133     2     2 |  51.25 -40.25   8.75
 10:57:02      HVN2 from_above bid  30624.00 |     11     10      1    0      0 |   -4002   -135    18    20 |  51.75 -39.75   5.25
 10:57:02      HVN2 from_below ask  30623.50 |     15     15      0    0      0 |   -4013   -148    20    24 |  52.25 -39.25    8.5
 10:57:04      HVN2 from_below ask  30623.75 |      8      8      0    0      0 |   -4000   -138    27    25 |   52.0  -39.5    3.5
 10:57:12      HVN2 from_below ask  30623.50 |      5      5      0    0      0 |   -4009   -116    31    31 |  52.25 -39.25   10.0
 10:57:16      HVN2 from_above bid  30624.00 |      4      4      0    0      0 |   -4011   -106    35    48 |  51.75 -39.75    1.0
 10:57:21      HVN2 from_below ask  30624.50 |      0      0      0    0      0 |   -4023    -51    39    53 |  51.25 -40.25    0.5
 10:57:22      HVN2 from_above bid  30624.00 |     17     16      1    0      0 |   -4027    -57    40    57 |  51.75 -39.75   0.75
 10:57:26      HVN2 from_below ask  30623.50 |     15     15      0    0      0 |   -4030    -38    47    60 |  52.25 -39.25  -0.25
 10:57:27      HVN2 from_below ask  30624.00 |     11     11      0    0      0 |   -4028    -22    48    60 |  51.75 -39.75  -4.25
 10:57:30      HVN2 from_below ask  30623.50 |     14     13      1    0      0 |   -4023     -2    50    52 |  52.25 -39.25   -5.5
 10:57:33      HVN2 from_above bid  30624.50 |     14     14      0    0      0 |   -4013     -8    45    54 |  51.25 -40.25   -5.0
 10:57:33      HVN2 from_above bid  30623.75 |      7      7      0    0      0 |   -4008     -1    43    58 |   52.0  -39.5   -4.5
 10:57:34      HVN2 from_below ask  30623.75 |      7      7      0    0      0 |   -4009     -1    44    59 |   52.0  -39.5   -5.0
 10:57:51      HVN2 from_below ask  30623.75 |     12     12      0    0      0 |   -4046    -28    36    38 |   52.0  -39.5   -7.0
 10:57:55      HVN2 from_below ask  30623.75 |     15     15      0    0      0 |   -4041    -31    52    43 |   52.0  -39.5  -6.75
 10:57:56      HVN2 from_below ask  30624.50 |      6      6      0    0      0 |   -4039    -32    53    43 |  51.25 -40.25   -7.5
 10:57:57      HVN2 from_above bid  30624.25 |     12     11      1    0      0 |   -4038    -27    59    49 |   51.5  -40.0  -7.25
 10:58:02      HVN2 from_above bid  30624.50 |     12     11      1    0      0 |   -4031    -19    55    46 |  51.25 -40.25  -4.25
 10:58:27       IBH from_below ask  30643.00 |     15     13      2    0      0 |   -3931     99    27     0 |  32.75 -58.75 -20.25
 10:58:28       IBH from_below ask  30642.75 |     17     16      1    0      0 |   -3936     89    36     9 |   33.0  -58.5  -20.0
 10:58:48       IBH from_below ask  30642.75 |     19     19      0    0      0 |   -3950     89    47     9 |   33.0  -58.5 -14.75
 10:58:52       IBH from_below ask  30642.75 |     16     15      1    0      0 |   -3940    105    69    17 |   33.0  -58.5 -17.25
 10:58:55       IBH from_below ask  30642.50 |     18     16      2    0      0 |   -3947     88    70    21 |  33.25 -58.25  -22.0
 10:59:02       IBH from_above bid  30643.50 |     22     18      4    0      0 |   -3893    135    55    16 |  32.25 -59.25 -28.25
 10:59:12       IBH from_above bid  30643.50 |      9      9      0    0      0 |   -3897    112    64    37 |  32.25 -59.25 -35.75
 10:59:52      HVN2 from_above bid  30624.50 |     20     19      1    0      0 |   -4023    -83     0    11 |  51.25 -40.25 -18.25
 10:59:57      HVN2 from_below ask  30623.50 |     14     14      0    0      0 |   -4041   -137    25    47 |  52.25 -39.25  -16.5
 10:59:58      HVN2 from_below ask  30624.00 |     17     16      1    0      0 |   -4088   -201    31    48 |  51.75 -39.75  -17.0
 11:00:03      HVN2 from_above bid  30624.50 |     15     15      0    0      0 |   -4014   -123    52    54 |  51.25 -40.25 -14.75
 11:00:03       MHP from_above bid  30611.25 |     20     20      0    0      0 |   -3992    -94    13     6 |   64.5  -27.0   -3.5
 11:00:03   ONH/PMH from_below ask  30612.25 |      3      3      0    0      0 |   -3992    -94    17     3 |   63.5  -28.0   -4.5
 11:00:03       MHP from_above bid  30611.50 |     20     20      0    0      0 |   -3992    -94    13     6 |  64.25 -27.25  -3.75
 11:00:03   ONH/PMH from_below ask  30612.00 |      3      3      0    0      0 |   -3992    -94    17     3 |  63.75 -27.75  -4.25
 11:00:03       MHP from_above bid  30610.75 |     20     20      0    0      0 |   -3992    -94    13     6 |   65.0  -26.5   -3.0
 11:00:03      HVN2 from_below ask  30623.50 |     27     27      0    0      0 |   -3992    -94    58    59 |  52.25 -39.25 -15.75
 11:00:03       MHP from_below ask  30611.50 |      0      0      0    0      0 |   -4023   -125    13    10 |  64.25 -27.25  -3.75
 11:00:03       MHP from_below ask  30611.25 |      0      0      0    0      0 |   -4060   -162    13    17 |   64.5  -27.0   -3.5
 11:00:03   ONH/PMH from_above bid  30613.00 |     15     15      0    0      0 |   -4069   -171    17    16 |  62.75 -28.75  -5.25
 11:00:03       MHP from_above bid  30611.00 |     20     20      0    0      0 |   -4069   -171    13    20 |  64.75 -26.75  -3.25
 11:00:04      HVN2 from_below ask  30623.75 |      2      2      0    0      0 |   -4041   -143    59    62 |   52.0  -39.5  -16.0
 11:00:05   ONH/PMH from_above bid  30612.75 |      6      6      0    0      0 |   -4057   -161    19    18 |   63.0  -28.5   -5.0
 11:00:11   ONH/PMH from_above bid  30613.00 |     16     16      0    0      0 |   -4136   -240    19    27 |  62.75 -28.75    8.0
 11:00:11       MHP from_above bid  30611.50 |     12     12      0    1      0 |   -4139   -245    13    24 |  64.25 -27.25   7.75
          iceberg oid=6878431765459 cumFilled=0 maxDisplayed=2 stillResting=2
 11:00:13       MHP from_below ask  30610.75 |     15     15      0    0      0 |   -4153   -256    17    29 |   65.0  -26.5  11.75
 11:00:13   ONH/PMH from_below ask  30612.00 |      9      9      0    0      0 |   -4154   -254    23    33 |  63.75 -27.75   10.5
 11:00:15       MHP from_below ask  30611.50 |      0      0      0    0      0 |   -4157   -247    18    36 |  64.25 -27.25   15.0
 11:00:16       MHP from_below ask  30610.75 |      8      7      1    0      0 |   -4156   -242    24    38 |   65.0  -26.5   16.5
 11:00:23  QQQ Open from_above bid  30595.00 |     12     12      0    0      0 |   -4227   -292     0     3 |  80.75 -10.75   30.5
 11:00:23  QQQ Open from_below ask  30594.00 |     17     17      0    0      0 |   -4241   -306     4    13 |  81.75  -9.75   31.5
 11:00:25  QQQ Open from_above bid  30595.00 |     13     13      0    0      0 |   -4263   -323    16    32 |  80.75 -10.75   26.0
 11:00:25  QQQ Open from_above bid  30595.00 |     17     17      0    0      0 |   -4262   -322    16    33 |  80.75 -10.75   24.0
 11:00:26  QQQ Open from_above bid  30594.50 |     12     12      0    0      0 |   -4263   -324    20    36 |  81.25 -10.25   20.0
 11:00:28  QQQ Open from_below ask  30594.75 |      3      3      0    0      0 |   -4276   -336    28    38 |   81.0  -10.5   24.0
 11:00:29  QQQ Open from_above bid  30594.75 |     11     11      0    0      0 |   -4288   -345    28    40 |   81.0  -10.5  23.75
 11:00:30  QQQ Open from_below ask  30594.50 |      1      1      0    0      0 |   -4279   -338    29    42 |  81.25 -10.25  23.75
 11:00:34       MHP from_below ask  30611.50 |      0      0      0    0      0 |   -4256   -302    16    21 |  64.25 -27.25   7.75
 11:00:34   ONH/PMH from_below ask  30612.00 |     20     20      0    0      0 |   -4256   -302    10    19 |  63.75 -27.75   7.25
 11:00:35       MHP from_above bid  30611.00 |     16     16      0    0      0 |   -4252   -298    17    24 |  64.75 -26.75   10.0
 11:00:35   ONH/PMH from_below ask  30612.00 |     19     17      2    0      0 |   -4260   -306    23    22 |  63.75 -27.75    8.0
 11:00:35   ONH/PMH from_above bid  30613.00 |     19     19      0    0      0 |   -4243   -289    40    26 |  62.75 -28.75    7.5
 11:00:38   ONH/PMH from_above bid  30612.50 |     10      9      1    0      0 |   -4249   -295    40    28 |  63.25 -28.25   7.75
 11:00:39       MHP from_above bid  30611.50 |     14     13      1    0      0 |   -4252   -298    29    37 |  64.25 -27.25  14.25
 11:00:43   ONH/PMH from_above bid  30612.00 |      6      5      1    0      0 |   -4261   -263    40    31 |  63.75 -27.75  14.75
 11:00:44       MHP from_above bid  30610.75 |      6      5      1    0      0 |   -4258   -262    24    31 |   65.0  -26.5   17.5
 11:00:44   ONH/PMH from_below ask  30612.50 |      1      1      0    0      0 |   -4259   -264    46    37 |  63.25 -28.25   16.0
 11:00:48   ONH/PMH from_above bid  30612.25 |      1      1      0    0      0 |   -4262   -279    49    45 |   63.5  -28.0  18.75
 11:00:52      HVN2 from_above bid  30624.50 |     16     15      1    0      0 |   -4215   -190     5     2 |  51.25 -40.25   1.75
 11:00:54      HVN2 from_above bid  30624.50 |     12     11      1    0      0 |   -4215   -188    20    16 |  51.25 -40.25   3.25
 11:00:57      HVN2 from_above bid  30624.50 |      6      6      0    0      0 |   -4213   -171    26    27 |  51.25 -40.25   2.75
 11:01:02   ONH/PMH from_above bid  30612.50 |      7      7      0    0      0 |   -4229   -212    49    50 |  63.25 -28.25   12.5
 11:01:13      HVN2 from_below ask  30623.75 |     18     17      1    0      0 |   -4220    -66    30    30 |   52.0  -39.5   1.25
 11:01:26      HVN2 from_below ask  30623.50 |      6      6      0    0      0 |   -4196     61     8     7 |  52.25 -39.25   4.75
 11:01:35      HVN2 from_above bid  30624.50 |     19     18      1    0      0 |   -4179     75     7    12 |  51.25 -40.25  -8.25
 11:01:42      HVN2 from_below ask  30623.75 |     11     11      0    0      0 |   -4175     74    14    15 |   52.0  -39.5  -3.75
 11:01:45      HVN2 from_below ask  30624.00 |      7      7      0    0      0 |   -4180     79    11    16 |  51.75 -39.75    0.5
 11:01:46      HVN2 from_above bid  30624.50 |     20     15      5    0      0 |   -4177     83    15    21 |  51.25 -40.25   2.25
 11:02:05   ONH/PMH from_above bid  30612.50 |     25     23      2    0      0 |   -4234     -9     1     8 |  63.25 -28.25    0.0
 11:02:05       MHP from_above bid  30611.50 |     10     10      0    0      0 |   -4254    -29     0     2 |  64.25 -27.25    1.0
 11:02:06       MHP from_below ask  30610.75 |      4      4      0    0      0 |   -4262    -38     0     6 |   65.0  -26.5    2.0
 11:02:06   ONH/PMH from_below ask  30612.25 |      6      7      0    0      0 |   -4269    -42     2    33 |   63.5  -28.0    0.5
 11:02:08   ONH/PMH from_below ask  30612.00 |     15     14      1    0      0 |   -4271    -45     4    37 |  63.75 -27.75  -0.25
 11:02:10       MHP from_above bid  30611.25 |     16     15      1    0      0 |   -4277    -54     9    22 |   64.5  -27.0   -0.5
 11:02:10   ONH/PMH from_below ask  30612.00 |      9      8      1    0      0 |   -4276    -53     6    38 |  63.75 -27.75  -1.25
 11:02:13   ONH/PMH from_above bid  30612.75 |      7      8      0    0      0 |   -4288    -70    13    50 |   63.0  -28.5   -4.0
 11:02:14   ONH/PMH from_above bid  30612.75 |     17     16      1    0      0 |   -4289    -72    15    55 |   63.0  -28.5   -7.0
 11:02:15   ONH/PMH from_above bid  30613.00 |     10     10      0    0      0 |   -4289    -76    15    58 |  62.75 -28.75   -6.5
 11:02:17       MHP from_above bid  30611.00 |     13     12      1    0      0 |   -4292    -83    13    31 |  64.75 -26.75  -6.75
 11:02:17       MHP from_above bid  30611.00 |      7      7      0    0      0 |   -4295    -86    14    33 |  64.75 -26.75   -7.0
 11:02:19       MHP from_below ask  30610.75 |      6      6      0    0      0 |   -4295    -89    21    38 |   65.0  -26.5   -7.5
 11:02:20   ONH/PMH from_below ask  30612.25 |     14     14      0    0      0 |   -4295    -82    21    63 |   63.5  -28.0   -9.0
 11:02:21   ONH/PMH from_above bid  30613.00 |     14     14      0    0      0 |   -4302    -86    22    68 |  62.75 -28.75   -2.5
 11:02:21       MHP from_above bid  30611.25 |      5      4      1    0      0 |   -4301    -84    24    38 |   64.5  -27.0  -1.75
 11:02:23   ONH/PMH from_above bid  30613.00 |     15     15      0    0      0 |   -4299   -111    29    74 |  62.75 -28.75    0.0
 11:02:27       MHP from_above bid  30611.25 |     12     11      1    0      0 |   -4307   -112    25    39 |   64.5  -27.0    2.0
 11:02:28       MHP from_below ask  30611.00 |     11     11      0    0      0 |   -4305   -100    29    41 |  64.75 -26.75    6.5
 11:02:31       MHP from_below ask  30610.75 |     12     12      0    0      0 |   -4308   -104    34    43 |   65.0  -26.5    4.5
 11:02:31   ONH/PMH from_below ask  30612.00 |     16     15      1    0      0 |   -4306   -102    32    73 |  63.75 -27.75    2.5
 11:02:37   ONH/PMH from_above bid  30612.50 |     14     13      1    0      0 |   -4286    -94    33    52 |  63.25 -28.25  -11.5
 11:02:38       MHP from_above bid  30611.25 |      9      8      1    0      0 |   -4286    -94    35    31 |   64.5  -27.0  -9.25
 11:02:38   ONH/PMH from_below ask  30613.00 |      0      0      0    0      0 |   -4281    -90    32    50 |  62.75 -28.75   -9.0
 11:02:40       MHP from_above bid  30611.50 |     18     18      0    0      0 |   -4284    -92    34    27 |  64.25 -27.25   -9.0
 11:02:52  QQQ Open from_above bid  30595.00 |     21     20      1    0      0 |   -4336   -138     2     3 |  80.75 -10.75    6.0
 11:03:23  QQQ Open from_above bid  30595.00 |     19     14      5    0      0 |   -4315    -20     0     5 |  80.75 -14.25  -3.75
 11:03:23  QQQ Open from_below ask  30594.25 |     18     17      1    0      0 |   -4323    -28     5    13 |   81.5  -13.5   -3.5
 11:03:43  QQQ Open from_below ask  30594.00 |     11     10      1    0      0 |   -4345    -43    21    23 |  81.75 -13.25   3.75
 11:04:00       MHP from_below ask  30610.75 |     28     20      8    0      0 |   -4269     40    11     0 |   65.0  -30.0   -6.0
 11:04:01       MHP from_above bid  30611.25 |      9      9      0    0      0 |   -4268     44    22     1 |   64.5  -30.5  -7.75
 11:04:01   ONH/PMH from_below ask  30612.00 |      5      4      1    0      0 |   -4261     51     8     0 |  63.75 -31.25   -8.5
 11:04:07      HVN2 from_below ask  30623.75 |      8      8      0    0      0 |   -4194    108     6     0 |   52.0  -43.0   -9.0
 11:04:17   ONH/PMH from_above bid  30612.00 |      2      2      0    0      0 |   -4186    113    10    12 |  63.75 -31.25  -1.75
 11:04:19   ONH/PMH from_above bid  30613.00 |     21     19      2    0      0 |   -4194     97    14    19 |  62.75 -32.25   -4.0
 11:04:26      HVN2 from_below ask  30623.50 |     25     23      2    0      0 |   -4202    153    16     9 |  52.25 -42.75 -20.75
 11:04:26      HVN2 from_below ask  30623.75 |     13     13      0    0      0 |   -4200    153    18    10 |   52.0  -43.0  -21.0
 11:04:28      HVN2 from_above bid  30624.50 |     20     17      3    0      0 |   -4187    170    32    14 |  51.25 -43.75 -22.25
 11:04:30      HVN2 from_below ask  30624.00 |     11     11      0    0      0 |   -4186    164    41    29 |  51.75 -43.25  -25.0
 11:04:35      HVN2 from_below ask  30623.50 |     11     11      0    0      0 |   -4191    163    47    38 |  52.25 -42.75 -26.75
 11:04:43      HVN2 from_below ask  30623.50 |     21     20      1    0      0 |   -4204    146    36    31 |  52.25 -42.75  -21.5
 11:04:49      HVN2 from_below ask  30624.00 |     11     10      1    0      0 |   -4221     91    42    31 |  51.75 -43.25  -30.0
 11:04:52      HVN2 from_above bid  30623.50 |      4      3      1    0      0 |   -4218     70    45    35 |  52.25 -42.75  -31.0
 11:04:55      HVN2 from_below ask  30623.50 |     12     12      0    0      0 |   -4220     72    53    40 |  52.25 -42.75 -29.25
 11:05:07   ONH/PMH from_above bid  30613.00 |     22     22      0    0      0 |   -4240    -41     0     5 |  62.75 -32.25  -16.5
 11:05:09   ONH/PMH from_above bid  30612.50 |     10     10      0    0      0 |   -4244    -52     0     8 |  63.25 -31.75  -12.0
 11:05:18      HVN2 from_below ask  30623.75 |      7      8      0    0      0 |   -4232    -45    25    16 |   52.0  -43.0  -33.5
 11:05:25      HVN2 from_below ask  30623.50 |     16     15      1    0      0 |   -4235    -25    28    23 |  52.25 -42.75 -31.25
 11:05:56      HVN2 from_below ask  30623.50 |     10     10      0    0      0 |   -4249    -32     1     1 |  52.25 -42.75 -20.25
 11:06:03      HVN2 from_below ask  30624.25 |      4      4      0    0      0 |   -4248    -22     5     6 |   51.5  -43.5 -14.75
 11:06:04      HVN2 from_above bid  30623.75 |      5      5      0    0      0 |   -4241    -15     8     7 |   52.0  -43.0  -14.5
 11:06:04      HVN2 from_above bid  30624.00 |      9      9      0    0      0 |   -4243    -17    10    12 |  51.75 -43.25 -14.75
 11:06:06      HVN2 from_above bid  30624.25 |      9      8      1    0      0 |   -4245     -6    10    13 |   51.5  -43.5 -15.25
 11:06:09      HVN2 from_below ask  30623.50 |     13     12      1    0      0 |   -4246     -5    12    17 |  52.25 -42.75 -17.25
 11:06:10      HVN2 from_below ask  30623.50 |     10     10      0    0      0 |   -4252     -9    14    19 |  52.25 -42.75 -21.25
 11:06:23   ONH/PMH from_above bid  30613.00 |     19     19      0    0      0 |   -4272    -29     0     2 |  62.75 -32.25 -11.75
 11:06:25   ONH/PMH from_above bid  30613.00 |     19     19      0    0      0 |   -4277    -44     1     6 |  62.75 -32.25   -8.5
 11:06:28       MHP from_below ask  30611.00 |     17     16      1    0      0 |   -4284    -60     1     7 |  64.75 -30.25  -8.75
 11:06:28   ONH/PMH from_below ask  30612.00 |     18     18      0    0      0 |   -4282    -58     9    15 |  63.75 -31.25  -9.75
 11:06:29   ONH/PMH from_above bid  30613.00 |     22     21      1    0      0 |   -4285    -63    12    26 |  62.75 -32.25 -11.25
 11:06:30       MHP from_above bid  30611.50 |     18     18      0    0      0 |   -4289    -79     3     9 |  64.25 -30.75  -7.75
 11:06:35   ONH/PMH from_above bid  30612.75 |     22     18      4    0      0 |   -4300    -63    16    41 |   63.0  -32.0 -12.75
 11:06:38      HVN2 from_below ask  30623.75 |      7      7      0    0      0 |   -4291    -48    13     8 |   52.0  -43.0  -21.5
 11:06:42      HVN2 from_below ask  30623.75 |     12     11      1    0      0 |   -4289    -36    18     8 |   52.0  -43.0  -25.5
 11:06:45      HVN2 from_below ask  30623.50 |     16     16      0    0      0 |   -4288    -33    18     9 |  52.25 -42.75 -20.75
 11:07:11      HVN2 from_below ask  30623.50 |     10     10      0    0      0 |   -4245      5    16     8 |  52.25 -42.75 -16.25
 11:07:16      HVN2 from_below ask  30623.75 |      8      8      0    0      0 |   -4250      0    22    19 |   52.0  -43.0  -9.25
 11:07:19      HVN2 from_above bid  30624.00 |      3      3      0    0      0 |   -4261     -3    22    24 |  51.75 -43.25  -11.5
 11:07:26      HVN2 from_below ask  30623.50 |      9      9      0    0      0 |   -4252     25    26    24 |  52.25 -42.75  -10.5
 11:07:32      HVN2 from_above bid  30624.25 |      6      5      1    0      0 |   -4252     30    42    44 |   51.5  -43.5   -2.0
 11:07:33      HVN2 from_above bid  30623.75 |     12     12      0    0      0 |   -4246     37    50    50 |   52.0  -43.0  -2.75
 11:08:22       IBH from_below ask  30642.50 |     12     12      0    0      0 |   -4141    113     6     0 |  33.25 -61.75  -28.0
 11:08:24       IBH from_below ask  30642.75 |      8      6      2    0      0 |   -4133    123    13     3 |   33.0  -62.0  -28.0
 11:08:26       IBH from_above bid  30642.75 |      3      3      0    0      0 |   -4109    143    27    12 |   33.0  -62.0  -31.5
 11:08:27       IBH from_above bid  30643.00 |     10     10      0    0      0 |   -4113    140    29    20 |  32.75 -62.25  -28.5
 11:08:30       IBH from_below ask  30642.75 |      7      7      0    0      0 |   -4117    101    30    22 |   33.0  -62.0 -35.25
 11:08:33       IBH from_below ask  30642.50 |     25     21      4    0      0 |   -4106    140    42    39 |  33.25 -61.75 -38.25
 11:08:35       IBH from_above bid  30642.50 |     10      6      4    0      0 |   -4100    148    61    52 |  33.25 -61.75  -36.5
 11:08:40       IBH from_above bid  30642.75 |      4      4      0    0      0 |   -4118    124    61    64 |   33.0  -62.0 -33.25
 11:09:11       IBH from_above bid  30643.50 |     11     10      1    0      0 |   -4121     44     0     5 |  32.25 -62.75 -51.25
 11:09:15       IBH from_below ask  30643.50 |      6      5      1    0      0 |   -4132     46     1     8 |  32.25 -62.75 -58.25
 11:09:17       IBH from_below ask  30642.75 |     12     12      0    0      0 |   -4128     46     5    13 |   33.0  -62.0  -57.0
 11:09:25       IBH from_below ask  30642.75 |     15     15      0    0      0 |   -4143    -37    14    23 |   33.0 -62.75  -58.0
 11:09:50       IBH from_below ask  30642.50 |     14     14      0    0      0 |   -4150    -52     7     5 |  33.25 -75.75 -70.75
 11:10:01       IBH from_below ask  30643.00 |      9      8      1    0      0 |   -4142    -47     6     4 |  32.75 -76.25  -52.5
 11:10:01       IBH from_above bid  30642.75 |      6      6      0    0      0 |   -4143    -48    11    13 |   33.0  -76.0  -53.5
 11:10:33       IBH from_below ask  30642.50 |     17     16      1    0      0 |   -4172     21     3     0 |  33.25 -75.75 -50.25
 11:10:34       IBH from_above bid  30642.50 |      4      4      0    0      0 |   -4159     34    12     2 |  33.25 -75.75  -51.0
 11:10:34       IBH from_below ask  30642.50 |     18     18      0    0      0 |   -4160     34    14     2 |  33.25 -75.75  -51.0
 11:10:41       IBH from_above bid  30643.50 |     15     15      0    0      0 |   -4148     53    21    10 |  32.25 -76.75 -44.25
 11:10:48       IBH from_below ask  30642.75 |     12     12      0    0      0 |   -4156     24    22    11 |   33.0  -76.0 -40.75
 11:10:52       IBH from_below ask  30642.75 |     11     11      0    0      0 |   -4172    -18    23    11 |   33.0  -76.0  -46.5
 11:10:53       IBH from_above bid  30643.50 |     16     14      2    0      0 |   -4171    -17    23    13 |  32.25 -76.75  -46.0
 11:10:57       IBH from_above bid  30643.50 |      8      8      0    0      0 |   -4183    -31    25    20 |  32.25 -76.75  -39.0
 11:14:35       IBH from_above bid  30643.50 |     14     13      1    0      0 |   -4072      9     2    11 |    3.0 -79.75 -51.75
 11:14:35       IBH from_below ask  30643.00 |     12     12      0    0      0 |   -4082      0     4    15 |    3.5 -79.25 -51.25
 11:14:41       IBH from_below ask  30643.00 |      7      7      0    0      0 |   -4110     -2    12    17 |    3.5 -79.25  -49.5
 11:15:05      HVN2 from_above bid  30624.50 |     16      8      8    0      0 |   -4199   -102     0    10 |   22.0 -60.75  -47.0
 11:15:07      HVN2 from_above bid  30624.00 |      9      9      0    0      0 |   -4205    -96     5    26 |   22.5 -60.25  -49.0
 11:15:35      HVN2 from_above bid  30624.25 |      7      7      0    0      0 |   -4123    -53     9    50 |  22.25  -60.5  -56.5
 11:15:44      HVN2 from_below ask  30624.00 |      9      8      1    0      0 |   -4207    -95     8    23 |   22.5 -60.25 -51.75
 11:16:02       IBH from_below ask  30642.50 |      9      7      2    0      0 |   -4127     47     5     0 |    4.0 -78.75 -74.75
 11:16:02       IBH from_below ask  30642.50 |     10     10      0    0      0 |   -4133     41     9     8 |    4.0 -78.75 -74.75
 11:16:11       IBH from_above bid  30643.50 |     18     17      1    0      0 |   -4139     49    14    12 |    1.0 -97.25  -91.5
 11:16:11       IBH from_below ask  30642.50 |     16     16      0    0      0 |   -4143     44    16    20 |    2.0 -96.25  -91.5
 11:16:18       IBH from_below ask  30642.50 |      8      8      0    0      0 |   -4136    -23    24    24 |   1.75 -96.25  -89.5
 11:17:15      HVN2 from_above bid  30624.50 |     15     14      1    0      0 |   -4260   -124     0     3 |  11.75  -83.5  -74.5
 11:17:16      HVN2 from_above bid  30624.00 |      6      6      0    0      0 |   -4253   -118    10    13 |  12.25  -83.0  -75.0
 11:17:18      HVN2 from_below ask  30623.75 |      9      8      1    0      0 |   -4255   -121    21    19 |   12.5 -82.75 -71.75
 11:17:25      HVN2 from_above bid  30624.25 |     12     12      0    0      0 |   -4255    -83    30    40 |   12.0  -87.0  -83.5
 11:17:27      HVN2 from_above bid  30624.50 |     11     11      0    0      0 |   -4254    -85    34    44 |  11.75 -87.25  -84.0
 11:17:35      HVN2 from_below ask  30623.75 |     15     16      0    0      0 |   -4305   -125    40    45 |   12.5 -92.75 -78.75
 11:17:42      HVN2 from_above bid  30623.50 |      0      0      0    0      0 |   -4284   -103    41    49 |  12.75  -92.5  -84.0
 11:17:58   ONH/PMH from_above bid  30613.00 |     45     44      1    0      0 |   -4307    -94     0     3 |  23.25  -82.0 -69.25
 11:18:07      HVN2 from_below ask  30623.50 |      1      1      0    0      0 |   -4297    -38     5     4 |  12.75  -92.5 -73.75
 11:18:10      HVN2 from_above bid  30624.50 |     15     14      1    0      0 |   -4294    -43     7     4 |  11.75  -93.5  -77.0
 11:18:10      HVN2 from_above bid  30624.00 |      8      7      1    0      0 |   -4297    -46     9     7 |  12.25  -93.0  -80.0
 11:18:16      HVN2 from_above bid  30624.50 |     10      8      2    0      0 |   -4313    -58    22    28 |  11.75  -93.5 -83.25
 11:18:20      HVN2 from_below ask  30623.50 |     15     15      0    0      0 |   -4302    -44    40    35 |  12.75  -92.5  -85.0
 11:18:22      HVN2 from_above bid  30623.75 |      8      8      0    0      0 |   -4298    -39    45    39 |   12.5 -92.75 -83.75
 11:18:25      HVN2 from_above bid  30623.75 |      6      6      0    0      0 |   -4286    -31    47    41 |   12.5 -92.75  -80.0
 11:18:29      HVN2 from_below ask  30624.00 |      8      7      1    0      0 |   -4289      9    54    43 |  12.25 -93.25 -93.25
 11:18:50      HVN2 from_above bid  30624.50 |     17     15      2    0      0 |   -4290     10    18    13 |   7.75 -112.25 -108.0
 11:18:54      HVN2 from_below ask  30623.75 |     10     10      0    0      0 |   -4309    -12    16    29 |    8.5 -111.5 -109.0
 11:19:02   ONH/PMH from_above bid  30613.00 |     15     15      0    0      0 |   -4349    -61     0     4 |  19.25 -114.75 -103.75
 11:19:04       MHP from_above bid  30611.50 |     18     17      1    0      0 |   -4367    -72     1    14 |  20.75 -113.25 -102.25
 11:20:08       MHP from_below ask  30611.00 |      3      3      0    0      0 |   -4405     25     6     0 |  21.25 -112.75  -72.0
 11:20:08   ONH/PMH from_below ask  30612.00 |     14     13      1    0      0 |   -4403     27     5     0 |  20.25 -113.75  -73.0
 11:20:12      HVN2 from_below ask  30623.50 |     21     11     10    0      0 |   -4338     85    14     0 |   8.75 -125.25  -80.0
 11:20:12      HVN2 from_below ask  30624.00 |     13     13      0    0      0 |   -4344     83    25    11 |   8.25 -125.75  -83.5
 11:20:14      HVN2 from_below ask  30623.50 |      9      9      0    0      0 |   -4357     76    35    23 |   8.75 -125.25 -82.75
 11:20:15      HVN2 from_below ask  30623.75 |     10     10      0    0      0 |   -4355     96    40    26 |    8.5 -125.5 -84.25
 11:20:20      HVN2 from_above bid  30624.25 |     25     25      0    0      0 |   -4349    167    43    27 |    8.0 -126.0 -95.75
 11:20:21      HVN2 from_below ask  30623.75 |     11     11      0    0      0 |   -4366    149    50    51 |    8.5 -125.5 -90.75
 11:20:25      HVN2 from_above bid  30624.50 |     27     18      9    0      0 |   -4390    117    66    83 |   7.75 -126.25  -97.0
 11:20:26   ONH/PMH from_above bid  30613.00 |     17     17      0    0      0 |   -4453     54    16     8 |  19.25 -114.75  -85.0
 11:20:38      HVN2 from_below ask  30623.75 |      9      9      0    0      0 |   -4394     50    69    92 |    8.5 -125.5 -94.75
 11:20:38      HVN2 from_below ask  30623.75 |      9      7      2    0      0 |   -4406     38    71    93 |    8.5 -125.5 -94.75
 11:20:38      HVN2 from_below ask  30623.50 |     11     11      0    0      0 |   -4402     42    75    93 |   8.75 -125.25  -94.5
 11:20:40      HVN2 from_above bid  30624.50 |     17     17      0    0      0 |   -4343    125    85    96 |   7.75 -126.25  -94.0
 11:20:51      HVN2 from_above bid  30624.50 |     16     15      1    0      0 |   -4335    112    32    55 |   7.75 -126.25 -90.75
 11:20:51      HVN2 from_above bid  30624.50 |     11     11      0    0      0 |   -4337    110    29    55 |   7.75 -126.25  -91.5
 11:20:59      HVN2 from_above bid  30624.50 |     15     15      0    0      0 |   -4345     89    25    20 |   7.75 -126.25  -85.0
 11:21:12      HVN2 from_above bid  30624.50 |     21     21      0    0      0 |   -4322     31     8    24 |   7.75 -126.25  -70.5
 11:21:12      HVN2 from_above bid  30624.50 |     22     22      0    0      0 |   -4299     39    12    26 |   7.75 -126.25  -70.5
 11:21:13      HVN2 from_above bid  30624.50 |     16     16      0    0      0 |   -4309     39    12    38 |   7.75 -126.25 -67.25
 11:21:18      HVN2 from_above bid  30624.50 |     17     17      0    0      0 |   -4288     64    17    47 |   7.75 -126.25 -64.25
 11:21:29      HVN2 from_above bid  30624.50 |     17     17      0    0      0 |   -4220    203    16    45 |    4.5 -126.25  -57.5
 11:21:43      HVN2 from_below ask  30623.75 |      9      8      1    0      0 |   -4261     85    12    24 |   5.25 -125.5 -52.25
 11:21:45      HVN2 from_above bid  30624.50 |     12     12      0    0      0 |   -4247    102    17    15 |    4.5 -126.25 -52.25
 11:21:50      HVN2 from_above bid  30624.25 |     12     12      0    0      0 |   -4243     85    19    12 |   4.75 -126.0  -57.5
 11:21:51      HVN2 from_above bid  30623.50 |      5      5      0    0      0 |   -4242     89    21    15 |    5.5 -125.25 -56.75
 11:22:01   ONH/PMH from_above bid  30612.50 |     11     11      0    0      0 |   -4302     45     1     2 |   16.5 -114.25 -58.75
 11:22:01   ONH/PMH from_above bid  30613.00 |     19     16      3    0      0 |   -4301     46     2     5 |   16.0 -114.75  -59.0
 11:22:03   ONH/PMH from_above bid  30613.00 |     14     13      1    0      0 |   -4305     43     2     7 |   16.0 -114.75 -56.25
 11:22:07       MHP from_above bid  30611.00 |      3      3      0    0      0 |   -4320     19     1     0 |   18.0 -112.75 -53.75
 11:22:07   ONH/PMH from_below ask  30612.25 |     11     10      1    0      0 |   -4322     16    10    29 |  16.75 -114.0  -56.0
 11:22:22       MHP from_below ask  30611.25 |     13     12      1    0      0 |   -4350    -65    24    40 |  17.75 -113.0  -45.0
 11:22:22   ONH/PMH from_below ask  30612.00 |     23     16      7    0      0 |   -4342    -57    21    46 |   17.0 -113.75 -45.75
 11:22:23   ONH/PMH from_below ask  30612.00 |      9      9      0    0      0 |   -4345   -132    22    47 |   17.0 -113.75  -44.0
 11:22:24       MHP from_above bid  30611.50 |     15     14      1    0      0 |   -4341   -127    38    50 |   17.5 -113.25  -43.5
 11:22:32   ONH/PMH from_above bid  30612.25 |      6      6      0    0      0 |   -4331    -81    40    59 |  16.75 -114.0 -43.75
 11:22:32       MHP from_above bid  30611.50 |      7      7      0    0      0 |   -4333    -79    40    54 |   17.5 -113.25 -42.25
 11:23:07  QQQ Open from_above bid  30595.00 |     12     12      0    0      0 |   -4436   -113     0     2 |   34.0 -96.75 -38.25
 11:23:12  QQQ Open from_above bid  30594.75 |     29     24      5    0      0 |   -4534   -179    13    50 |  34.25  -96.5  -48.5
 11:23:12  QQQ Open from_below ask  30595.00 |     19     18      1    0      0 |   -4614   -258    14    50 |   34.0 -96.75 -46.25
 11:23:12  QQQ Open from_below ask  30594.00 |     35     35      0    0      0 |   -4626   -270    16    53 |   35.0 -95.75  -46.0
 11:23:24  QQQ Open from_below ask  30595.00 |      8      7      1    0      0 |   -4674   -333    20    53 |   34.0 -96.75 -52.25
 11:23:26  QQQ Open from_below ask  30594.75 |      4      4      0    0      0 |   -4677   -332    27    54 |  34.25  -96.5 -52.25
 11:23:26  QQQ Open from_above bid  30595.00 |      8      7      1    0      0 |   -4662   -317    28    57 |   34.0 -96.75  -52.5
 11:23:26  QQQ Open from_above bid  30595.00 |     11     11      0    0      0 |   -4666   -321    29    60 |   34.0 -96.75  -52.5
 11:23:29  QQQ Open from_above bid  30595.00 |     27     26      1    0      0 |   -4659   -350    31    61 |   34.0 -96.75 -52.75
 11:23:38  QQQ Open from_below ask  30594.25 |      3      3      0    0      0 |   -4672   -309    24    62 |  34.75  -96.0  -62.0
 11:23:38  QQQ Open from_above bid  30594.75 |     10      9      1    0      0 |   -4674   -315    26    64 |  34.25  -96.5  -61.5
 11:23:47       MHP from_below ask  30610.75 |     13     12      1    0      0 |   -4621   -247     5     0 |  18.25 -112.5  -64.5
 11:23:47   ONH/PMH from_below ask  30612.00 |     13     13      0    0      0 |   -4608   -236     5     0 |   17.0 -113.75  -65.5
 11:23:56       MHP from_below ask  30610.75 |     18     18      0    0      0 |   -4628   -192    44    21 |  18.25 -112.5 -64.75
 11:24:06       MHP from_below ask  30610.75 |     28     23      5    0      0 |   -4639   -226    53    21 |  18.25 -112.5  -69.0
 11:24:06   ONH/PMH from_below ask  30612.00 |     13     13      0    0      0 |   -4640   -210    10     8 |   17.0 -113.75  -69.0
 11:24:10   ONH/PMH from_above bid  30612.50 |     10      8      2    0      0 |   -4622   -169    21    14 |   16.5 -114.25 -79.75
 11:24:10   ONH/PMH from_above bid  30612.50 |      2      3      0    0      0 |   -4618   -166    23    14 |   16.5 -114.25  -81.0
 11:24:11       MHP from_above bid  30611.50 |     21     17      4    0      0 |   -4623   -171    59    32 |   17.5 -113.25  -80.0
 11:24:16   ONH/PMH from_above bid  30612.25 |      8      8      0    0      0 |   -4608     64    29    26 |  16.75 -114.0  -74.5
 11:24:16       MHP from_above bid  30611.25 |     14     13      1    1      0 |   -4612     62    59    35 |  17.75 -113.0  -73.5
          iceberg oid=6878432428141 cumFilled=0 maxDisplayed=2 stillResting=2
 11:24:36  QQQ Open from_above bid  30595.00 |      9      9      0    0      0 |   -4674      3     0     3 |   34.0 -96.75 -52.75
 11:24:37  QQQ Open from_below ask  30594.25 |     10      9      1    0      0 |   -4680     -3     7    18 |  34.75  -96.0  -53.5
 11:24:49  QQQ Open from_above bid  30595.00 |      8      8      0    0      0 |   -4667    -55    12    23 |   34.0 -96.75  -51.0
 11:24:55  QQQ Open from_below ask  30594.00 |     12     11      1    0      0 |   -4674    -43    29    30 |   35.0 -95.75 -57.75
 11:24:55  QQQ Open from_below ask  30595.00 |      3      3      0    0      0 |   -4695    -65    33    42 |   34.0 -96.75 -59.25
 11:24:56  QQQ Open from_below ask  30594.25 |     18     18      0    0      0 |   -4695    -65    35    46 |  34.75  -96.0  -57.5
 11:24:59  QQQ Open from_below ask  30594.75 |     12     11      1    0      0 |   -4706    -51    37    46 |  34.25  -96.5  -57.5
 11:25:03  QQQ Open from_above bid  30594.25 |      9      9      0    0      0 |   -4711    -61    40    53 |  34.75  -96.0 -63.75
 11:25:03  QQQ Open from_below ask  30594.25 |     17     16      1    0      0 |   -4714    -64    41    54 |  34.75  -96.0 -63.75
 11:25:14  QQQ Open from_above bid  30595.00 |      0      0      0    0      0 |   -4716   -106    47    37 |   34.0 -96.75  -76.5
 11:25:14  QQQ Open from_above bid  30594.75 |      0      0      0    0      0 |   -4728   -118    47    49 |  34.25  -96.5 -76.25
 11:25:21  QQQ Open from_below ask  30594.00 |      6      6      0    0      0 |   -4718    -98    44    41 |   35.0 -95.75  -81.0
 11:25:23  QQQ Open from_below ask  30594.25 |     12     12      0    0      0 |   -4715    -73    42    42 |  34.75  -96.0 -81.25
 11:25:27  QQQ Open from_above bid  30595.00 |      9      9      0    0      0 |   -4719    -65    37    30 |   34.0 -96.75  -85.0
 11:25:31  QQQ Open from_below ask  30594.00 |     17     16      1    0      0 |   -4719    -64    35    31 |   35.0 -95.75  -86.0
 11:25:32  QQQ Open from_below ask  30594.25 |     16     15      1    0      0 |   -4727    -70    37    30 |  34.75  -96.0 -78.75
 11:26:05       MHP from_below ask  30611.00 |      9      9      0    0      0 |   -4665     50     4     0 |   18.0 -112.75 -96.25
 11:26:18  QQQ Open from_above bid  30595.00 |     15     14      1    0      0 |   -4733     -7     0     1 |   34.0 -96.75 -79.25
 11:26:55       MHP from_below ask  30610.75 |     22     16      6    0      0 |   -4693    -17     5     0 |  18.25 -112.5 -103.75
 11:26:58       MHP from_below ask  30611.50 |      6      4      2    0      0 |   -4694    -16    21     2 |   17.5 -113.25 -103.25
 11:26:58   ONH/PMH from_below ask  30612.25 |     12     12      0    0      0 |   -4693    -15     6     0 |  16.75 -114.0 -104.0
 11:26:59       MHP from_above bid  30611.50 |     18     17      1    0      0 |   -4694    -17    22     8 |   17.5 -113.25 -103.25
 11:27:00   ONH/PMH from_below ask  30612.00 |     17     17      0    0      0 |   -4695    -13    16     9 |   17.0 -113.75 -101.25
 11:27:03       MHP from_below ask  30611.25 |      9      8      1    0      0 |   -4701    -26    33    16 |  17.75 -113.0 -104.25
 11:27:03   ONH/PMH from_below ask  30612.25 |     12     11      1    0      0 |   -4701    -32    17     9 |  16.75 -114.0 -106.0
 11:27:04   ONH/PMH from_above bid  30613.00 |     15     15      0    0      0 |   -4703    -34    21    17 |   16.0 -114.75 -107.25
 11:27:05   ONH/PMH from_above bid  30612.75 |      4      4      0    0      0 |   -4686    -17    22    18 |  16.25 -114.5 -106.0
 11:27:06   ONH/PMH from_above bid  30612.25 |      7      7      0    0      0 |   -4686     -9    22    19 |  16.75 -114.0 -106.75
 11:27:06       MHP from_above bid  30611.50 |     14     13      1    0      0 |   -4689    -13    35    26 |   17.5 -113.25 -105.0
 11:27:12       MHP from_below ask  30611.25 |      8      7      1    0      0 |   -4701    -13    40    33 |  17.75 -113.0 -109.75
 11:27:12   ONH/PMH from_below ask  30612.00 |     22     21      1    0      0 |   -4699    -10    25    22 |   17.0 -113.75 -110.5
 11:27:18   ONH/PMH from_above bid  30612.25 |      8      8      0    0      0 |   -4684     45    28    23 |  16.75 -116.0 -112.25
 11:27:18   ONH/PMH from_above bid  30612.50 |      8      8      0    0      0 |   -4687     42    28    24 |   16.5 -116.25 -112.5
 11:27:18   ONH/PMH from_above bid  30612.50 |     10      9      1    0      0 |   -4685     47    29    26 |   16.5 -116.25 -112.5
 11:27:20       MHP from_above bid  30611.50 |     15     15      0    0      0 |   -4687     47    44    38 |   17.5 -115.25 -100.75
 11:27:23   ONH/PMH from_above bid  30613.00 |     21     20      1    0      0 |   -4697     44    38    41 |   16.0 -116.75  -96.0
 11:27:30   ONH/PMH from_above bid  30613.00 |     11     11      0    0      0 |   -4697     37    25    40 |   16.0 -116.75  -94.5
 11:27:33      HVN2 from_below ask  30623.50 |     21     20      1    0      0 |   -4658     91     4     0 |    5.5 -127.25 -100.5
 11:27:36      HVN2 from_below ask  30623.75 |     12     12      0    0      0 |   -4647    102    31    14 |   5.25 -127.5  -96.0
 11:27:37      HVN2 from_above bid  30623.75 |     19     19      0    0      0 |   -4658     91    37    24 |   5.25 -127.5 -95.75
 11:27:37      HVN2 from_above bid  30624.50 |     28     20      8    0      0 |   -4674     75    37    35 |    4.5 -128.25  -96.5
 11:27:39      HVN2 from_above bid  30624.00 |      7      6      1    0      0 |   -4679     62    40    42 |    5.0 -127.75 -102.75
 11:27:40      HVN2 from_above bid  30624.25 |      9      9      0    0      0 |   -4679     59    40    45 |   4.75 -128.0 -101.5
 11:27:48      HVN2 from_above bid  30624.50 |      8      8      0    0      0 |   -4678     47    50    57 |    4.5 -128.25  -95.5
 11:27:59      HVN2 from_above bid  30624.00 |      7      7      0    0      0 |   -4689      8    59    66 |    2.0 -127.75  -89.0
 11:28:02      HVN2 from_below ask  30623.50 |     13     13      0    0      0 |   -4683     19    70    71 |   1.75 -127.25  -84.5
 11:28:07      HVN2 from_below ask  30623.75 |     13     12      1    0      0 |   -4676     16    42    51 |    0.0 -127.5 -81.75
 11:28:21   ONH/PMH from_above bid  30612.75 |      7      6      1    0      0 |   -4722    -37     0     4 |   3.75 -116.5  -80.5
 11:28:21       MHP from_above bid  30611.50 |     18     15      3    0      0 |   -4727    -42     0     3 |    5.0 -115.25 -79.25
 11:28:22   ONH/PMH from_above bid  30613.00 |     15     15      0    0      0 |   -4724    -40     3    11 |    3.5 -116.75 -80.75
 11:28:25   ONH/PMH from_above bid  30612.25 |      8      8      0    0      0 |   -4730    -29     3    12 |   4.25 -116.0  -73.5
 11:28:25       MHP from_above bid  30611.50 |     16     16      0    0      0 |   -4731    -30     0     4 |    5.0 -115.25  -72.5
 11:28:27   ONH/PMH from_above bid  30613.00 |     15     15      0    0      0 |   -4730    -41    10    23 |    3.5 -116.75  -76.0
 11:28:28   ONH/PMH from_above bid  30613.00 |     12     12      0    0      0 |   -4730    -41    11    25 |    3.5 -116.75  -76.0
 11:28:29       MHP from_above bid  30611.25 |     15     15      0    0      0 |   -4736    -47     3    10 |   5.25 -115.0 -74.25
 11:28:49  QQQ Open from_above bid  30595.00 |      5      4      1    0      0 |   -4811   -127     0     6 |   21.5 -98.75 -68.25
 11:28:51  QQQ Open from_above bid  30595.00 |      3      2      1    0      0 |   -4795   -102     2     9 |   21.5 -98.75  -68.5
 11:28:55  QQQ Open from_below ask  30594.00 |     15     15      0    0      0 |   -4806   -113     8     9 |   22.5 -97.75 -63.75
 11:28:59  QQQ Open from_above bid  30594.75 |     10     10      0    0      0 |   -4798   -113    13    17 |  21.75  -98.5  -61.5
 11:29:02  QQQ Open from_above bid  30594.25 |     10      9      1    0      0 |   -4791   -113    15    22 |  22.25  -98.0  -52.5
 11:30:03  QQQ Open from_below ask  30594.00 |     17     16      1    0      0 |   -4825    -31     1     0 |   22.5 -97.75 -42.25
 11:30:04  QQQ Open from_below ask  30594.25 |     13     13      0    0      0 |   -4820    -26     7     1 |  22.25  -98.0 -40.75
 11:30:06  QQQ Open from_below ask  30594.25 |      8      7      1    0      0 |   -4801      4    12     1 |  22.25  -98.0 -39.75
 11:30:07  QQQ Open from_below ask  30594.50 |      6      5      1    0      0 |   -4799     12    23     2 |   22.0 -98.25 -39.75
 11:30:37  QQQ Open from_below ask  30594.75 |     15     14      1    0      0 |   -4889    -13    17     9 |  21.75  -98.5  -25.0
 11:30:51  QQQ Open from_above bid  30594.00 |      5      4      1    0      0 |   -4930     -3    14     5 |   22.5 -97.75 -18.25
 11:31:05       MHP from_below ask  30610.75 |     12     12      0    0      0 |   -4907    -94     3     0 |   5.75 -114.5  -33.0
 11:31:05   ONH/PMH from_below ask  30612.00 |      3      3      0    0      0 |   -4902    -98     3     0 |    4.5 -115.75 -35.25
 11:31:08   ONH/PMH from_above bid  30612.00 |      9      8      1    0      0 |   -4897   -100    16     3 |    4.5 -115.75 -35.25
 11:31:08       MHP from_above bid  30610.75 |      3      3      0    0      0 |   -4902   -105    19    15 |   5.75 -114.5  -34.0
 11:31:09   ONH/PMH from_below ask  30612.50 |      2      3      0    0      0 |   -4903   -106    20     8 |    4.0 -116.25 -37.75
 11:31:09   ONH/PMH from_below ask  30612.50 |     29     29      0    0      0 |   -4913   -117    23    10 |    4.0 -116.25 -37.75
 11:31:10   ONH/PMH from_below ask  30612.75 |     12     11      1    0      0 |   -4914   -118    26    11 |   3.75 -116.5  -38.0
 11:31:14   ONH/PMH from_above bid  30613.00 |      8      7      1    0      0 |   -4911    -93    31    19 |    3.5 -116.75 -34.75
 11:31:14       MHP from_above bid  30611.25 |     10      9      1    0      0 |   -4913    -94    33    41 |   5.25 -115.0  -33.0
 11:31:15   ONH/PMH from_below ask  30612.25 |      6      6      0    0      0 |   -4903    -84    33    20 |   4.25 -116.0 -34.25
 11:31:15       MHP from_above bid  30611.50 |     12     11      1    0      0 |   -4901    -82    43    43 |    5.0 -115.25 -34.75
 11:31:18       MHP from_below ask  30611.00 |      4      4      0    0      0 |   -4909    -81    44    50 |    5.5 -114.75 -27.75
 11:31:27       MHP from_below ask  30611.00 |     10     10      0    0      0 |   -4910    -48    45    52 |    5.5 -114.75 -25.75
 11:31:27   ONH/PMH from_above bid  30613.00 |      8      8      0    0      0 |   -4900    -34    45    21 |    3.5 -116.75 -27.75
 11:31:30   ONH/PMH from_above bid  30613.00 |     13     12      1    0      0 |   -4894    -21    50    31 |   0.75 -116.75 -29.25
 11:31:30       MHP from_above bid  30611.25 |     11     11      0    0      0 |   -4894     -9    53    53 |    0.0 -115.0  -29.5
 11:31:56  QQQ Open from_above bid  30594.75 |      1      1      0    0      0 |   -4909     43     0     2 |  12.25  -98.5 -16.25
 11:31:59  QQQ Open from_above bid  30594.50 |     11     11      0    0      0 |   -4918     10     4    16 |   12.5 -98.25  -17.5
 11:32:01  QQQ Open from_below ask  30594.00 |     12     12      0    0      0 |   -4925    -15     5    16 |   13.0 -97.75 -16.75
 11:32:05  QQQ Open from_below ask  30594.00 |     10     10      0    0      0 |   -4923    -10    10    26 |   13.0 -97.75  -14.5
 11:33:10  QQQ Open from_below ask  30594.25 |      9      7      2    0      0 |   -4957      2     2     0 |  15.25  -98.0   14.0
 11:34:11  QQQ Open from_below ask  30594.00 |     10     10      0    0      0 |   -4770    194     4     0 |   31.0 -97.75   15.5
 11:34:12  QQQ Open from_above bid  30595.00 |     14     13      1    0      0 |   -4766    202     8     4 |   30.0 -98.75   12.5
 11:34:33  QQQ Open from_above bid  30595.00 |     12     12      0    0      0 |   -4791    236    13     6 |   30.0 -98.75  12.75
 11:34:42  QQQ Open from_below ask  30594.00 |     14     14      0    0      0 |   -4816    243    23    16 |   31.0 -97.75   12.0
 11:36:29       PDH from_above bid  30545.25 |     14     13      1    1      0 |   -4994   -128     0     2 |   91.0  -49.0  90.25
          iceberg oid=6878428111136 cumFilled=0 maxDisplayed=3 stillResting=3
 11:36:29       PDH from_below ask  30544.50 |      6      6      0    0      0 |   -5017   -162     2    11 |  91.75 -48.25   91.0
 11:36:30       PDH from_above bid  30545.25 |     13     13      0    0      0 |   -5019   -162     7    14 |   92.0  -49.0   92.0
 11:36:37       PDH from_above bid  30544.75 |     16     15      1    0      0 |   -5008   -131     9    16 |   92.5  -48.5   90.0
 11:36:42       PDH from_above bid  30545.25 |     20     19      1    0      0 |   -4997   -138    15    28 |   92.0  -49.0   90.0
 11:36:44       PDH from_below ask  30544.25 |     13     13      0    0      0 |   -4995   -139    22    33 |   93.0  -48.0   88.0
 11:36:48       PDH from_above bid  30545.25 |     13     13      0    0      0 |   -4992   -129    31    40 |   92.0  -49.0  82.25
 11:37:09       PDH from_above bid  30545.00 |     13     13      0    0      0 |   -5007     17    21    24 |  92.25 -48.75  87.25
 11:37:11       PDH from_above bid  30545.00 |     14     13      1    0      0 |   -4995      6    22    30 |  92.25 -48.75  88.25
 11:37:14       PDH from_above bid  30545.00 |     15     15      0    0      0 |   -4994      9    19    28 |  93.25 -48.75  91.75
 11:37:14       PDH from_above bid  30544.25 |      2      2      0    0      0 |   -4995      5    19    30 |   94.0  -48.0   92.5
 11:37:15       PDH from_below ask  30544.75 |     11     11      0    0      0 |   -5000      0    18    32 |   93.5  -48.5   90.5
 11:37:22       PDH from_above bid  30544.50 |      0      0      0    0      0 |   -4999    -11    12    24 |  93.75 -48.25  88.25
 11:37:22       PDH from_below ask  30544.25 |     13     13      0    0      0 |   -4990     -2    18    24 |   94.0  -48.0  88.75
 11:37:35       PDH from_below ask  30544.25 |     27     27      0    0      0 |   -5047    -33    24    34 |   94.0  -48.0  86.25
 11:37:35       PDH from_below ask  30545.00 |      7      6      1    0      0 |   -5050    -36    27    34 |  93.25 -48.75   86.0
 11:37:36       PDH from_above bid  30545.25 |     19     18      1    0      0 |   -4971     32    33    35 |   93.0  -49.0   85.5
 11:37:40       PDH from_above bid  30545.25 |     11     11      0    0      0 |   -4971     18    46    38 |   93.0  -49.0  80.75
 11:37:43       PDH from_below ask  30544.25 |     19     19      0    0      0 |   -4972     25    54    46 |   94.0  -48.0   83.0
 11:37:47       PDH from_below ask  30544.25 |     17     16      1    0      0 |   -4967     24    61    45 |   94.0  -48.0   89.5
 11:37:48       PDH from_above bid  30545.00 |     14     14      0    0      0 |   -4961     32    63    47 |  93.25 -48.75  87.75
 11:37:49       PDH from_above bid  30545.25 |     14     14      0    0      0 |   -4968     19    66    58 |   93.0  -49.0   87.5
 11:37:53       PDH from_above bid  30545.25 |     17     10      7    0      0 |   -4981     -7    64    65 |   93.0  -49.0   86.5
 11:37:53       PDH from_below ask  30544.25 |      7      7      0    0      0 |   -5003    -30    64    65 |   94.0  -48.0   87.5
 11:37:53       PDH from_below ask  30544.25 |     11     11      0    0      0 |   -4994    -21    68    68 |   94.0  -48.0  88.25
 11:37:55       PDH from_above bid  30544.25 |      6      5      1    0      0 |   -4990    -11    73    71 |   94.0  -48.0  89.25
 11:37:56       PDH from_below ask  30545.00 |      4      4      0    0      0 |   -4993     -8    79    73 |  93.25 -48.75   89.0
 11:38:10       PDH from_above bid  30545.25 |     25     19      6    0      0 |   -4958     46    64    72 |  98.75  -49.0  98.25
 11:38:12       PDH from_above bid  30545.25 |     16     16      0    0      0 |   -4963     27    63    76 | 104.75  -49.0  99.75
 11:38:25       PDH from_below ask  30544.50 |     13     12      1    0      0 |   -4972     48    30    32 | 106.75 -48.25 102.25
 11:38:25       PDH from_below ask  30544.50 |     20     11      9    0      0 |   -4935    140    53    31 | 106.75 -48.25 101.75
 11:38:26       PDH from_above bid  30545.25 |     14     13      1    0      0 |   -4930    143    52    32 |  106.0  -49.0 101.25
 11:38:32    LVN_dn from_above bid  30527.75 |      8      7      1    0      0 |   -4989     83     1     7 |  123.5  -31.5 116.75
 11:38:33    LVN_dn from_above bid  30527.75 |     14     12      2    0      0 |   -4997     75     1    19 |  123.5  -31.5  117.0
 11:38:34       VAH from_above bid  30522.00 |      9      8      1    0      0 |   -5025     42     1     5 | 129.25 -25.75 122.75
 11:38:38       VAH from_below ask  30521.50 |      8      8      0    0      0 |   -5022    -54    12    23 | 129.75 -25.25  123.5
 11:38:38    LVN_dn from_below ask  30526.75 |     20     19      1    0      0 |   -5025    -60    14    33 |  124.5  -30.5 117.75
 11:38:39    LVN_dn from_below ask  30526.75 |     35     28      7    0      0 |   -5058    -93    33    46 |  124.5  -30.5  118.5
 11:38:40       VAH from_above bid  30522.50 |      8      8      0    0      0 |   -5054    -89    20    24 | 128.75 -26.25  120.5
 11:38:42       VAH from_below ask  30521.50 |      9      7      2    0      0 |   -5061    -85    34    37 | 129.75 -25.25  120.0
 11:38:57     EM+1s from_above bid  30508.75 |      2      2      0    0      0 |   -5148   -157     1     4 | 143.25  -12.5 138.25
 11:38:58     EM+1s from_below ask  30508.25 |     25     24      1    0      0 |   -5200   -209    10    20 | 143.75  -12.0  138.5
 11:39:01     EM+1s from_below ask  30508.50 |     13     11      2    0      0 |   -5229   -271    13    20 |  143.5 -12.25  136.0
 11:39:06     EM+1s from_below ask  30508.25 |     23     23      0    0      0 |   -5204   -250    36    37 | 143.75  -12.0  130.0
 11:39:06     EM+1s from_above bid  30508.75 |      0      0      0    0      0 |   -5204   -250    36    37 | 143.25  -12.5  129.5
 11:39:06     EM+1s from_above bid  30508.50 |      0      0      0    0      0 |   -5204   -250    36    37 |  143.5 -12.25 129.75
 11:39:06     EM+1s from_above bid  30508.25 |      0      0      0    0      0 |   -5204   -250    36    37 | 143.75  -12.0  130.0
 11:39:06     EM+1s from_below ask  30509.00 |     23     23      0    0      0 |   -5225   -271    36    41 |  143.0 -12.75 129.25
 11:39:06     EM+1s from_below ask  30508.25 |     20     19      1    0      0 |   -5224   -270    37    41 | 143.75  -12.0  130.0
 11:39:10     EM+1s from_above bid  30509.00 |     24     14     10    0      0 |   -5258   -297    39    62 |  143.0 -12.75  130.5
 11:39:10     EM+1s from_below ask  30508.25 |      0      0      0    0      0 |   -5252   -291    51    69 | 143.75  -12.0  136.0
 11:39:23       VAH from_below ask  30521.50 |     16     15      1    0      0 |   -5158   -185     2     0 |  130.5 -25.25 117.75
 11:39:26    LVN_dn from_below ask  30527.00 |     15     14      1    0      0 |   -5128   -201     4     3 |  125.0 -30.75  111.0
 11:39:49       PDH from_below ask  30544.25 |     17      7     10    0      0 |   -5098    -16    11     0 | 107.75  -48.0   99.0
 11:39:55       PDH from_below ask  30544.25 |      9      9      0    0      0 |   -5069     75    14     0 | 107.75  -48.0   94.5
 11:40:02       PDH from_below ask  30544.25 |     23     22      1    0      0 |   -5045    174    65    27 | 107.75  -48.0 103.75
 11:40:03       PDH from_above bid  30545.25 |     16     15      1    0      0 |   -5037    182    81    35 | 106.75  -49.0 102.75
 11:40:09       PDH from_below ask  30544.50 |     10     10      0    0      0 |   -5031    192    82    40 | 116.25 -48.25  110.5
 11:40:10       PDH from_below ask  30544.25 |     12     12      0    0      0 |   -5026    215    93    49 |  116.5  -48.0  112.0
 11:40:20    LVN_dn from_above bid  30527.75 |     16     13      3    0      0 |   -5078    105     0    11 | 135.25  -31.5 134.75
 11:40:25    LVN_dn from_above bid  30527.50 |      8      8      0    0      0 |   -5058     76     0    12 | 135.75 -31.25 133.75
 11:40:27       VAH from_above bid  30522.50 |      9      7      2    0      0 |   -5084     28     0     8 | 140.75 -26.25 128.25
 11:40:28       VAH from_below ask  30521.50 |     12     11      1    0      0 |   -5112      0     9    31 | 141.75 -25.25  132.0
 11:40:30       VAH from_below ask  30521.50 |     10      9      1    0      0 |   -5108     -4    12    32 | 141.75 -25.25  132.0
 11:40:32       VAH from_below ask  30521.50 |     22     22      0    0      0 |   -5109    -22    17    35 | 141.75 -25.25  132.5
 11:40:34    LVN_dn from_below ask  30527.00 |      8      8      0    0      0 |   -5097    -12     9    19 | 136.25 -30.75  128.0
 11:41:06       PDH from_below ask  30545.00 |      9      6      3    0      0 |   -5033      3     4     0 | 121.25 -48.75 106.75
 11:41:07       PDH from_below ask  30544.25 |     18     18      0    0      0 |   -5021     14    12     1 |  122.0  -48.0  107.0
 11:41:07       PDH from_above bid  30545.25 |     13     12      1    0      0 |   -5011     24    13     2 |  121.0  -49.0 105.75
 11:41:08       PDH from_below ask  30544.25 |      0      0      0    0      0 |   -4971     64    18    11 |  122.0  -48.0 106.75
 11:41:08       PDH from_above bid  30545.25 |     13     13      0    0      0 |   -4971     64    18    11 |  121.0  -49.0 105.75
 11:43:22       PDH from_above bid  30545.25 |     14     13      1    0      0 |   -5088   -126     1     6 |  121.0  -49.0   94.5
 11:43:22       PDH from_below ask  30544.25 |     17     17      0    0      0 |   -5105   -143     3    23 |  122.0  -48.0   94.5
 11:43:23       PDH from_above bid  30545.25 |     17     16      1    0      0 |   -5106   -144     3    24 |  121.0  -49.0   93.5
 11:43:24       PDH from_below ask  30544.25 |      9      9      0    0      0 |   -5123   -158     9    36 |  122.0  -48.0  95.25
 11:43:27       PDH from_below ask  30544.50 |      8      7      1    0      0 |   -5116   -139    37    44 | 121.75 -48.25  93.25
 11:43:47       PDH from_below ask  30544.25 |      8      7      1    0      0 |   -5072    -63    47    46 |  122.0  -48.0   88.0
 11:43:49       PDH from_above bid  30545.25 |     11     10      1    0      0 |   -5056    -43    53    51 |  121.0  -49.0   89.5
 11:43:49       PDH from_above bid  30545.00 |      9      9      0    0      0 |   -5061    -46    54    57 | 121.25 -48.75  89.75
 11:43:51       PDH from_below ask  30544.50 |     15     15      0    0      0 |   -5063    -24    59    58 | 121.75 -48.25   92.0
 11:43:56       PDH from_above bid  30545.25 |     12     12      0    0      0 |   -5064    -10    41    36 |  121.0  -49.0   91.5
 11:44:38       PDH from_below ask  30544.75 |     10      9      1    0      0 |   -5084     28     1     0 |  121.5  -48.5   92.5
 11:44:41       PDH from_above bid  30544.75 |     11     10      1    0      0 |   -5020     94     5     4 |  121.5  -48.5  93.75
 11:44:42       PDH from_above bid  30544.50 |      8      7      1    0      0 |   -5017     95     5     5 | 121.75 -48.25  90.75
 11:44:49       PDH from_below ask  30545.00 |      5      5      0    0      0 |   -5006     47    11    11 | 121.25 -48.75   95.0
 11:44:51       PDH from_below ask  30544.50 |     11     11      0    0      0 |   -5008     56    12    11 | 121.75 -48.25   94.5
 11:45:04    LVN_dn from_above bid  30527.50 |     13     13      0    0      0 |   -5068      6     0     2 | 138.75 -31.25 105.25
 11:45:04    LVN_dn from_above bid  30527.25 |      0      0      0    0      0 |   -5056     14    22    15 |  139.0  -31.0 106.25
 11:45:05    LVN_dn from_below ask  30527.50 |      2      2      0    0      0 |   -5072     -2    23    22 | 138.75 -31.25 105.75
 11:45:07       VAH from_above bid  30522.00 |      9      8      1    0      0 |   -5094    -25     0    10 | 144.25 -25.75 113.75
 11:45:07       VAH from_below ask  30521.75 |     11     11      0    0      0 |   -5115    -46     0    17 |  144.5  -25.5  114.0
 11:45:08       VAH from_below ask  30521.50 |     15     15      0    0      0 |   -5124    -55    10    31 | 144.75 -25.25  114.0
 11:45:08       VAH from_below ask  30522.00 |      9      8      1    0      0 |   -5125    -66    14    35 | 144.25 -25.75  113.5
 11:45:11       VAH from_below ask  30521.75 |      8      7      1    0      0 |   -5114    -36    21    39 |  144.5  -25.5  112.5
 11:45:25     EM+1s from_above bid  30509.00 |     30     19     11    0      0 |   -5168    -82     0    10 | 157.25 -12.75  134.0
 11:45:29     EM+1s from_below ask  30508.25 |     15     15      0    0      0 |   -5158    -68    10    22 |  158.0  -12.0  136.5
 11:45:32     EM+1s from_above bid  30509.00 |     18     18      0    0      0 |   -5113    -30    22    28 | 157.25 -12.75  134.0
 11:45:32       VAH from_below ask  30521.75 |      9      6      3    0      0 |   -5109    -18    34    46 |  144.5  -25.5 121.25
 11:45:32       VAH from_below ask  30521.50 |     22     21      1    0      0 |   -5108    -18    41    47 | 144.75 -25.25  121.5
 11:45:44       VAH from_below ask  30521.75 |      5      5      0    0      0 |   -5110    -92    25     9 |  144.5  -25.5  134.5
 11:45:44       VAH from_below ask  30521.75 |      8      8      0    0      0 |   -5111    -93    25    10 |  144.5  -25.5  134.5
 11:45:44       VAH from_below ask  30522.25 |      2      1      1    0      0 |   -5115    -97    30    12 |  144.0  -26.0  134.0
 11:45:46       VAH from_below ask  30522.50 |      1      1      0    0      0 |   -5114   -102    36    19 | 143.75 -26.25 132.25
 11:45:50       VAH from_below ask  30522.25 |     10      9      1    0      0 |   -5134   -124    37    28 |  144.0  -26.0  131.0
 11:45:55       VAH from_above bid  30521.75 |      9      8      1    0      0 |   -5119    -71    63    49 |  144.5  -25.5 136.25
 11:45:57       VAH from_above bid  30522.50 |     16     14      2    0      0 |   -5121    -74    65    54 | 143.75 -26.25 136.75
 11:45:59       VAH from_below ask  30521.50 |      8      8      0    0      0 |   -5121    -82    67    62 | 144.75 -25.25  135.5
 11:46:02       VAH from_below ask  30521.75 |     11      9      2    0      0 |   -5113    -55    68    64 |  144.5  -25.5 135.25
 11:46:03    LVN_dn from_below ask  30527.00 |     10      8      2    0      0 |   -5109    -51     5     0 | 139.25 -30.75  130.0
 11:46:03       VAH from_above bid  30522.50 |     12     12      0    0      0 |   -5109    -51    54    59 | 143.75 -26.25  134.5
 11:46:11     EM+1s from_above bid  30508.75 |     21     20      1    0      0 |   -5152    -38     0     3 |  157.5  -12.5  153.0
 11:46:15     EM+1s from_above bid  30509.00 |     17     13      4    0      0 |   -5180    -60     1    35 | 158.25 -12.75 156.75
 11:46:23     EM+1s from_above bid  30509.00 |      3      3      0    0      0 |   -5184    -32     2    35 |  166.0 -12.75 161.75
 11:46:29     EM+1s from_above bid  30509.00 |     11     10      1    0      0 |   -5195    -38    18    73 |  166.0 -12.75 159.25
 11:46:41     EM+1s from_above bid  30509.00 |     11     11      0    0      0 |   -5179    -61    36    60 |  166.0 -12.75 158.75
 11:46:44     EM+1s from_above bid  30509.00 |      5      5      0    0      0 |   -5192    -73    39    79 |  166.0 -12.75  160.5
 11:46:45     EM+1s from_below ask  30508.50 |     13     12      1    0      0 |   -5198    -82    44    74 |  166.5 -12.25  163.5
 11:46:47     EM+1s from_above bid  30508.50 |      8      7      1    0      0 |   -5191    -54    48    78 |  166.5 -12.25 160.75
 11:46:49     EM+1s from_above bid  30508.25 |      0      0      0    0      0 |   -5182    -36    54    85 | 166.75  -12.0 159.75
 11:46:53     EM+1s from_above bid  30509.00 |     15     14      1    0      0 |   -5184    -65    56    93 |  166.0 -12.75 153.25
 11:46:54     EM+1s from_below ask  30508.50 |     19     18      1    0      0 |   -5186    -64    53    74 |  166.5 -12.25 154.75
 11:46:55     EM+1s from_below ask  30508.50 |     11     11      0    0      0 |   -5187    -70    45    62 |  166.5 -12.25 153.75
 11:46:59     EM+1s from_below ask  30508.50 |     11     11      0    0      0 |   -5194    -73    60    68 |  166.5 -12.25 155.75
 11:47:06     EM+1s from_below ask  30508.25 |     15     15      0    0      0 |   -5186    -55    44    59 | 166.75  -12.0 146.75
 11:47:19     EM+1s from_below ask  30509.00 |      0      0      0    0      0 |   -5233    -78    34    31 |  166.0  -7.25 145.25
 11:47:19     EM+1s from_below ask  30508.75 |      0      0      0    0      0 |   -5233    -78    34    31 | 166.25   -7.0  145.5
 11:47:19     EM+1s from_below ask  30508.50 |      0      0      0    0      0 |   -5233    -78    34    31 |  166.5  -6.75 145.75
 11:47:32       VAH from_below ask  30521.50 |     21     21      0    0      0 |   -5183      9     9     0 |  153.5   -1.5  124.5
 11:47:32       VAH from_below ask  30522.50 |      5      5      0    0      0 |   -5185      9    11     3 |  152.5   -2.5 124.25
 11:47:33    LVN_dn from_below ask  30526.75 |     14     11      3    0      0 |   -5167     27     4     0 | 148.25  -6.75  119.0
 11:47:34       VAH from_above bid  30522.25 |     17     17      0    0      0 |   -5173     18    19     7 | 152.75  -2.25  123.5
 11:47:35    LVN_dn from_below ask  30526.75 |     18     18      0    0      0 |   -5173      5     8     0 | 148.25  -6.75  123.0
 11:47:38       VAH from_above bid  30522.50 |     22     20      2    0      0 |   -5182     -9    19    18 |  152.5   -2.5  134.5
 11:47:40       VAH from_above bid  30522.25 |      9      9      0    0      0 |   -5184    -17    27    30 | 152.75  -2.25  129.5
 11:47:42       VAH from_above bid  30522.50 |     15     13      2    0      0 |   -5185     -1    29    36 |  152.5   -2.5  134.5
 11:47:45       VAH from_above bid  30522.50 |     20     20      0    0      0 |   -5191      9    31    44 |  152.5   -1.5 135.75
 11:47:46    LVN_dn from_below ask  30526.75 |     16     16      0    0      0 |   -5188     10    23    14 | 148.25  -4.25  131.5
 11:47:49    LVN_dn from_above bid  30527.75 |      9      9      0    0      0 |   -5148     34    29    15 | 147.25  -5.25  131.5
 11:48:18    LVN_dn from_above bid  30527.75 |     19     19      0    0      0 |   -5139    115     0     6 | 147.25  -5.25  133.0
 11:48:38    LVN_dn from_above bid  30527.25 |     11     10      1    0      0 |   -5162     10     2     7 | 147.75  -4.75  134.5
 11:48:39    LVN_dn from_above bid  30527.50 |     11     10      1    0      0 |   -5164     16     6    14 |  147.5   -5.0  131.5
 11:48:43    LVN_dn from_below ask  30527.25 |     10      9      1    0      0 |   -5176     11     8    17 | 147.75  -4.75 131.75
 11:48:45       VAH from_above bid  30522.50 |     18     17      1    0      0 |   -5191      6     0     1 |  152.5    0.0 135.25
 11:48:49    LVN_dn from_below ask  30526.75 |     15     15      0    0      0 |   -5186    -39     9    12 | 148.25   -1.0  120.5
 11:48:49    LVN_dn from_above bid  30527.25 |      9      9      0    0      0 |   -5182    -34    13    15 | 147.75   -1.5  120.0
 11:48:56    LVN_dn from_above bid  30527.50 |      7      7      0    0      0 |   -5179    -74    24    23 |  147.5    0.0  120.0
 11:49:04       PDH from_below ask  30544.25 |     11     10      1    0      0 |   -5080      4     2     0 | 130.75  -5.25  99.25
 11:49:06       PDH from_below ask  30544.25 |      9      8      1    0      0 |   -5086      4     3     0 | 130.75  -5.25 101.25
 11:49:09       PDH from_below ask  30545.00 |      2      1      1    0      0 |   -5082     10     6     2 |  130.0  -1.75  100.0
 11:49:21       PDH from_above bid  30545.00 |     12     12      0    0      0 |   -5090     55    16    19 |  130.0  -1.75  100.5
 11:49:42       PDH from_above bid  30545.00 |     12     11      1    0      0 |   -5049    122     4    11 |  130.0  -1.75   98.0
 11:52:17  QQQ Open from_below ask  30594.00 |     18     15      3    0      0 |   -4872     47     3     0 |   81.0   -4.5   53.0
 11:52:22  QQQ Open from_below ask  30594.50 |      9      9      0    0      0 |   -4859     -1    12     2 |   80.5  -3.75  52.75
 11:52:22  QQQ Open from_below ask  30594.00 |     17     16      1    0      0 |   -4862     -3    22     6 |   81.0   -3.0   55.5
 11:52:24  QQQ Open from_below ask  30594.75 |      6      5      1    0      0 |   -4873    -14    31     6 |  80.25   -2.0   53.0
 11:52:30  QQQ Open from_above bid  30595.00 |      8      8      0    0      0 |   -4864     23    57    42 |   80.0  -1.75  51.25
 11:52:31  QQQ Open from_above bid  30594.25 |      5      5      0    0      0 |   -4864     27    57    43 |  80.75   -1.0   52.0
 11:53:15       MHP from_below ask  30610.75 |     20     19      1    1      0 |   -4851     63     8     1 |  64.25 -13.25  42.75
          iceberg oid=6878439399875 cumFilled=0 maxDisplayed=2 stillResting=2
 11:53:15   ONH/PMH from_below ask  30612.00 |     22     19      3    0      0 |   -4840     66     6     0 |   63.0  -14.5   41.5
 11:53:34      HVN2 from_below ask  30623.50 |     14     13      1    1      0 |   -4827     39     6     0 |   51.5  -26.0   31.0
          iceberg oid=6878436503924 cumFilled=0 maxDisplayed=2 stillResting=2
 11:53:47      HVN2 from_below ask  30624.00 |     12     11      1    1      0 |   -4832     23    11     0 |   51.0  -26.5   34.5
          iceberg oid=6878436503924 cumFilled=0 maxDisplayed=2 stillResting=1
 11:54:00   ONH/PMH from_above bid  30613.00 |     15     18      0    0      0 |   -4864      6     2     4 |   62.0  -15.5  42.75
 11:54:00       MHP from_above bid  30611.50 |     21     20      1    0      0 |   -4869      1     0     4 |   63.5  -14.0  43.25
 11:54:01   ONH/PMH from_below ask  30612.75 |      7      7      0    0      0 |   -4871     17    10    17 |  62.25 -15.25  43.25
 11:54:17       MHP from_below ask  30610.75 |     39     39      0    0      0 |   -4936   -127    22    41 |  64.25 -13.25  42.75
 11:54:17   ONH/PMH from_below ask  30612.00 |     14     14      0    0      0 |   -4918   -110    31    24 |   63.0  -14.5   41.5
 11:54:21   ONH/PMH from_above bid  30612.75 |     14     14      0    0      0 |   -4917   -110    40    35 |  62.25 -15.25  39.75
 11:54:24       MHP from_above bid  30611.25 |     16     16      0    0      0 |   -4923   -110    45    53 |  63.75 -13.75  41.25
 11:55:03       MHP from_below ask  30610.75 |     19     12      7    0      0 |   -4914     -6    11     2 |  64.25  -2.25  43.75
 11:55:04   ONH/PMH from_below ask  30612.75 |     22     23      0    0      0 |   -4916     -8     3     1 |  62.25  -0.75  41.75
 11:55:11   ONH/PMH from_above bid  30613.00 |     19     19      0    0      0 |   -4912     21    35    28 |   62.0  -0.75  31.75
 11:55:13   ONH/PMH from_above bid  30613.00 |     13     14      0    0      0 |   -4917     19    35    30 |   62.0  -0.75   31.5
 11:55:15   ONH/PMH from_above bid  30613.00 |     14     15      0    0      0 |   -4912     28    35    36 |   62.0  -0.75   24.5
 11:55:17   ONH/PMH from_above bid  30612.75 |     20     20      0    0      0 |   -4916     22    39    37 |  62.25    0.0  24.75
 11:55:23      HVN2 from_below ask  30623.50 |     27     21      6    0      0 |   -4870     47    12     0 |   51.5   -4.0   14.0
 11:55:28      HVN2 from_below ask  30623.75 |     10     10      0    0      0 |   -4872     69    29    11 |  51.25  -4.25  13.25
 11:55:31      HVN2 from_above bid  30624.50 |     12     11      1    0      0 |   -4866     78    40    21 |   50.5   -5.0  15.75
 11:55:32      HVN2 from_above bid  30624.00 |      7      8      0    0      0 |   -4875     67    41    25 |   51.0   -4.5   14.0
 11:55:36      HVN2 from_above bid  30624.50 |     17     16      1    0      0 |   -4888     51    46    44 |   50.5   -5.0   15.5
 11:55:41      HVN2 from_above bid  30624.25 |     17     16      1    0      0 |   -4891     61    47    45 |  50.75  -4.75  15.75
 11:55:43      HVN2 from_below ask  30623.75 |     17     16      1    0      0 |   -4915     44    51    49 |  51.25  -4.25  15.25
 11:55:47      HVN2 from_above bid  30624.50 |     20     21      0    0      0 |   -4916     45    55    53 |   50.5   -5.0  11.25
 11:55:49      HVN2 from_above bid  30624.25 |     16     15      1    0      0 |   -4915     44    55    57 |  50.75  -4.75  13.75
 11:55:54      HVN2 from_above bid  30624.25 |     18     18      0    0      0 |   -4913     47    40    52 |  50.75  -4.75   16.5
 11:56:01      HVN2 from_above bid  30624.25 |     16     19      0    0      0 |   -4909     51    26    46 |  50.75  -4.75  13.25
 11:56:07      HVN2 from_above bid  30624.00 |     10     10      0    0      0 |   -4883     23    32    32 |   51.0   -4.5   9.75
 11:56:14      HVN2 from_below ask  30623.50 |     18     17      1    0      0 |   -4924    -12    43    33 |   51.5   -2.5   14.5
 11:56:16      HVN2 from_below ask  30623.50 |     21     22      0    0      0 |   -4923    -15    44    33 |   51.5   -1.5   21.5
 11:56:20      HVN2 from_above bid  30624.50 |     22     23      0    0      0 |   -4920     -6    40    40 |   50.5   -2.5   15.5
 11:56:59      HVN2 from_below ask  30624.00 |      7      8      0    0      0 |   -4913     -8     0     5 |   51.0  -1.25    8.0
 11:57:39      HVN2 from_above bid  30624.50 |     14     14      0    0      0 |   -4887    -18     0     6 |   50.5  -0.25  18.75
 11:58:05       IBH from_below ask  30642.50 |     11     13      0    0      0 |   -4807    112    10     2 |   32.5 -13.75   5.25
 11:58:09       IBH from_below ask  30642.50 |     22     21      1    0      0 |   -4810     89    18    20 |   32.5 -13.75    4.0
 11:58:10       IBH from_above bid  30643.50 |     10     13      0    0      0 |   -4766    134    43    41 |   31.5 -14.75   5.75
 11:58:31       IBH from_above bid  30643.50 |     12     11      1    0      0 |   -4721    161    64    48 |   31.5 -14.75   -2.0
 11:58:34       IBH from_above bid  30643.25 |     10     10      0    0      0 |   -4694    178    79    58 |  31.75  -14.5   -1.5
 11:58:35       IBH from_below ask  30643.00 |      8      9      0    0      0 |   -4705    168    72    63 |   32.0 -14.25   -1.0
 11:58:39       IBH from_above bid  30643.50 |     25     26      0    0      0 |   -4711    165    72    63 |   31.5 -14.75   -2.0
 11:58:41       IBH from_below ask  30642.50 |     21     17      4    0      0 |   -4691    188    45    46 |   32.5 -13.75    0.0
 11:58:41       IBH from_below ask  30642.50 |     20     19      1    0      0 |   -4688    191    47    46 |   32.5 -13.75    0.0
 11:59:01       IBH from_above bid  30643.25 |     16     17      0    0      0 |   -4664    221    54    60 |  31.75  -14.5   1.25
 11:59:10       IBH from_below ask  30642.50 |     24     14     10    0      0 |   -4662    143    51    29 |   32.5 -13.75   -3.0
 11:59:14       IBH from_below ask  30643.00 |      6      6      0    0      0 |   -4657     65    45    13 |   32.0 -14.25  -2.75
 11:59:15       IBH from_below ask  30642.50 |     33     32      1    0      0 |   -4672     50    45    29 |   32.5 -13.75   -2.5
 11:59:19       IBH from_below ask  30642.75 |      7      7      0    0      0 |   -4662     10    69    44 |  32.25  -14.0   -4.5
 11:59:36       IBH from_below ask  30642.50 |     23     20      3    0      0 |   -4700      1    73    46 |   32.5 -13.75  -5.75
 11:59:46       IBH from_above bid  30643.25 |     10      7      3    0      0 |   -4699     -7    54    41 |  31.75  -14.5   6.25
 11:59:55       IBH from_below ask  30642.50 |     17     17      0    0      0 |   -4712    -75    56    54 |   32.5 -13.75    8.5
